station,valid,tmpf,dwpf,relh,drct,sknt,p01i,alti,mslp,vsby,gust,skyc1,skyc2,skyc3,skyc4,skyl1,skyl2,skyl3,skyl4,wxcodes,ice_accretion_1hr,ice_accretion_3hr,ice_accretion_6hr,peak_wind_gust,peak_wind_drct,peak_wind_time,feel,metar,snowdepth
EGLL,2026-02-25 00:20,50.00,48.20,93.50,190.00,5.00,0.00,29.97,M,6.21,M,FEW,M,M,M,1000.00,M,M,M,M,M,M,M,M,M,M,50.00,COR EGLL 250020Z AUTO 19005KT 9999 FEW010 10/09 Q1015 TEMPO BKN010,M
EGLL,2026-02-25 00:50,50.00,48.20,93.50,160.00,5.00,0.00,29.97,M,6.21,M,BKN,M,M,M,900.00,M,M,M,M,M,M,M,M,M,M,50.00,COR EGLL 250050Z AUTO 16005KT 9999 BKN009 10/09 Q1015 NOSIG,M
EGLL,2026-02-25 01:20,50.00,48.20,93.50,160.00,5.00,0.00,29.97,M,6.21,M,OVC,M,M,M,900.00,M,M,M,M,M,M,M,M,M,M,50.00,COR EGLL 250120Z AUTO 16005KT 9999 OVC009 10/09 Q1015 NOSIG,M
EGLL,2026-02-25 01:50,50.00,48.20,93.50,160.00,5.00,0.00,29.97,M,6.21,M,OVC,M,M,M,900.00,M,M,M,M,M,M,M,M,M,M,50.00,COR EGLL 250150Z AUTO 16005KT 9999 OVC009 10/09 Q1015 NOSIG,M
EGLL,2026-02-25 02:20,50.00,48.20,93.50,150.00,4.00,0.00,29.97,M,6.21,M,OVC,M,M,M,900.00,M,M,M,M,M,M,M,M,M,M,50.00,COR EGLL 250220Z AUTO 15004KT 9999 OVC009 10/09 Q1015 NOSIG,M
EGLL,2026-02-25 02:50,48.20,46.40,93.45,150.00,4.00,0.00,29.94,M,6.21,M,BKN,M,M,M,900.00,M,M,M,M,M,M,M,M,M,M,46.34,COR EGLL 250250Z AUTO 15004KT 9999 BKN009 09/08 Q1014 NOSIG,M
EGLL,2026-02-25 03:20,48.20,46.40,93.45,160.00,6.00,0.00,29.94,M,6.21,M,BKN,M,M,M,1000.00,M,M,M,M,M,M,M,M,M,M,45.04,COR EGLL 250320Z AUTO 16006KT 9999 BKN010 09/08 Q1014 TEMPO BKN009,M
EGLL,2026-02-25 03:50,48.20,46.40,93.45,150.00,6.00,0.00,29.94,M,6.21,M,FEW,M,M,M,1000.00,M,M,M,M,M,M,M,M,M,M,45.04,COR EGLL 250350Z AUTO 15006KT 9999 FEW010 09/08 Q1014 TEMPO BKN010,M
EGLL,2026-02-25 04:20,46.40,46.40,100.00,150.00,6.00,0.00,29.94,M,5.59,M,NCD,M,M,M,M,M,M,M,M,M,M,M,M,M,M,42.87,COR EGLL 250420Z AUTO 15006KT 9000 NCD 08/08 Q1014 TEMPO BKN009,M
EGLL,2026-02-25 04:50,48.20,46.40,93.45,140.00,6.00,0.00,29.94,M,5.59,M,NCD,M,M,M,M,M,M,M,M,M,M,M,M,M,M,45.04,COR EGLL 250450Z AUTO 14006KT 9000 NCD 09/08 Q1014 TEMPO BKN009,M
EGLL,2026-02-25 05:20,46.40,46.40,100.00,170.00,3.00,0.00,29.94,M,4.97,M,NCD,M,M,M,M,M,M,M,M,M,M,M,M,M,M,45.15,COR EGLL 250520Z AUTO 17003KT 8000 NCD 08/08 Q1014 TEMPO 4000 BR,M
EGLL,2026-02-25 05:50,46.40,44.60,93.40,M,2.00,0.00,29.94,M,4.97,M,NSC,M,M,M,M,M,M,M,M,M,M,M,M,M,M,46.40,COR EGLL 250550Z VRB02KT 8000 NSC 08/07 Q1014 TEMPO 5000 BR BKN005,M
EGLL,2026-02-25 06:20,46.40,44.60,93.40,140.00,5.00,0.00,29.94,M,6.21,15.00,M,M,M,M,M,M,M,M,M,M,M,M,M,M,M,43.50,COR EGLL 250620Z 14005G15KT 060V180 CAVOK 08/07 Q1014 TEMPO BKN008,M
EGLL,2026-02-25 06:50,46.40,46.40,100.00,150.00,5.00,0.00,29.97,M,5.59,M,NCD,M,M,M,M,M,M,M,M,M,M,M,M,M,M,43.50,COR EGLL 250650Z AUTO 15005KT 060V220 9000 NCD 08/08 Q1015 TEMPO SCT008 BKN010,M
EGLL,2026-02-25 07:20,44.60,44.60,100.00,150.00,4.00,0.00,29.97,M,4.97,M,FEW,M,M,M,600.00,M,M,M,M,M,M,M,M,M,M,42.13,COR EGLL 250720Z 15004KT 120V190 8000 R27L/0700D FEW006 07/07 Q1015 TEMPO 3000 BR,M
EGLL,2026-02-25 07:50,46.40,44.60,93.40,130.00,4.00,0.00,29.97,M,3.73,M,SCT,M,M,M,400.00,M,M,M,M,M,M,M,M,M,M,44.24,COR EGLL 250750Z AUTO 13004KT 100V200 6000 SCT004 08/07 Q1015 TEMPO 3000 BR BKN004,M
EGLL,2026-02-25 08:20,48.20,48.20,100.00,150.00,3.00,0.00,29.97,M,4.35,M,SCT,M,M,M,500.00,M,M,M,M,M,M,M,M,M,M,47.21,COR EGLL 250820Z AUTO 15003KT 110V200 7000 SCT005 09/09 Q1015 TEMPO 3000 BR BKN005,M
EGLL,2026-02-25 08:50,50.00,48.20,93.50,M,3.00,0.00,29.97,M,6.21,M,NCD,M,M,M,M,M,M,M,M,M,M,M,M,M,M,50.00,COR EGLL 250850Z AUTO VRB03KT 9999 NCD 10/09 Q1015 TEMPO 4000 BR,M
EGLL,2026-02-25 09:20,51.80,50.00,93.55,220.00,3.00,0.00,29.97,M,6.21,M,SCT,M,M,M,700.00,M,M,M,M,M,M,M,M,M,M,51.80,COR EGLL 250920Z AUTO 22003KT 130V300 9999 SCT007 11/10 Q1015 TEMPO BKN007,M
EGLL,2026-02-25 09:50,51.80,50.00,93.55,220.00,4.00,0.00,29.97,M,6.21,M,BKN,M,M,M,700.00,M,M,M,M,M,M,M,M,M,M,51.80,COR EGLL 250950Z AUTO 22004KT 190V260 9999 BKN007 11/10 Q1015 BECMG FEW007,M
EGLL,2026-02-25 10:20,53.60,50.00,87.56,210.00,5.00,0.00,29.97,M,6.21,M,FEW,M,M,M,900.00,M,M,M,M,M,M,M,M,M,M,53.60,COR EGLL 251020Z AUTO 21005KT 170V240 9999 FEW009 12/10 Q1015 NOSIG,M
EGLL,2026-02-25 10:50,57.20,50.00,76.83,210.00,7.00,0.00,29.97,M,6.21,M,NCD,M,M,M,M,M,M,M,M,M,M,M,M,M,M,57.20,COR EGLL 251050Z AUTO 21007KT 140V250 9999 NCD 14/10 Q1015 NOSIG,M
EGLL,2026-02-25 11:20,57.20,51.80,82.13,200.00,10.00,0.00,30.00,M,6.21,M,NCD,M,M,M,M,M,M,M,M,M,M,M,M,M,M,57.20,COR EGLL 251120Z AUTO 20010KT 170V250 9999 NCD 14/11 Q1016 NOSIG,M
EGLL,2026-02-25 11:50,57.20,51.80,82.13,190.00,10.00,0.00,29.97,M,6.21,M,NCD,M,M,M,M,M,M,M,M,M,M,M,M,M,M,57.20,COR EGLL 251150Z AUTO 19010KT 9999 NCD 14/11 Q1015 NOSIG,M
EGLL,2026-02-25 12:20,59.00,51.80,76.99,190.00,11.00,0.00,29.97,M,6.21,M,NCD,M,M,M,M,M,M,M,M,M,M,M,M,M,M,59.00,COR EGLL 251220Z AUTO 19011KT 9999 NCD 15/11 Q1015 NOSIG,M
EGLL,2026-02-25 12:50,59.00,50.00,72.02,200.00,9.00,0.00,29.97,M,6.21,M,NCD,M,M,M,M,M,M,M,M,M,M,M,M,M,M,59.00,COR EGLL 251250Z AUTO 20009KT 9999 NCD 15/10 Q1015 NOSIG,M
EGLL,2026-02-25 13:20,60.80,50.00,67.55,180.00,10.00,0.00,29.97,M,6.21,M,NCD,M,M,M,M,M,M,M,M,M,M,M,M,M,M,60.80,COR EGLL 251320Z AUTO 18010KT 9999 NCD 16/10 Q1015 NOSIG,M
EGLL,2026-02-25 13:50,60.80,50.00,67.55,200.00,8.00,0.00,29.97,M,6.21,M,NCD,M,M,M,M,M,M,M,M,M,M,M,M,M,M,60.80,COR EGLL 251350Z AUTO 20008KT 170V250 9999 NCD 16/10 Q1015 NOSIG,M
EGLL,2026-02-25 14:20,62.60,50.00,63.39,180.00,9.00,0.00,29.97,M,6.21,M,NCD,M,M,M,M,M,M,M,M,M,M,M,M,M,M,62.60,COR EGLL 251420Z AUTO 18009KT 160V220 9999 NCD 17/10 Q1015 NOSIG,M
EGLL,2026-02-25 14:50,62.60,50.00,63.39,200.00,9.00,0.00,29.97,M,6.21,M,NCD,M,M,M,M,M,M,M,-RA,M,M,M,M,M,M,62.60,COR EGLL 251450Z AUTO 20009KT 170V240 9999 NCD 17/10 Q1015 NOSIG,M
EGLL,2026-02-25 15:20,62.60,50.00,63.39,190.00,9.00,0.00,29.97,M,6.21,M,NCD,M,M,M,M,M,M,M,M,M,M,M,M,M,M,62.60,COR EGLL 251520Z AUTO 19009KT 160V240 9999 NCD 17/10 Q1015 NOSIG,M
EGLL,2026-02-25 15:50,62.60,48.20,59.27,190.00,10.00,0.00,29.97,M,6.21,M,NCD,M,M,M,M,M,M,M,M,M,M,M,M,M,M,62.60,COR EGLL 251550Z AUTO 19010KT 140V240 9999 NCD 17/09 Q1015 NOSIG,M
EGLL,2026-02-25 16:20,62.60,46.40,55.39,210.00,10.00,0.00,29.97,M,6.21,M,NCD,M,M,M,M,M,M,M,M,M,M,M,M,M,M,62.60,COR EGLL 251620Z AUTO 21010KT 180V260 9999 NCD 17/08 Q1015 NOSIG,M
EGLL,2026-02-25 16:50,62.60,44.60,51.73,240.00,11.00,0.00,29.97,M,6.21,M,NCD,M,M,M,M,M,M,M,M,M,M,M,M,M,M,62.60,COR EGLL 251650Z AUTO 24011KT 9999 NCD 17/07 Q1015 NOSIG,M
EGLL,2026-02-25 17:20,60.80,46.40,59.02,220.00,9.00,0.00,29.97,M,6.21,M,NCD,M,M,M,M,M,M,M,M,M,M,M,M,M,M,60.80,COR EGLL 251720Z AUTO 22009KT 200V260 9999 NCD 16/08 Q1015 NOSIG,M
EGLL,2026-02-25 17:50,59.00,46.40,62.93,230.00,8.00,0.00,30.00,M,6.21,M,NCD,M,M,M,M,M,M,M,M,M,M,M,M,M,M,59.00,COR EGLL 251750Z AUTO 23008KT 9999 NCD 15/08 Q1016 NOSIG,M
EGLL,2026-02-25 18:20,57.20,46.40,67.13,220.00,7.00,0.00,30.00,M,6.21,M,NCD,M,M,M,M,M,M,M,M,M,M,M,M,M,M,57.20,COR EGLL 251820Z AUTO 22007KT 180V250 9999 NCD 14/08 Q1016 NOSIG,M
EGLL,2026-02-25 18:50,55.40,46.40,71.65,210.00,7.00,0.00,30.00,M,6.21,M,NCD,M,M,M,M,M,M,M,M,M,M,M,M,M,M,55.40,COR EGLL 251850Z AUTO 21007KT 170V240 9999 NCD 13/08 Q1016 NOSIG,M
EGLL,2026-02-25 19:20,55.40,46.40,71.65,200.00,8.00,0.00,30.00,M,6.21,M,NCD,M,M,M,M,M,M,M,M,M,M,M,M,M,M,55.40,COR EGLL 251920Z AUTO 20008KT 160V250 9999 NCD 13/08 Q1016 NOSIG,M
EGLL,2026-02-25 19:50,53.60,46.40,76.51,200.00,7.00,0.00,30.03,M,6.21,M,NCD,M,M,M,M,M,M,M,M,M,M,M,M,M,M,53.60,COR EGLL 251950Z AUTO 20007KT 160V250 9999 NCD 12/08 Q1017 NOSIG,M
EGLL,2026-02-25 20:20,53.60,46.40,76.51,220.00,9.00,0.00,30.03,M,6.21,M,NCD,M,M,M,M,M,M,M,M,M,M,M,M,M,M,53.60,COR EGLL 252020Z AUTO 22009KT 180V250 9999 NCD 12/08 Q1017 NOSIG,M
EGLL,2026-02-25 20:50,53.60,46.40,76.51,210.00,9.00,0.00,30.03,M,6.21,M,NCD,M,M,M,M,M,M,M,M,M,M,M,M,M,M,53.60,COR EGLL 252050Z AUTO 21009KT 180V250 9999 NCD 12/08 Q1017 NOSIG,M
EGLL,2026-02-25 21:20,51.80,46.40,81.74,220.00,8.00,0.00,30.03,M,6.21,M,NCD,M,M,M,M,M,M,M,M,M,M,M,M,M,M,51.80,COR EGLL 252120Z AUTO 22008KT 9999 NCD 11/08 Q1017 NOSIG,M
EGLL,2026-02-25 21:50,51.80,46.40,81.74,210.00,9.00,0.00,30.03,M,6.21,M,NCD,M,M,M,M,M,M,M,M,M,M,M,M,M,M,51.80,COR EGLL 252150Z AUTO 21009KT 9999 NCD 11/08 Q1017 NOSIG,M
EGLL,2026-02-25 22:20,51.80,46.40,81.74,220.00,9.00,0.00,30.03,M,6.21,M,NCD,M,M,M,M,M,M,M,M,M,M,M,M,M,M,51.80,COR EGLL 252220Z AUTO 22009KT 180V250 9999 NCD 11/08 Q1017 NOSIG,M
EGLL,2026-02-25 22:50,51.80,46.40,81.74,220.00,6.00,0.00,30.03,M,6.21,M,NCD,M,M,M,M,M,M,M,M,M,M,M,M,M,M,51.80,COR EGLL 252250Z AUTO 22006KT 9999 NCD 11/08 Q1017 NOSIG,M
EGLL,2026-02-25 23:20,50.00,46.40,87.37,220.00,6.00,0.00,30.03,M,6.21,M,NCD,M,M,M,M,M,M,M,M,M,M,M,M,M,M,50.00,COR EGLL 252320Z AUTO 22006KT 9999 NCD 10/08 Q1017 NOSIG,M
EGLL,2026-02-25 23:50,50.00,46.40,87.37,250.00,7.00,0.00,30.03,M,6.21,M,NCD,M,M,M,M,M,M,M,M,M,M,M,M,M,M,50.00,COR EGLL 252350Z AUTO 25007KT 9999 NCD 10/08 Q1017 NOSIG,M
EGLL,2026-02-26 00:20,50.00,46.40,87.37,210.00,5.00,0.00,30.03,M,6.21,M,FEW,M,M,M,1500.00,M,M,M,M,M,M,M,M,M,M,50.00,COR EGLL 260020Z AUTO 21005KT 9999 FEW015 10/08 Q1017 NOSIG,M
EGLL,2026-02-26 00:50,50.00,46.40,87.37,210.00,5.00,0.00,30.03,M,6.21,M,NCD,M,M,M,M,M,M,M,M,M,M,M,M,M,M,50.00,COR EGLL 260050Z AUTO 21005KT 9999 NCD 10/08 Q1017 NOSIG,M
EGLL,2026-02-26 01:20,50.00,46.40,87.37,230.00,5.00,0.00,30.06,M,6.21,M,SCT,M,M,M,1100.00,M,M,M,M,M,M,M,M,M,M,50.00,COR EGLL 260120Z AUTO 23005KT 9999 SCT011 10/08 Q1018 TEMPO BKN011,M
EGLL,2026-02-26 01:50,50.00,46.40,87.37,230.00,6.00,0.00,30.06,M,6.21,M,OVC,M,M,M,1100.00,M,M,M,M,M,M,M,M,M,M,50.00,COR EGLL 260150Z AUTO 23006KT 9999 OVC011 10/08 Q1018 NOSIG,M
EGLL,2026-02-26 02:20,50.00,48.20,93.50,230.00,8.00,0.00,30.06,M,6.21,M,BKN,BKN,M,M,1200.00,1700.00,M,M,M,M,M,M,M,M,M,50.00,COR EGLL 260220Z AUTO 23008KT 9999 BKN012 BKN017 10/09 Q1018 NOSIG,M
EGLL,2026-02-26 02:50,50.00,48.20,93.50,220.00,10.00,0.00,30.03,M,6.21,M,BKN,M,M,M,1600.00,M,M,M,M,M,M,M,M,M,M,50.00,COR EGLL 260250Z AUTO 22010KT 9999 BKN016 10/09 Q1017 NOSIG,M
EGLL,2026-02-26 03:20,50.00,48.20,93.50,210.00,8.00,0.00,30.03,M,6.21,M,OVC,M,M,M,1700.00,M,M,M,M,M,M,M,M,M,M,50.00,COR EGLL 260320Z AUTO 21008KT 9999 OVC017 10/09 Q1017 NOSIG,M
EGLL,2026-02-26 03:50,50.00,48.20,93.50,190.00,9.00,0.00,30.03,M,6.21,M,OVC,M,M,M,2100.00,M,M,M,M,M,M,M,M,M,M,50.00,COR EGLL 260350Z AUTO 19009KT 9999 OVC021 10/09 Q1017 NOSIG,M
EGLL,2026-02-26 04:20,50.00,46.40,87.37,210.00,7.00,0.00,30.03,M,6.21,M,FEW,BKN,M,M,1500.00,2500.00,M,M,M,M,M,M,M,M,M,50.00,COR EGLL 260420Z AUTO 21007KT 9999 FEW015 BKN025 10/08 Q1017 NOSIG,M
EGLL,2026-02-26 04:50,51.80,48.20,87.47,210.00,7.00,0.00,30.03,M,6.21,M,FEW,OVC,M,M,1400.00,2500.00,M,M,M,M,M,M,M,M,M,51.80,COR EGLL 260450Z AUTO 21007KT 9999 FEW014/// OVC025/// 11/09 Q1017 NOSIG,M
EGLL,2026-02-26 05:20,50.00,46.40,87.37,210.00,7.00,0.00,30.03,M,6.21,M,NCD,M,M,M,M,M,M,M,M,M,M,M,M,M,M,50.00,COR EGLL 260520Z AUTO 21007KT 9999 NCD 10/08 Q1017 NOSIG,M
EGLL,2026-02-26 05:50,51.80,48.20,87.47,210.00,7.00,0.00,30.03,M,6.21,M,BKN,M,M,M,2300.00,M,M,M,M,M,M,M,M,M,M,51.80,COR EGLL 260550Z AUTO 21007KT 9999 BKN023 11/09 Q1017 NOSIG,M
EGLL,2026-02-26 06:20,51.80,48.20,87.47,210.00,8.00,0.00,30.03,M,6.21,18.00,BKN,OVC,M,M,1900.00,2300.00,M,M,M,M,M,M,M,M,M,51.80,COR EGLL 260620Z AUTO 21008G18KT 170V270 9999 BKN019 OVC023 11/09 Q1017 NOSIG,M
EGLL,2026-02-26 06:50,51.80,46.40,81.74,210.00,8.00,0.00,30.03,M,6.21,M,OVC,M,M,M,2000.00,M,M,M,M,M,M,M,M,M,M,51.80,COR EGLL 260650Z AUTO 21008KT 180V250 9999 OVC020 11/08 Q1017 NOSIG,M
EGLL,2026-02-26 07:20,51.80,46.40,81.74,210.00,9.00,0.00,30.03,M,6.21,M,OVC,M,M,M,1800.00,M,M,M,M,M,M,M,M,M,M,51.80,COR EGLL 260720Z AUTO 21009KT 9999 OVC018 11/08 Q1017 NOSIG,M
EGLL,2026-02-26 07:50,51.80,46.40,81.74,210.00,10.00,0.00,30.03,M,6.21,M,BKN,OVC,M,M,1900.00,2300.00,M,M,M,M,M,M,M,M,M,51.80,COR EGLL 260750Z AUTO 21010KT 9999 BKN019 OVC023 11/08 Q1017 NOSIG,M
EGLL,2026-02-26 08:20,53.60,46.40,76.51,210.00,13.00,0.00,30.03,M,6.21,M,BKN,OVC,M,M,1700.00,2100.00,M,M,M,M,M,M,M,M,M,53.60,COR EGLL 260820Z AUTO 21013KT 9999 BKN017 OVC021 12/08 Q1017 NOSIG,M
EGLL,2026-02-26 08:50,53.60,46.40,76.51,220.00,14.00,0.00,30.03,M,6.21,M,OVC,M,M,M,1700.00,M,M,M,M,M,M,M,M,M,M,53.60,COR EGLL 260850Z AUTO 22014KT 9999 OVC017 12/08 Q1017 NOSIG,M
EGLL,2026-02-26 09:20,53.60,46.40,76.51,230.00,17.00,0.00,30.06,M,6.21,M,OVC,M,M,M,1800.00,M,M,M,M,M,M,M,M,M,M,53.60,COR EGLL 260920Z AUTO 23017KT 9999 OVC018 12/08 Q1018 NOSIG,M
EGLL,2026-02-26 09:50,53.60,46.40,76.51,220.00,19.00,0.00,30.03,M,6.21,M,OVC,M,M,M,1800.00,M,M,M,M,M,M,M,M,M,M,53.60,COR EGLL 260950Z AUTO 22019KT 9999 OVC018 12/08 Q1017 NOSIG,M
EGLL,2026-02-26 10:20,53.60,46.40,76.51,220.00,17.00,0.00,30.03,M,6.21,27.00,BKN,OVC,M,M,1800.00,2300.00,M,M,M,M,M,M,M,M,M,53.60,COR EGLL 261020Z AUTO 22017G27KT 9999 BKN018 OVC023 12/08 Q1017 NOSIG,M
EGLL,2026-02-26 10:50,53.60,46.40,76.51,230.00,17.00,0.00,30.03,M,6.21,M,BKN,OVC,M,M,1800.00,2300.00,M,M,M,M,M,M,M,M,M,53.60,COR EGLL 261050Z AUTO 23017KT 9999 BKN018 OVC023 12/08 Q1017 NOSIG,M
EGLL,2026-02-26 11:20,53.60,46.40,76.51,230.00,20.00,0.00,30.03,M,6.21,M,BKN,OVC,M,M,2000.00,2400.00,M,M,M,M,M,M,M,M,M,53.60,COR EGLL 261120Z AUTO 23020KT 9999 BKN020 OVC024 12/08 Q1017 NOSIG,M
EGLL,2026-02-26 11:50,55.40,46.40,71.65,230.00,18.00,0.00,30.03,M,6.21,28.00,OVC,M,M,M,2200.00,M,M,M,M,M,M,M,M,M,M,55.40,COR EGLL 261150Z AUTO 23018G28KT 9999 OVC022 13/08 Q1017 NOSIG,M
EGLL,2026-02-26 12:20,55.40,46.40,71.65,230.00,22.00,0.00,30.00,M,6.21,M,BKN,OVC,M,M,2300.00,2800.00,M,M,M,M,M,M,M,M,M,55.40,COR EGLL 261220Z AUTO 23022KT 9999 BKN023 OVC028 13/08 Q1016 NOSIG,M
EGLL,2026-02-26 12:50,55.40,46.40,71.65,220.00,21.00,0.00,29.97,M,6.21,32.00,BKN,OVC,M,M,2200.00,2800.00,M,M,M,M,M,M,M,M,M,55.40,COR EGLL 261250Z AUTO 22021G32KT 9999 BKN022 OVC028 13/08 Q1015 NOSIG,M
EGLL,2026-02-26 13:20,53.60,46.40,76.51,220.00,19.00,0.00,29.97,M,6.21,M,BKN,BKN,OVC,M,1900.00,2500.00,3200.00,M,M,M,M,M,M,M,M,53.60,COR EGLL 261320Z AUTO 22019KT 9999 BKN019 BKN025 OVC032 12/08 Q1015 NOSIG,M
EGLL,2026-02-26 13:50,55.40,46.40,71.65,220.00,17.00,0.00,29.97,M,6.21,27.00,BKN,OVC,M,M,2000.00,2400.00,M,M,M,M,M,M,M,M,M,55.40,COR EGLL 261350Z AUTO 22017G27KT 9999 BKN020 OVC024 13/08 Q1015 NOSIG,M
EGLL,2026-02-26 14:20,55.40,46.40,71.65,230.00,20.00,0.00,29.97,M,6.21,32.00,OVC,M,M,M,2100.00,M,M,M,-RA,M,M,M,M,M,M,55.40,COR EGLL 261420Z AUTO 23020G32KT 9999 -RA OVC021 13/08 Q1015 NOSIG,M
EGLL,2026-02-26 14:50,53.60,46.40,76.51,220.00,18.00,0.00,29.94,M,6.21,M,BKN,OVC,M,M,2100.00,2500.00,M,M,M,M,M,M,M,M,M,53.60,COR EGLL 261450Z AUTO 22018KT 9999 BKN021 OVC025 12/08 Q1014 NOSIG,M
EGLL,2026-02-26 15:20,53.60,46.40,76.51,230.00,20.00,0.00,29.94,M,6.21,31.00,OVC,M,M,M,2100.00,M,M,M,M,M,M,M,M,M,M,53.60,COR EGLL 261520Z AUTO 23020G31KT 9999 OVC021 12/08 Q1014 NOSIG,M
EGLL,2026-02-26 15:50,53.60,46.40,76.51,230.00,19.00,0.00,29.94,M,6.21,M,OVC,M,M,M,2200.00,M,M,M,M,M,M,M,M,M,M,53.60,COR EGLL 261550Z AUTO 23019KT 9999 OVC022 12/08 Q1014 NOSIG,M
EGLL,2026-02-26 16:20,53.60,46.40,76.51,230.00,19.00,0.00,29.94,M,6.21,M,BKN,OVC,M,M,2200.00,2800.00,M,M,M,M,M,M,M,M,M,53.60,COR EGLL 261620Z AUTO 23019KT 9999 BKN022 OVC028 12/08 Q1014 NOSIG,M
EGLL,2026-02-26 16:50,53.60,46.40,76.51,220.00,16.00,0.00,29.94,M,6.21,27.00,BKN,BKN,M,M,2000.00,2400.00,M,M,M,M,M,M,M,M,M,53.60,COR EGLL 261650Z AUTO 22016G27KT 9999 BKN020 BKN024 12/08 Q1014 NOSIG,M
EGLL,2026-02-26 17:20,53.60,46.40,76.51,230.00,15.00,0.00,29.94,M,6.21,25.00,BKN,M,M,M,1900.00,M,M,M,M,M,M,M,M,M,M,53.60,COR EGLL 261720Z AUTO 23015G25KT 9999 BKN019 12/08 Q1014 NOSIG,M
EGLL,2026-02-26 17:50,53.60,46.40,76.51,230.00,14.00,0.00,29.94,M,6.21,M,OVC,M,M,M,1700.00,M,M,M,M,M,M,M,M,M,M,53.60,COR EGLL 261750Z AUTO 23014KT 190V250 9999 OVC017 12/08 Q1014 TEMPO BKN014,M
EGLL,2026-02-26 18:20,53.60,46.40,76.51,230.00,16.00,0.00,29.94,M,6.21,M,BKN,OVC,M,M,1900.00,2400.00,M,M,M,M,M,M,M,M,M,53.60,COR EGLL 261820Z AUTO 23016KT 180V250 9999 BKN019 OVC024 12/08 Q1014 TEMPO BKN014,M
EGLL,2026-02-26 18:50,53.60,46.40,76.51,220.00,14.00,0.00,29.94,M,6.21,26.00,OVC,M,M,M,1800.00,M,M,M,M,M,M,M,M,M,M,53.60,COR EGLL 261850Z AUTO 22014G26KT 9999 OVC018 12/08 Q1014 TEMPO BKN014,M
EGLL,2026-02-26 19:20,53.60,46.40,76.51,220.00,14.00,0.00,29.94,M,6.21,24.00,OVC,M,M,M,1600.00,M,M,M,M,M,M,M,M,M,M,53.60,COR EGLL 261920Z AUTO 22014G24KT 9999 OVC016 12/08 Q1014 TEMPO BKN014,M
EGLL,2026-02-26 19:50,53.60,46.40,76.51,220.00,12.00,0.00,29.94,M,6.21,M,OVC,M,M,M,1700.00,M,M,M,M,M,M,M,M,M,M,53.60,COR EGLL 261950Z AUTO 22012KT 9999 OVC017 12/08 Q1014 TEMPO BKN014,M
EGLL,2026-02-26 20:20,53.60,46.40,76.51,210.00,14.00,0.00,29.94,M,6.21,M,BKN,M,M,M,1700.00,M,M,M,-RA,M,M,M,M,M,M,53.60,COR EGLL 262020Z AUTO 21014KT 9999 -RA BKN017 12/08 Q1014 TEMPO BKN014,M
EGLL,2026-02-26 20:50,53.60,46.40,76.51,220.00,14.00,0.00,29.94,M,6.21,M,BKN,M,M,M,1800.00,M,M,M,-RADZ,M,M,M,M,M,M,53.60,COR EGLL 262050Z AUTO 22014KT 180V250 9999 -RADZ BKN018 12/08 Q1014 TEMPO BKN014,M
EGLL,2026-02-26 21:20,53.60,46.40,76.51,220.00,14.00,0.00,29.91,M,6.21,26.00,BKN,M,M,M,1800.00,M,M,M,M,M,M,M,M,M,M,53.60,COR EGLL 262120Z AUTO 22014G26KT 180V250 9999 BKN018 12/08 Q1013 TEMPO BKN014,M
EGLL,2026-02-26 21:50,53.60,46.40,76.51,220.00,14.00,0.00,29.91,M,6.21,M,BKN,BKN,M,M,1800.00,2300.00,M,M,M,M,M,M,M,M,M,53.60,COR EGLL 262150Z AUTO 22014KT 9999 BKN018 BKN023 12/08 Q1013 TEMPO BKN014,M
EGLL,2026-02-26 22:20,53.60,46.40,76.51,220.00,14.00,0.00,29.91,M,6.21,M,BKN,BKN,M,M,2000.00,2400.00,M,M,M,M,M,M,M,M,M,53.60,COR EGLL 262220Z AUTO 22014KT 190V250 9999 BKN020 BKN024 12/08 Q1013 TEMPO BKN014,M
EGLL,2026-02-26 22:50,53.60,46.40,76.51,220.00,16.00,0.00,29.91,M,6.21,M,SCT,BKN,BKN,M,1900.00,2400.00,3100.00,M,M,M,M,M,M,M,M,53.60,COR EGLL 262250Z AUTO 22016KT 9999 SCT019 BKN024 BKN031 12/08 Q1013 NOSIG,M
EGLL,2026-02-26 23:20,53.60,46.40,76.51,210.00,15.00,0.00,29.88,M,6.21,M,BKN,M,M,M,2000.00,M,M,M,M,M,M,M,M,M,M,53.60,COR EGLL 262320Z AUTO 21015KT 9999 BKN020 12/08 Q1012 NOSIG,M
EGLL,2026-02-26 23:50,51.80,46.40,81.74,210.00,14.00,0.00,29.88,M,6.21,M,SCT,BKN,M,M,2000.00,2500.00,M,M,-RA,M,M,M,M,M,M,51.80,COR EGLL 262350Z AUTO 21014KT 9999 -RA SCT020 BKN025 11/08 Q1012 TEMPO RA BKN014,M
EGLL,2026-02-27 00:20,51.80,48.20,87.47,220.00,14.00,0.00,29.88,M,6.21,M,BKN,BKN,///,M,1800.00,2300.00,M,M,-RADZ,M,M,M,M,M,M,51.80,COR EGLL 270020Z AUTO 22014KT 9999 -RADZ BKN018/// BKN023/// //////TCU 11/09 Q1012 TEMPO RADZ BKN014,M
EGLL,2026-02-27 00:50,51.80,48.20,87.47,210.00,13.00,0.00,29.88,M,6.21,M,BKN,OVC,M,M,1600.00,2000.00,M,M,-RA,M,M,M,M,M,M,51.80,COR EGLL 270050Z AUTO 21013KT 9999 -RA BKN016 OVC020 11/09 Q1012 TEMPO RA BKN014,M
EGLL,2026-02-27 01:20,51.80,48.20,87.47,200.00,11.00,0.00,29.85,M,6.21,M,BKN,BKN,M,M,1400.00,2000.00,M,M,-RA,M,M,M,M,M,M,51.80,COR EGLL 270120Z AUTO 20011KT 9999 -RA BKN014 BKN020 11/09 Q1011 TEMPO RA,M
EGLL,2026-02-27 01:50,50.00,48.20,93.50,210.00,12.00,0.00,29.85,M,6.21,M,SCT,BKN,BKN,///,1400.00,1900.00,2800.00,M,-RA,M,M,M,M,M,M,50.00,COR EGLL 270150Z AUTO 21012KT 9999 -RA SCT014/// BKN019/// BKN028/// //////TCU 10/09 Q1011 TEMPO RA BKN014,M
EGLL,2026-02-27 02:20,50.00,48.20,93.50,210.00,14.00,0.00,29.85,M,6.21,M,BKN,BKN,OVC,///,1500.00,2100.00,4600.00,M,-RA,M,M,M,M,M,M,50.00,COR EGLL 270220Z AUTO 21014KT 9999 -RA BKN015/// BKN021/// OVC046/// //////TCU 10/09 Q1011 TEMPO RA BKN014,M
EGLL,2026-02-27 02:50,50.00,46.40,87.37,220.00,11.00,0.00,29.83,M,6.21,M,FEW,OVC,///,M,1700.00,4200.00,M,M,-RA,M,M,M,M,M,M,50.00,COR EGLL 270250Z AUTO 22011KT 9999 -RA FEW017/// OVC042/// //////TCU 10/08 Q1010 TEMPO RA BKN014,M
EGLL,2026-02-27 03:20,50.00,46.40,87.37,210.00,10.00,0.00,29.83,M,6.21,M,FEW,SCT,BKN,M,1700.00,2300.00,3000.00,M,-RADZ,M,M,M,M,M,M,50.00,COR EGLL 270320Z AUTO 21010KT 9999 -RADZ FEW017 SCT023 BKN030 10/08 Q1010 TEMPO RA BKN014,M
EGLL,2026-02-27 03:50,50.00,48.20,93.50,210.00,11.00,0.00,29.83,M,6.21,M,BKN,OVC,M,M,1500.00,2000.00,M,M,-RADZ,M,M,M,M,M,M,50.00,COR EGLL 270350Z AUTO 21011KT 9999 -RADZ BKN015 OVC020 10/09 Q1010 TEMPO RADZ BKN014,M
EGLL,2026-02-27 04:20,50.00,48.20,93.50,200.00,11.00,0.00,29.80,M,6.21,M,BKN,BKN,OVC,M,1100.00,1700.00,2200.00,M,-RADZ,M,M,M,M,M,M,50.00,COR EGLL 270420Z AUTO 20011KT 9999 -RADZ BKN011 BKN017 OVC022 10/09 Q1009 TEMPO 4000 RADZ,M
EGLL,2026-02-27 04:50,50.00,46.40,87.37,200.00,13.00,0.00,29.80,M,6.21,M,BKN,BKN,M,M,1200.00,1700.00,M,M,-RA,M,M,M,M,M,M,50.00,COR EGLL 270450Z AUTO 20013KT 9999 -RA BKN012 BKN017 10/08 Q1009 TEMPO 4000 RADZ BKN009,M
EGLL,2026-02-27 05:20,50.00,48.20,93.50,200.00,13.00,0.00,29.80,M,6.21,M,OVC,M,M,M,900.00,M,M,M,-RADZ,M,M,M,M,M,M,50.00,COR EGLL 270520Z AUTO 20013KT 9999 -RADZ OVC009 10/09 Q1009 TEMPO 4000 RADZ,M
EGLL,2026-02-27 05:50,50.00,48.20,93.50,200.00,13.00,0.00,29.80,M,6.21,M,BKN,OVC,M,M,900.00,1300.00,M,M,M,M,M,M,M,M,M,50.00,COR EGLL 270550Z AUTO 20013KT 9999 BKN009 OVC013 10/09 Q1009 TEMPO 4000 RADZ,M
EGLL,2026-02-27 06:20,50.00,48.20,93.50,200.00,12.00,0.00,29.80,M,6.21,M,OVC,M,M,M,800.00,M,M,M,M,M,M,M,M,M,M,50.00,COR EGLL 270620Z AUTO 20012KT 9999 OVC008 10/09 Q1009 TEMPO 4000 RADZ,M
EGLL,2026-02-27 06:50,50.00,48.20,93.50,200.00,12.00,0.00,29.80,M,6.21,M,OVC,M,M,M,800.00,M,M,M,-RA,M,M,M,M,M,M,50.00,COR EGLL 270650Z AUTO 20012KT 180V260 9999 -RA OVC008 10/09 Q1009 TEMPO 4000 RADZ,M
EGLL,2026-02-27 07:20,50.00,48.20,93.50,200.00,13.00,0.00,29.80,M,6.21,M,BKN,M,M,M,800.00,M,M,M,M,M,M,M,M,M,M,50.00,COR EGLL 270720Z AUTO 20013KT 9999 BKN008 10/09 Q1009 NOSIG,M
EGLL,2026-02-27 07:50,50.00,48.20,93.50,190.00,12.00,0.00,29.80,M,6.21,M,BKN,M,M,M,700.00,M,M,M,M,M,M,M,M,M,M,50.00,COR EGLL 270750Z AUTO 19012KT 9999 BKN007 10/09 Q1009 TEMPO 4000 RADZ,M
EGLL,2026-02-27 08:20,50.00,48.20,93.50,200.00,12.00,0.00,29.80,M,3.73,M,BKN,M,M,M,700.00,M,M,M,-RADZ,M,M,M,M,M,M,50.00,COR EGLL 270820Z AUTO 20012KT 6000 -RADZ BKN007 10/09 Q1009 TEMPO 4000 RADZ,M
EGLL,2026-02-27 08:50,51.80,50.00,93.55,200.00,13.00,0.00,29.80,M,2.73,M,BKN,M,M,M,500.00,M,M,M,RADZ,M,M,M,M,M,M,51.80,COR EGLL 270850Z AUTO 20013KT 4400 RADZ BKN005 11/10 Q1009 TEMPO BKN004,M
EGLL,2026-02-27 09:20,51.80,50.00,93.55,200.00,10.00,0.00,29.80,M,2.67,M,OVC,M,M,M,500.00,M,M,M,-DZ,M,M,M,M,M,M,51.80,COR EGLL 270920Z AUTO 20010KT 4300 -DZ OVC005 11/10 Q1009 RERA TEMPO BKN004,M
EGLL,2026-02-27 09:50,51.80,50.00,93.55,200.00,12.00,0.00,29.80,M,4.97,M,BKN,M,M,M,500.00,M,M,M,M,M,M,M,M,M,M,51.80,COR EGLL 270950Z AUTO 20012KT 180V250 8000 BKN005 11/10 Q1009 RERA NOSIG,M
EGLL,2026-02-27 10:20,51.80,50.00,93.55,200.00,12.00,0.00,29.80,M,6.21,M,OVC,M,M,M,700.00,M,M,M,M,M,M,M,M,M,M,51.80,COR EGLL 271020Z AUTO 20012KT 170V230 9999 OVC007 11/10 Q1009 NOSIG,M
EGLL,2026-02-27 10:50,53.60,51.80,93.60,200.00,11.00,0.00,29.80,M,6.21,M,BKN,OVC,M,M,900.00,1100.00,M,M,M,M,M,M,M,M,M,53.60,COR EGLL 271050Z AUTO 20011KT 160V260 9999 BKN009 OVC011 12/11 Q1009 BECMG SCT020,M
EGLL,2026-02-27 11:20,53.60,51.80,93.60,210.00,11.00,0.00,29.80,M,6.21,M,BKN,OVC,M,M,1100.00,1500.00,M,M,M,M,M,M,M,M,M,53.60,COR EGLL 271120Z AUTO 21011KT 9999 BKN011 OVC015 12/11 Q1009 NOSIG,M
EGLL,2026-02-27 11:50,53.60,51.80,93.60,210.00,10.00,0.00,29.80,M,6.21,M,OVC,M,M,M,1300.00,M,M,M,M,M,M,M,M,M,M,53.60,COR EGLL 271150Z AUTO 21010KT 9999 OVC013 12/11 Q1009 NOSIG,M
EGLL,2026-02-27 12:20,55.40,50.00,82.00,210.00,13.00,0.00,29.80,M,6.21,M,OVC,M,M,M,1400.00,M,M,M,M,M,M,M,M,M,M,55.40,COR EGLL 271220Z AUTO 21013KT 9999 OVC014 13/10 Q1009 NOSIG,M
EGLL,2026-02-27 12:50,55.40,50.00,82.00,210.00,12.00,0.00,29.80,M,6.21,M,BKN,M,M,M,1400.00,M,M,M,M,M,M,M,M,M,M,55.40,COR EGLL 271250Z AUTO 21012KT 9999 BKN014 13/10 Q1009 NOSIG,M
EGLL,2026-02-27 13:20,55.40,50.00,82.00,220.00,14.00,0.00,29.80,M,6.21,M,BKN,OVC,M,M,1500.00,2300.00,M,M,M,M,M,M,M,M,M,55.40,COR EGLL 271320Z AUTO 22014KT 9999 BKN015 OVC023 13/10 Q1009 NOSIG,M
EGLL,2026-02-27 13:50,55.40,50.00,82.00,210.00,14.00,0.00,29.80,M,6.21,M,BKN,OVC,M,M,1500.00,2200.00,M,M,M,M,M,M,M,M,M,55.40,COR EGLL 271350Z AUTO 21014KT 9999 BKN015 OVC022 13/10 Q1009 NOSIG,M
EGLL,2026-02-27 14:20,55.40,50.00,82.00,210.00,13.00,0.00,29.80,M,6.21,M,FEW,SCT,BKN,M,1200.00,1600.00,2300.00,M,-RA,M,M,M,M,M,M,55.40,COR EGLL 271420Z AUTO 21013KT 9999 -RA FEW012 SCT016 BKN023 13/10 Q1009 TEMPO BKN012,M
EGLL,2026-02-27 14:50,55.40,51.80,87.65,210.00,11.00,0.00,29.80,M,6.21,M,BKN,BKN,M,M,1600.00,2000.00,M,M,M,M,M,M,M,M,M,55.40,COR EGLL 271450Z AUTO 21011KT 180V240 9999 BKN016 BKN020 13/11 Q1009 TEMPO BKN014,M
EGLL,2026-02-27 15:20,55.40,51.80,87.65,190.00,10.00,0.00,29.80,M,6.21,M,BKN,OVC,M,M,1400.00,1900.00,M,M,-RA,M,M,M,M,M,M,55.40,COR EGLL 271520Z AUTO 19010KT 160V220 9999 -RA BKN014 OVC019 13/11 Q1009 TEMPO BKN016,M
EGLL,2026-02-27 15:50,53.60,51.80,93.60,200.00,12.00,0.00,29.80,M,6.21,M,BKN,M,M,M,1100.00,M,M,M,-RADZ,M,M,M,M,M,M,53.60,COR EGLL 271550Z AUTO 20012KT 170V240 9999 -RADZ BKN011 12/11 Q1009 RERA NOSIG,M
EGLL,2026-02-27 16:20,55.40,50.00,82.00,230.00,11.00,0.00,29.80,M,6.21,M,FEW,SCT,///,M,1100.00,1500.00,M,M,M,M,M,M,M,M,M,55.40,COR EGLL 271620Z AUTO 23011KT 190V260 9999 FEW011/// SCT015/// //////TCU 13/10 Q1009 NOSIG,M
EGLL,2026-02-27 16:50,55.40,50.00,82.00,210.00,11.00,0.00,29.80,M,6.21,M,SCT,M,M,M,1800.00,M,M,M,M,M,M,M,M,M,M,55.40,COR EGLL 271650Z AUTO 21011KT 170V250 9999 SCT018 13/10 Q1009 NOSIG,M
EGLL,2026-02-27 17:20,53.60,48.20,81.87,210.00,12.00,0.00,29.80,M,6.21,M,NCD,M,M,M,M,M,M,M,M,M,M,M,M,M,M,53.60,COR EGLL 271720Z AUTO 21012KT 9999 NCD 12/09 Q1009 NOSIG,M
EGLL,2026-02-27 17:50,53.60,46.40,76.51,210.00,11.00,0.00,29.80,M,6.21,M,NCD,M,M,M,M,M,M,M,M,M,M,M,M,M,M,53.60,COR EGLL 271750Z AUTO 21011KT 9999 NCD 12/08 Q1009 NOSIG,M
EGLL,2026-02-27 18:20,51.80,46.40,81.74,220.00,10.00,0.00,29.80,M,6.21,M,NCD,M,M,M,M,M,M,M,M,M,M,M,M,M,M,51.80,COR EGLL 271820Z AUTO 22010KT 190V250 9999 NCD 11/08 Q1009 NOSIG,M
EGLL,2026-02-27 18:50,51.80,46.40,81.74,210.00,10.00,0.00,29.80,M,6.21,M,NCD,M,M,M,M,M,M,M,M,M,M,M,M,M,M,51.80,COR EGLL 271850Z AUTO 21010KT 9999 NCD 11/08 Q1009 NOSIG,M
EGLL,2026-02-27 19:20,51.80,46.40,81.74,210.00,10.00,0.00,29.80,M,6.21,M,NCD,M,M,M,M,M,M,M,M,M,M,M,M,M,M,51.80,COR EGLL 271920Z AUTO 21010KT 180V250 9999 NCD 11/08 Q1009 TEMPO SHRA,M
EGLL,2026-02-27 19:50,50.00,46.40,87.37,180.00,9.00,0.00,29.80,M,6.21,M,NCD,M,M,M,M,M,M,M,M,M,M,M,M,M,M,50.00,COR EGLL 271950Z AUTO 18009KT 150V230 9999 NCD 10/08 Q1009 TEMPO SHRA,M
EGLL,2026-02-27 20:20,48.20,46.40,93.45,180.00,8.00,0.00,29.80,M,6.21,M,FEW,M,M,M,3600.00,M,M,M,M,M,M,M,M,M,M,44.07,COR EGLL 272020Z AUTO 18008KT 150V240 9999 FEW036 09/08 Q1009 TEMPO SHRA,M
EGLL,2026-02-27 20:50,50.00,46.40,87.37,180.00,9.00,0.00,29.80,M,6.21,M,///,M,M,M,M,M,M,M,M,M,M,M,M,M,M,50.00,COR EGLL 272050Z AUTO 18009KT 150V230 9999 //////TCU 10/08 Q1009 TEMPO SHRA,M
EGLL,2026-02-27 21:20,50.00,46.40,87.37,180.00,10.00,0.00,29.80,M,6.21,M,FEW,BKN,///,M,2300.00,3600.00,M,M,M,M,M,M,M,M,M,50.00,COR EGLL 272120Z AUTO 18010KT 160V230 9999 FEW023/// BKN036/// //////TCU 10/08 Q1009 TEMPO SHRA,M
EGLL,2026-02-27 21:50,48.20,46.40,93.45,180.00,7.00,0.00,29.80,M,6.21,M,FEW,M,M,M,4000.00,M,M,M,M,M,M,M,M,M,M,44.53,COR EGLL 272150Z AUTO 18007KT 130V240 9999 FEW040 09/08 Q1009 TEMPO SHRA,M
EGLL,2026-02-27 22:20,48.20,46.40,93.45,180.00,8.00,0.00,29.80,M,6.21,M,FEW,///,M,M,1800.00,M,M,M,M,M,M,M,M,M,M,44.07,COR EGLL 272220Z AUTO 18008KT 140V240 9999 FEW018/// //////TCU 09/08 Q1009 TEMPO SHRA,M
EGLL,2026-02-27 22:50,50.00,46.40,87.37,200.00,9.00,0.00,29.80,M,6.21,M,FEW,SCT,BKN,///,2600.00,3400.00,4800.00,M,M,M,M,M,M,M,M,50.00,COR EGLL 272250Z AUTO 20009KT 160V250 9999 FEW026/// SCT034/// BKN048/// //////TCU 10/08 Q1009 TEMPO SHRA,M
EGLL,2026-02-27 23:20,50.00,46.40,87.37,190.00,6.00,0.00,29.80,M,6.21,M,FEW,BKN,M,M,2000.00,3800.00,M,M,M,M,M,M,M,M,M,50.00,COR EGLL 272320Z AUTO 19006KT 9999 FEW020 BKN038 10/08 Q1009 TEMPO SHRA BKN014,M
EGLL,2026-02-27 23:50,50.00,46.40,87.37,190.00,4.00,0.00,29.80,M,6.21,M,FEW,SCT,BKN,M,1900.00,3800.00,4600.00,M,M,M,M,M,M,M,M,50.00,COR EGLL 272350Z AUTO 19004KT 150V210 9999 FEW019 SCT038 BKN046 10/08 Q1009 TEMPO SHRA BKN014,M
EGLL,2026-02-28 00:20,48.20,46.40,93.45,180.00,6.00,0.00,29.80,M,6.21,M,FEW,SCT,BKN,M,1800.00,2400.00,3200.00,M,-RA,M,M,M,M,M,M,45.04,COR EGLL 280020Z AUTO 18006KT 9999 -RA FEW018 SCT024 BKN032 09/08 Q1009 TEMPO SHRA BKN014,M
EGLL,2026-02-28 00:50,48.20,46.40,93.45,140.00,4.00,0.00,29.80,M,6.21,M,BKN,BKN,M,M,1600.00,2000.00,M,M,M,M,M,M,M,M,M,46.34,COR EGLL 280050Z AUTO 14004KT 9999 BKN016 BKN020 09/08 Q1009 TEMPO SHRA BKN012,M
EGLL,2026-02-28 01:20,48.20,46.40,93.45,150.00,5.00,0.00,29.80,M,4.35,M,SCT,BKN,BKN,M,1300.00,1700.00,2700.00,M,-RADZ,M,M,M,M,M,M,45.63,COR EGLL 280120Z AUTO 15005KT 7000 -RADZ SCT013 BKN017 BKN027 09/08 Q1009 TEMPO SHRA BKN012,M
EGLL,2026-02-28 01:50,48.20,46.40,93.45,170.00,6.00,0.00,29.77,M,3.11,M,SCT,SCT,BKN,M,1200.00,1900.00,2400.00,M,-RADZ,M,M,M,M,M,M,45.04,COR EGLL 280150Z AUTO 17006KT 5000 -RADZ SCT012 SCT019 BKN024 09/08 Q1008 RERA TEMPO SHRA BKN012,M
EGLL,2026-02-28 02:20,48.20,46.40,93.45,160.00,6.00,0.00,29.77,M,6.21,M,FEW,BKN,BKN,M,600.00,1200.00,1600.00,M,-RADZ,M,M,M,M,M,M,45.04,COR EGLL 280220Z AUTO 16006KT 9999 -RADZ FEW006 BKN012 BKN016 09/08 Q1008 RERA TEMPO 3000 RADZ BKN006,M
EGLL,2026-02-28 02:50,48.20,46.40,93.45,180.00,3.00,0.00,29.77,M,6.21,M,BKN,OVC,///,M,1200.00,1700.00,M,M,M,M,M,M,M,M,M,47.21,COR EGLL 280250Z AUTO 18003KT 9999 BKN012/// OVC017/// //////TCU 09/08 Q1008 TEMPO 3000 RADZ BKN006,M
EGLL,2026-02-28 03:20,48.20,46.40,93.45,170.00,3.00,0.00,29.77,M,6.21,M,FEW,BKN,OVC,M,1000.00,1600.00,2400.00,M,M,M,M,M,M,M,M,47.21,COR EGLL 280320Z AUTO 17003KT 9999 FEW010 BKN016 OVC024 09/08 Q1008 TEMPO 3000 RADZ BKN005,M
EGLL,2026-02-28 03:50,48.20,46.40,93.45,160.00,2.00,0.00,29.77,M,2.42,M,SCT,BKN,OVC,M,800.00,1500.00,2500.00,M,RADZ,M,M,M,M,M,M,48.20,COR EGLL 280350Z AUTO 16002KT 3900 RADZ SCT008 BKN015 OVC025 09/08 Q1008 TEMPO BKN005,M
EGLL,2026-02-28 04:20,48.20,46.40,93.45,M,2.00,0.00,29.77,M,3.11,M,BKN,BKN,OVC,///,600.00,1500.00,2500.00,M,-RA,M,M,M,M,M,M,48.20,COR EGLL 280420Z AUTO VRB02KT 5000 -RA BKN006/// BKN015/// OVC025/// //////TCU 09/08 Q1008 RERA TEMPO 3000 RADZ,M
EGLL,2026-02-28 04:50,48.20,46.40,93.45,300.00,3.00,0.00,29.77,M,3.11,M,FEW,SCT,BKN,///,400.00,900.00,1800.00,M,-RA,M,M,M,M,M,M,47.21,COR EGLL 280450Z AUTO 30003KT 5000 -RA FEW004/// SCT009/// BKN018/// //////TCU 09/08 Q1008 RERA TEMPO BKN005,M
EGLL,2026-02-28 05:20,48.20,46.40,93.45,290.00,7.00,0.00,29.80,M,6.21,M,FEW,BKN,BKN,///,600.00,1100.00,1500.00,M,-RA,M,M,M,M,M,M,44.53,COR EGLL 280520Z AUTO 29007KT 9999 -RA FEW006/// BKN011/// BKN015/// //////CB 09/08 Q1009 TEMPO BKN006,M
EGLL,2026-02-28 05:50,46.40,44.60,93.40,300.00,9.00,0.00,29.80,M,6.21,M,BKN,BKN,///,M,1000.00,1400.00,M,M,M,M,M,M,M,M,M,41.42,COR EGLL 280550Z AUTO 30009KT 9999 BKN010/// BKN014/// //////TCU 08/07 Q1009 TEMPO BKN009,M
EGLL,2026-02-28 06:20,46.40,42.80,87.18,300.00,10.00,0.00,29.83,M,6.21,M,OVC,M,M,M,1000.00,M,M,M,M,M,M,M,M,M,M,41.03,COR EGLL 280620Z AUTO 30010KT 270V330 9999 OVC010 08/06 Q1010 TEMPO BKN009,M
EGLL,2026-02-28 06:50,44.60,41.00,87.08,300.00,12.00,0.00,29.85,M,6.21,M,OVC,M,M,M,1100.00,M,M,M,M,M,M,M,M,M,M,38.04,COR EGLL 280650Z AUTO 30012KT 9999 OVC011 07/05 Q1011 NOSIG,M
EGLL,2026-02-28 07:20,44.60,39.20,81.20,310.00,12.00,0.00,29.88,M,6.21,M,BKN,OVC,M,M,1700.00,2300.00,M,M,M,M,M,M,M,M,M,38.04,COR EGLL 280720Z AUTO 31012KT 9999 BKN017 OVC023 07/04 Q1012 NOSIG,M
EGLL,2026-02-28 07:50,44.60,39.20,81.20,310.00,12.00,0.00,29.88,M,6.21,M,FEW,SCT,BKN,M,1500.00,2400.00,3200.00,M,M,M,M,M,M,M,M,38.04,COR EGLL 280750Z AUTO 31012KT 9999 FEW015 SCT024 BKN032 07/04 Q1012 NOSIG,M
EGLL,2026-02-28 08:20,44.60,39.20,81.20,300.00,10.00,0.00,29.91,M,6.21,M,FEW,BKN,OVC,M,1500.00,3900.00,4600.00,M,M,M,M,M,M,M,M,38.77,COR EGLL 280820Z AUTO 30010KT 9999 FEW015 BKN039 OVC046 07/04 Q1013 NOSIG,M
EGLL,2026-02-28 08:50,44.60,41.00,87.08,290.00,11.00,0.00,29.94,M,6.21,M,FEW,BKN,BKN,M,1300.00,2400.00,3900.00,M,M,M,M,M,M,M,M,38.39,COR EGLL 280850Z AUTO 29011KT 9999 FEW013 BKN024 BKN039 07/05 Q1014 NOSIG,M
EGLL,2026-02-28 09:20,46.40,41.00,81.33,280.00,9.00,0.00,29.94,M,6.21,M,BKN,OVC,M,M,1900.00,2400.00,M,M,M,M,M,M,M,M,M,41.42,COR EGLL 280920Z AUTO 28009KT 9999 BKN019 OVC024 08/05 Q1014 NOSIG,M
EGLL,2026-02-28 09:50,46.40,41.00,81.33,280.00,14.00,0.00,29.97,M,6.21,M,BKN,M,M,M,1800.00,M,M,M,M,M,M,M,M,M,M,39.72,COR EGLL 280950Z AUTO 28014KT 9999 BKN018 08/05 Q1015 NOSIG,M
EGLL,2026-02-28 10:20,48.20,41.00,76.01,280.00,16.00,0.00,30.00,M,6.21,M,BKN,BKN,M,M,1900.00,2800.00,M,M,M,M,M,M,M,M,M,41.53,COR EGLL 281020Z AUTO 28016KT 9999 BKN019 BKN028 09/05 Q1016 NOSIG,M
EGLL,2026-02-28 10:50,48.20,41.00,76.01,290.00,14.00,0.00,30.00,M,6.21,M,BKN,M,M,M,2200.00,M,M,M,M,M,M,M,M,M,M,42.04,COR EGLL 281050Z AUTO 29014KT 9999 BKN022 09/05 Q1016 NOSIG,M
EGLL,2026-02-28 11:20,50.00,41.00,71.06,280.00,18.00,0.00,30.03,M,6.21,M,BKN,M,M,M,2300.00,M,M,M,M,M,M,M,M,M,M,50.00,COR EGLL 281120Z AUTO 28018KT 9999 BKN023 10/05 Q1017 NOSIG,M
EGLL,2026-02-28 11:50,48.20,39.20,70.87,270.00,17.00,0.00,30.03,M,6.21,M,BKN,BKN,M,M,2700.00,3200.00,M,M,M,M,M,M,M,M,M,41.30,COR EGLL 281150Z AUTO 27017KT 9999 BKN027 BKN032 09/04 Q1017 NOSIG,M
EGLL,2026-02-28 12:20,50.00,41.00,71.06,280.00,13.00,0.00,30.03,M,6.21,M,BKN,BKN,M,M,2500.00,3000.00,M,M,M,M,M,M,M,M,M,50.00,COR EGLL 281220Z AUTO 28013KT 250V310 9999 BKN025 BKN030 10/05 Q1017 NOSIG,M
EGLL,2026-02-28 12:50,50.00,39.20,66.26,280.00,13.00,0.00,30.06,M,6.21,M,BKN,BKN,M,M,2800.00,3300.00,M,M,M,M,M,M,M,M,M,50.00,COR EGLL 281250Z AUTO 28013KT 9999 BKN028 BKN033 10/04 Q1018 NOSIG,M
EGLL,2026-02-28 13:20,50.00,37.40,61.75,280.00,14.00,0.00,30.06,M,6.21,M,SCT,M,M,M,3400.00,M,M,M,M,M,M,M,M,M,M,50.00,COR EGLL 281320Z AUTO 28014KT 9999 SCT034 10/03 Q1018 NOSIG,M
EGLL,2026-02-28 13:50,50.00,35.60,57.51,280.00,13.00,0.00,30.06,M,6.21,M,SCT,BKN,M,M,4000.00,4800.00,M,M,M,M,M,M,M,M,M,50.00,COR EGLL 281350Z AUTO 28013KT 9999 SCT040 BKN048 10/02 Q1018 NOSIG,M
EGLL,2026-02-28 14:20,50.00,37.40,61.75,280.00,11.00,0.00,30.06,M,6.21,M,FEW,M,M,M,3900.00,M,M,M,M,M,M,M,M,M,M,50.00,COR EGLL 281420Z AUTO 28011KT 9999 FEW039 10/03 Q1018 NOSIG,M
EGLL,2026-02-28 14:50,50.00,33.80,53.52,250.00,14.00,0.00,30.06,M,6.21,M,NCD,M,M,M,M,M,M,M,-RA,M,M,M,M,M,M,50.00,COR EGLL 281450Z AUTO 25014KT 9999 -RA NCD 10/01 Q1018 NOSIG,M
EGLL,2026-02-28 15:20,51.80,33.80,50.07,280.00,13.00,0.00,30.09,M,6.21,M,FEW,M,M,M,4300.00,M,M,M,M,M,M,M,M,M,M,51.80,COR EGLL 281520Z AUTO 28013KT 9999 FEW043 11/01 Q1019 NOSIG,M
EGLL,2026-02-28 15:50,51.80,33.80,50.07,280.00,12.00,0.00,30.09,M,6.21,M,BKN,M,M,M,4100.00,M,M,M,M,M,M,M,M,M,M,51.80,COR EGLL 281550Z AUTO 28012KT 9999 BKN041 11/01 Q1019 NOSIG,M
EGLL,2026-02-28 16:20,48.20,33.80,57.25,270.00,15.00,0.00,30.09,M,6.21,M,NCD,M,M,M,M,M,M,M,M,M,M,M,M,M,M,41.78,COR EGLL 281620Z AUTO 27015KT 9999 NCD 09/01 Q1019 NOSIG,M
EGLL,2026-02-28 16:50,50.00,30.20,46.29,270.00,12.00,0.00,30.09,M,6.21,M,NCD,M,M,M,M,M,M,M,M,M,M,M,M,M,M,50.00,COR EGLL 281650Z AUTO 27012KT 9999 NCD 10/M01 Q1019 NOSIG,M
EGLL,2026-02-28 17:20,48.20,28.40,46.00,250.00,12.00,0.00,30.12,M,6.21,M,NCD,M,M,M,M,M,M,M,M,M,M,M,M,M,M,42.62,COR EGLL 281720Z AUTO 25012KT 9999 NCD 09/M02 Q1020 NOSIG,M
EGLL,2026-02-28 17:50,48.20,28.40,46.00,260.00,13.00,0.00,30.12,M,6.21,M,NCD,M,M,M,M,M,M,M,M,M,M,M,M,M,M,42.32,COR EGLL 281750Z AUTO 26013KT 9999 NCD 09/M02 Q1020 NOSIG,M
EGLL,2026-02-28 18:20,46.40,28.40,49.22,260.00,13.00,0.00,30.12,M,6.21,M,NCD,M,M,M,M,M,M,M,M,M,M,M,M,M,M,40.02,COR EGLL 281820Z AUTO 26013KT 9999 NCD 08/M02 Q1020 NOSIG,M
EGLL,2026-02-28 18:50,46.40,30.20,52.98,260.00,10.00,0.00,30.12,M,6.21,M,NCD,M,M,M,M,M,M,M,M,M,M,M,M,M,M,41.03,COR EGLL 281850Z AUTO 26010KT 9999 NCD 08/M01 Q1020 NOSIG,M
EGLL,2026-02-28 19:20,46.40,30.20,52.98,240.00,9.00,0.00,30.12,M,6.21,M,NCD,M,M,M,M,M,M,M,M,M,M,M,M,M,M,41.42,COR EGLL 281920Z AUTO 24009KT 210V270 9999 NCD 08/M01 Q1020 NOSIG,M
EGLL,2026-02-28 19:50,44.60,30.20,56.72,200.00,6.00,0.00,30.12,M,6.21,M,NCD,M,M,M,M,M,M,M,M,M,M,M,M,M,M,40.71,COR EGLL 281950Z AUTO 20006KT 180V240 9999 NCD 07/M01 Q1020 NOSIG,M
EGLL,2026-02-28 20:20,42.80,32.00,65.36,190.00,7.00,0.00,30.12,M,6.21,M,NCD,M,M,M,M,M,M,M,M,M,M,M,M,M,M,37.94,COR EGLL 282020Z AUTO 19007KT 9999 NCD 06/00 Q1020 NOSIG,M
EGLL,2026-02-28 20:50,42.80,33.80,70.27,190.00,8.00,0.00,30.12,M,6.21,M,NCD,M,M,M,M,M,M,M,M,M,M,M,M,M,M,37.42,COR EGLL 282050Z AUTO 19008KT 160V250 9999 NCD 06/01 Q1020 NOSIG,M
EGLL,2026-02-28 21:20,42.80,35.60,75.49,200.00,7.00,0.00,30.12,M,6.21,17.00,NCD,M,M,M,M,M,M,M,M,M,M,M,M,M,M,37.94,COR EGLL 282120Z AUTO 20007G17KT 160V250 9999 NCD 06/02 Q1020 NOSIG,M
EGLL,2026-02-28 21:50,44.60,37.40,75.67,200.00,6.00,0.00,30.12,M,6.21,M,NCD,M,M,M,M,M,M,M,M,M,M,M,M,M,M,40.71,COR EGLL 282150Z AUTO 20006KT 160V250 9999 NCD 07/03 Q1020 NOSIG,M
EGLL,2026-02-28 22:20,44.60,37.40,75.67,200.00,6.00,0.00,30.12,M,6.21,M,NCD,M,M,M,M,M,M,M,M,M,M,M,M,M,M,40.71,COR EGLL 282220Z AUTO 20006KT 150V250 9999 NCD 07/03 Q1020 NOSIG,M
EGLL,2026-02-28 22:50,44.60,39.20,81.20,200.00,6.00,0.00,30.12,M,6.21,M,NCD,M,M,M,M,M,M,M,M,M,M,M,M,M,M,40.71,COR EGLL 282250Z AUTO 20006KT 140V250 9999 NCD 07/04 Q1020 NOSIG,M
EGLL,2026-02-28 23:20,44.60,39.20,81.20,180.00,6.00,0.00,30.12,M,6.21,M,FEW,M,M,M,4600.00,M,M,M,M,M,M,M,M,M,M,40.71,COR EGLL 282320Z AUTO 18006KT 9999 FEW046 07/04 Q1020 NOSIG,M
EGLL,2026-02-28 23:50,46.40,39.20,75.84,190.00,8.00,0.00,30.09,M,6.21,M,FEW,M,M,M,4400.00,M,M,M,M,M,M,M,M,M,M,41.85,COR EGLL 282350Z AUTO 19008KT 9999 FEW044 08/04 Q1019 NOSIG,M
EGLL,2026-03-01 00:20,46.40,39.20,75.84,190.00,8.00,0.00,30.09,M,6.21,M,SCT,BKN,M,M,3300.00,4100.00,M,M,M,M,M,M,M,M,M,41.85,COR EGLL 010020Z AUTO 19008KT 9999 SCT033 BKN041 08/04 Q1019 NOSIG,M
EGLL,2026-03-01 00:50,46.40,41.00,81.33,190.00,7.00,0.00,30.09,M,6.21,M,FEW,M,M,M,4400.00,M,M,M,M,M,M,M,M,M,M,42.33,COR EGLL 010050Z AUTO 19007KT 9999 FEW044 08/05 Q1019 NOSIG,M
EGLL,2026-03-01 01:20,46.40,41.00,81.33,180.00,10.00,0.00,30.09,M,6.21,M,FEW,M,M,M,4200.00,M,M,M,-RA,M,M,M,M,M,M,41.03,COR EGLL 010120Z AUTO 18010KT 9999 -RA FEW042 08/05 Q1019 NOSIG,M
EGLL,2026-03-01 01:50,46.40,41.00,81.33,180.00,8.00,0.00,30.06,M,6.21,M,NCD,M,M,M,M,M,M,M,-RA,M,M,M,M,M,M,41.85,COR EGLL 010150Z AUTO 18008KT 9999 -RA NCD 08/05 Q1018 NOSIG,M
EGLL,2026-03-01 02:20,46.40,41.00,81.33,180.00,10.00,0.00,30.06,M,6.21,M,NCD,M,M,M,M,M,M,M,M,M,M,M,M,M,M,41.03,COR EGLL 010220Z AUTO 18010KT 9999 NCD 08/05 Q1018 NOSIG,M
EGLL,2026-03-01 02:50,46.40,41.00,81.33,180.00,11.00,0.00,30.03,M,6.21,M,OVC,M,M,M,4900.00,M,M,M,M,M,M,M,M,M,M,40.66,COR EGLL 010250Z AUTO 18011KT 9999 OVC049 08/05 Q1017 NOSIG,M
EGLL,2026-03-01 03:20,46.40,41.00,81.33,170.00,11.00,0.00,30.03,M,6.21,M,BKN,M,M,M,4800.00,M,M,M,M,M,M,M,M,M,M,40.66,COR EGLL 010320Z AUTO 17011KT 9999 BKN048 08/05 Q1017 NOSIG,M
EGLL,2026-03-01 03:50,46.40,41.00,81.33,180.00,10.00,0.00,30.03,M,6.21,M,NCD,M,M,M,M,M,M,M,M,M,M,M,M,M,M,41.03,COR EGLL 010350Z AUTO 18010KT 9999 NCD 08/05 Q1017 NOSIG,M
EGLL,2026-03-01 04:20,46.40,41.00,81.33,190.00,10.00,0.00,30.03,M,6.21,M,SCT,M,M,M,4700.00,M,M,M,M,M,M,M,M,M,M,41.03,COR EGLL 010420Z AUTO 19010KT 9999 SCT047 08/05 Q1017 NOSIG,M
EGLL,2026-03-01 04:50,46.40,41.00,81.33,190.00,11.00,0.00,30.00,M,6.21,M,BKN,M,M,M,3500.00,M,M,M,M,M,M,M,M,M,M,40.66,COR EGLL 010450Z AUTO 19011KT 9999 BKN035 08/05 Q1016 TEMPO BKN014,M
EGLL,2026-03-01 05:20,48.20,42.80,81.47,190.00,11.00,0.00,30.00,M,6.21,M,SCT,BKN,M,M,2000.00,3500.00,M,M,M,M,M,M,M,M,M,42.94,COR EGLL 010520Z AUTO 19011KT 9999 SCT020 BKN035 09/06 Q1016 TEMPO BKN014,M
EGLL,2026-03-01 05:50,48.20,42.80,81.47,180.00,11.00,0.00,30.00,M,6.21,M,BKN,M,M,M,1700.00,M,M,M,M,M,M,M,M,M,M,42.94,COR EGLL 010550Z AUTO 18011KT 9999 BKN017 09/06 Q1016 TEMPO BKN014,M
EGLL,2026-03-01 06:20,46.40,44.60,93.40,180.00,12.00,0.00,30.00,M,6.21,22.00,BKN,BKN,M,M,1100.00,1500.00,M,M,-RA,M,M,M,M,M,M,40.33,COR EGLL 010620Z AUTO 18012G22KT 150V230 9999 -RA BKN011 BKN015 08/07 Q1016 TEMPO BKN009,M
EGLL,2026-03-01 06:50,46.40,44.60,93.40,180.00,12.00,0.00,29.97,M,6.21,M,OVC,M,M,M,1000.00,M,M,M,-RADZ,M,M,M,M,M,M,40.33,COR EGLL 010650Z AUTO 18012KT 140V200 9999 -RADZ OVC010 08/07 Q1015 TEMPO 4000 RADZ BKN009,M
EGLL,2026-03-01 07:20,46.40,44.60,93.40,170.00,12.00,0.00,29.97,M,6.21,M,OVC,M,M,M,800.00,M,M,M,-RA,M,M,M,M,M,M,40.33,COR EGLL 010720Z AUTO 17012KT 140V200 9999 -RA OVC008 08/07 Q1015 TEMPO RA,M
EGLL,2026-03-01 07:50,48.20,44.60,87.28,190.00,11.00,0.00,29.97,M,6.21,M,BKN,M,M,M,1000.00,M,M,M,M,M,M,M,M,M,M,42.94,COR EGLL 010750Z AUTO 19011KT 9999 BKN010 09/07 Q1015 TEMPO RA BKN008,M
EGLL,2026-03-01 08:20,48.20,46.40,93.45,200.00,11.00,0.00,29.97,M,6.21,M,BKN,M,M,M,1100.00,M,M,M,M,M,M,M,M,M,M,42.94,COR EGLL 010820Z AUTO 20011KT 9999 BKN011 09/08 Q1015 TEMPO RA BKN008,M
EGLL,2026-03-01 08:50,50.00,46.40,87.37,210.00,11.00,0.00,29.97,M,6.21,M,BKN,BKN,M,M,1300.00,3300.00,M,M,M,M,M,M,M,M,M,50.00,COR EGLL 010850Z AUTO 21011KT 180V250 9999 BKN013 BKN033 10/08 Q1015 TEMPO BKN009,M
EGLL,2026-03-01 09:20,50.00,44.60,81.60,200.00,13.00,0.00,29.97,M,6.21,M,SCT,SCT,M,M,1500.00,3500.00,M,M,M,M,M,M,M,M,M,50.00,COR EGLL 010920Z AUTO 20013KT 180V240 9999 SCT015 SCT035 10/07 Q1015 TEMPO BKN014,M
EGLL,2026-03-01 09:50,50.00,46.40,87.37,190.00,13.00,0.00,29.97,M,6.21,M,BKN,BKN,OVC,M,1400.00,2200.00,3200.00,M,-RA,M,M,M,M,M,M,50.00,COR EGLL 010950Z AUTO 19013KT 9999 -RA BKN014 BKN022 OVC032 10/08 Q1015 NOSIG,M
EGLL,2026-03-01 10:20,50.00,46.40,87.37,180.00,12.00,0.00,29.97,M,6.21,M,BKN,OVC,M,M,1100.00,1500.00,M,M,M,M,M,M,M,M,M,50.00,COR EGLL 011020Z AUTO 18012KT 110V250 9999 BKN011 OVC015 10/08 Q1015 TEMPO BKN008,M
EGLL,2026-03-01 10:50,50.00,48.20,93.50,180.00,12.00,0.00,29.97,M,2.98,M,BKN,OVC,M,M,900.00,1200.00,M,M,RADZ,M,M,M,M,M,M,50.00,COR EGLL 011050Z AUTO 18012KT 130V230 4800 RADZ BKN009 OVC012 10/09 Q1015 TEMPO 6000,M
EGLL,2026-03-01 11:20,51.80,48.20,87.47,180.00,15.00,0.00,29.94,M,6.21,M,BKN,M,M,M,900.00,M,M,M,M,M,M,M,M,M,M,51.80,COR EGLL 011120Z AUTO 18015KT 150V210 9999 BKN009 11/09 Q1014 RERA TEMPO BKN012,M
EGLL,2026-03-01 11:50,51.80,48.20,87.47,210.00,12.00,0.00,29.94,M,6.21,M,OVC,M,M,M,900.00,M,M,M,M,M,M,M,M,M,M,51.80,COR EGLL 011150Z AUTO 21012KT 170V230 9999 OVC009 11/09 Q1014 TEMPO BKN012,M
EGLL,2026-03-01 12:20,53.60,50.00,87.56,220.00,12.00,0.00,29.94,M,6.21,M,BKN,OVC,M,M,1000.00,1400.00,M,M,M,M,M,M,M,M,M,53.60,COR EGLL 011220Z AUTO 22012KT 9999 BKN010 OVC014 12/10 Q1014 TEMPO BKN009,M
EGLL,2026-03-01 12:50,53.60,50.00,87.56,230.00,15.00,0.00,29.94,M,6.21,M,BKN,BKN,M,M,1500.00,2400.00,M,M,-RA,M,M,M,M,M,M,53.60,COR EGLL 011250Z AUTO 23015KT 9999 -RA BKN015 BKN024 12/10 Q1014 TEMPO BKN012,M
EGLL,2026-03-01 13:20,53.60,48.20,81.87,230.00,14.00,0.00,29.94,M,6.21,M,BKN,BKN,M,M,1600.00,2100.00,M,M,M,M,M,M,M,M,M,53.60,COR EGLL 011320Z AUTO 23014KT 9999 BKN016 BKN021 12/09 Q1014 TEMPO BKN012,M
EGLL,2026-03-01 13:50,55.40,46.40,71.65,220.00,17.00,0.00,29.94,M,6.21,M,SCT,BKN,BKN,M,1800.00,2300.00,2800.00,M,M,M,M,M,M,M,M,55.40,COR EGLL 011350Z AUTO 22017KT 9999 SCT018 BKN023 BKN028 13/08 Q1014 NOSIG,M
EGLL,2026-03-01 14:20,55.40,44.60,66.91,230.00,16.00,0.00,29.94,M,6.21,M,BKN,OVC,M,M,2800.00,3500.00,M,M,M,M,M,M,M,M,M,55.40,COR EGLL 011420Z AUTO 23016KT 9999 BKN028 OVC035 13/07 Q1014 NOSIG,M
EGLL,2026-03-01 14:50,55.40,46.40,71.65,210.00,15.00,0.00,29.94,M,6.21,M,SCT,BKN,OVC,M,2600.00,3300.00,4400.00,M,M,M,M,M,M,M,M,55.40,COR EGLL 011450Z AUTO 21015KT 9999 SCT026 BKN033 OVC044 13/08 Q1014 NOSIG,M
EGLL,2026-03-01 15:20,55.40,46.40,71.65,220.00,17.00,0.00,29.94,M,6.21,M,SCT,BKN,OVC,M,2300.00,4000.00,4700.00,M,M,M,M,M,M,M,M,55.40,COR EGLL 011520Z AUTO 22017KT 9999 SCT023 BKN040 OVC047 13/08 Q1014 NOSIG,M
EGLL,2026-03-01 15:50,53.60,46.40,76.51,220.00,14.00,0.00,29.94,M,6.21,M,FEW,SCT,BKN,M,2000.00,2400.00,3700.00,M,M,M,M,M,M,M,M,53.60,COR EGLL 011550Z AUTO 22014KT 180V240 9999 FEW020 SCT024 BKN037 12/08 Q1014 NOSIG,M
EGLL,2026-03-01 16:20,53.60,46.40,76.51,210.00,14.00,0.00,29.94,M,6.21,M,SCT,SCT,OVC,M,2000.00,2700.00,3800.00,M,M,M,M,M,M,M,M,53.60,COR EGLL 011620Z AUTO 21014KT 9999 SCT020 SCT027 OVC038 12/08 Q1014 NOSIG,M
EGLL,2026-03-01 16:50,53.60,46.40,76.51,200.00,13.00,0.00,29.94,M,6.21,M,SCT,BKN,OVC,M,2100.00,2600.00,3600.00,M,M,M,M,M,M,M,M,53.60,COR EGLL 011650Z AUTO 20013KT 180V240 9999 SCT021 BKN026 OVC036 12/08 Q1014 NOSIG,M
EGLL,2026-03-01 17:20,53.60,46.40,76.51,210.00,13.00,0.00,29.94,M,6.21,M,BKN,BKN,OVC,M,2100.00,2800.00,3400.00,M,M,M,M,M,M,M,M,53.60,COR EGLL 011720Z AUTO 21013KT 9999 BKN021 BKN028 OVC034 12/08 Q1014 NOSIG,M
EGLL,2026-03-01 17:50,51.80,46.40,81.74,200.00,11.00,0.00,29.97,M,6.21,M,BKN,BKN,OVC,M,2000.00,2600.00,3500.00,M,M,M,M,M,M,M,M,51.80,COR EGLL 011750Z AUTO 20011KT 9999 BKN020 BKN026 OVC035 11/08 Q1015 NOSIG,M
EGLL,2026-03-01 18:20,51.80,46.40,81.74,210.00,14.00,0.00,29.97,M,6.21,M,OVC,M,M,M,1500.00,M,M,M,M,M,M,M,M,M,M,51.80,COR EGLL 011820Z AUTO 21014KT 180V240 9999 OVC015 11/08 Q1015 NOSIG,M
EGLL,2026-03-01 18:50,51.80,48.20,87.47,200.00,13.00,0.00,29.97,M,6.21,M,BKN,M,M,M,1300.00,M,M,M,-RADZ,M,M,M,M,M,M,51.80,COR EGLL 011850Z AUTO 20013KT 170V240 9999 -RADZ BKN013 11/09 Q1015 NOSIG,M
EGLL,2026-03-01 19:20,51.80,48.20,87.47,200.00,11.00,0.00,29.97,M,6.21,M,SCT,BKN,OVC,M,1200.00,1800.00,2600.00,M,-RADZ,M,M,M,M,M,M,51.80,COR EGLL 011920Z AUTO 20011KT 9999 -RADZ SCT012 BKN018 OVC026 11/09 Q1015 NOSIG,M
EGLL,2026-03-01 19:50,51.80,46.40,81.74,200.00,13.00,0.00,29.97,M,6.21,M,BKN,BKN,OVC,M,1600.00,2000.00,3000.00,M,M,M,M,M,M,M,M,51.80,COR EGLL 011950Z AUTO 20013KT 9999 BKN016 BKN020 OVC030 11/08 Q1015 NOSIG,M
EGLL,2026-03-01 20:20,51.80,46.40,81.74,190.00,13.00,0.00,29.97,M,6.21,M,BKN,M,M,M,1600.00,M,M,M,M,M,M,M,M,M,M,51.80,COR EGLL 012020Z AUTO 19013KT 9999 BKN016 11/08 Q1015 NOSIG,M
EGLL,2026-03-01 20:50,51.80,46.40,81.74,190.00,14.00,0.00,29.97,M,6.21,M,OVC,M,M,M,1500.00,M,M,M,-RA,M,M,M,M,M,M,51.80,COR EGLL 012050Z AUTO 19014KT 170V230 9999 -RA OVC015 11/08 Q1015 NOSIG,M
EGLL,2026-03-01 21:20,51.80,46.40,81.74,200.00,14.00,0.00,29.97,M,6.21,M,BKN,BKN,OVC,M,1600.00,2100.00,2600.00,M,M,M,M,M,M,M,M,51.80,COR EGLL 012120Z AUTO 20014KT 170V230 9999 BKN016 BKN021 OVC026 11/08 Q1015 NOSIG,M
EGLL,2026-03-01 21:50,51.80,44.60,76.34,200.00,13.00,0.00,29.97,M,6.21,23.00,BKN,OVC,M,M,2400.00,2800.00,M,M,M,M,M,M,M,M,M,51.80,EGLL 012150Z AUTO 20013G23KT 180V240 9999 BKN024 OVC028 11/07 Q1015,M
EGLL,2026-03-01 22:20,51.80,44.60,76.34,200.00,13.00,0.00,29.97,M,6.21,M,BKN,BKN,OVC,M,2400.00,2800.00,3300.00,M,M,M,M,M,M,M,M,51.80,COR EGLL 012220Z AUTO 20013KT 170V230 9999 BKN024 BKN028 OVC033 11/07 Q1015 NOSIG,M
EGLL,2026-03-01 22:50,51.80,44.60,76.34,190.00,15.00,0.00,29.94,M,6.21,M,SCT,OVC,M,M,2300.00,2900.00,M,M,M,M,M,M,M,M,M,51.80,COR EGLL 012250Z AUTO 19015KT 9999 SCT023 OVC029 11/07 Q1014 NOSIG,M
EGLL,2026-03-01 23:20,51.80,44.60,76.34,190.00,14.00,0.00,29.94,M,6.21,M,FEW,BKN,M,M,2500.00,3100.00,M,M,M,M,M,M,M,M,M,51.80,COR EGLL 012320Z AUTO 19014KT 9999 FEW025 BKN031 11/07 Q1014 NOSIG,M
EGLL,2026-03-01 23:50,50.00,42.80,76.17,190.00,13.00,0.00,29.94,M,6.21,M,BKN,M,M,M,2900.00,M,M,M,M,M,M,M,M,M,M,50.00,COR EGLL 012350Z AUTO 19013KT 9999 BKN029 10/06 Q1014 NOSIG,M
EGLL,2026-03-02 00:20,50.00,42.80,76.17,190.00,13.00,0.00,29.94,M,6.21,M,BKN,M,M,M,2700.00,M,M,M,M,M,M,M,M,M,M,50.00,COR EGLL 020020Z AUTO 19013KT 9999 BKN027 10/06 Q1014 NOSIG,M
EGLL,2026-03-02 00:50,50.00,42.80,76.17,190.00,15.00,0.00,29.94,M,6.21,M,BKN,M,M,M,2500.00,M,M,M,M,M,M,M,M,M,M,50.00,COR EGLL 020050Z AUTO 19015KT 9999 BKN025 10/06 Q1014 NOSIG,M
EGLL,2026-03-02 01:20,50.00,42.80,76.17,180.00,13.00,0.00,29.94,M,6.21,M,SCT,M,M,M,2300.00,M,M,M,M,M,M,M,M,M,M,50.00,COR EGLL 020120Z AUTO 18013KT 9999 SCT023 10/06 Q1014 NOSIG,M
EGLL,2026-03-02 01:50,50.00,42.80,76.17,190.00,13.00,0.00,29.91,M,6.21,M,NCD,M,M,M,M,M,M,M,M,M,M,M,M,M,M,50.00,COR EGLL 020150Z AUTO 19013KT 9999 NCD 10/06 Q1013 NOSIG,M
EGLL,2026-03-02 02:20,50.00,42.80,76.17,180.00,14.00,0.00,29.91,M,6.21,M,NCD,M,M,M,M,M,M,M,M,M,M,M,M,M,M,50.00,COR EGLL 020220Z AUTO 18014KT 9999 NCD 10/06 Q1013 NOSIG,M
EGLL,2026-03-02 02:50,50.00,42.80,76.17,180.00,13.00,0.00,29.91,M,6.21,M,NCD,M,M,M,M,M,M,M,M,M,M,M,M,M,M,50.00,COR EGLL 020250Z AUTO 18013KT 9999 NCD 10/06 Q1013 NOSIG,M
EGLL,2026-03-02 03:20,48.20,42.80,81.47,180.00,10.00,0.00,29.91,M,6.21,M,NCD,M,M,M,M,M,M,M,M,M,M,M,M,M,M,43.28,COR EGLL 020320Z AUTO 18010KT 9999 NCD 09/06 Q1013 NOSIG,M
EGLL,2026-03-02 03:50,48.20,42.80,81.47,180.00,11.00,0.00,29.91,M,6.21,M,NCD,M,M,M,M,M,M,M,M,M,M,M,M,M,M,42.94,COR EGLL 020350Z AUTO 18011KT 9999 NCD 09/06 Q1013 NOSIG,M
EGLL,2026-03-02 04:20,48.20,42.80,81.47,180.00,10.00,0.00,29.91,M,6.21,M,NCD,M,M,M,M,M,M,M,M,M,M,M,M,M,M,43.28,COR EGLL 020420Z AUTO 18010KT 9999 NCD 09/06 Q1013 NOSIG,M
EGLL,2026-03-02 04:50,48.20,42.80,81.47,170.00,9.00,0.00,29.91,M,6.21,M,NCD,M,M,M,M,M,M,M,M,M,M,M,M,M,M,43.66,COR EGLL 020450Z AUTO 17009KT 9999 NCD 09/06 Q1013 NOSIG,M
EGLL,2026-03-02 05:20,48.20,41.00,76.01,170.00,10.00,0.00,29.88,M,6.21,M,NCD,M,M,M,M,M,M,M,M,M,M,M,M,M,M,43.28,COR EGLL 020520Z AUTO 17010KT 9999 NCD 09/05 Q1012 NOSIG,M
EGLL,2026-03-02 05:50,48.20,41.00,76.01,160.00,9.00,0.00,29.88,M,6.21,M,NCD,M,M,M,M,M,M,M,M,M,M,M,M,M,M,43.66,COR EGLL 020550Z AUTO 16009KT 9999 NCD 09/05 Q1012 NOSIG,M
EGLL,2026-03-02 06:20,48.20,41.00,76.01,160.00,10.00,0.00,29.88,M,6.21,M,NCD,M,M,M,M,M,M,M,M,M,M,M,M,M,M,43.28,COR EGLL 020620Z AUTO 16010KT 9999 NCD 09/05 Q1012 NOSIG,M
EGLL,2026-03-02 06:50,48.20,41.00,76.01,160.00,9.00,0.00,29.91,M,6.21,M,NCD,M,M,M,M,M,M,M,M,M,M,M,M,M,M,43.66,COR EGLL 020650Z AUTO 16009KT 130V210 9999 NCD 09/05 Q1013 NOSIG,M
EGLL,2026-03-02 07:20,46.40,41.00,81.33,160.00,7.00,0.00,29.91,M,6.21,M,NCD,M,M,M,M,M,M,M,M,M,M,M,M,M,M,42.33,COR EGLL 020720Z AUTO 16007KT 130V220 9999 NCD 08/05 Q1013 NOSIG,M
EGLL,2026-03-02 07:50,48.20,42.80,81.47,160.00,5.00,0.00,29.91,M,6.21,M,NCD,M,M,M,M,M,M,M,M,M,M,M,M,M,M,45.63,COR EGLL 020750Z AUTO 16005KT 120V230 9999 NCD 09/06 Q1013 NOSIG,M
EGLL,2026-03-02 08:20,50.00,42.80,76.17,150.00,5.00,0.00,29.91,M,6.21,M,NCD,M,M,M,M,M,M,M,M,M,M,M,M,M,M,50.00,COR EGLL 020820Z AUTO 15005KT 110V240 9999 NCD 10/06 Q1013 NOSIG,M
EGLL,2026-03-02 08:50,51.80,42.80,71.26,180.00,8.00,0.00,29.94,M,6.21,M,NCD,M,M,M,M,M,M,M,M,M,M,M,M,M,M,51.80,COR EGLL 020850Z AUTO 18008KT 150V220 9999 NCD 11/06 Q1014 NOSIG,M
EGLL,2026-03-02 09:20,51.80,42.80,71.26,190.00,10.00,0.00,29.94,M,6.21,M,NCD,M,M,M,M,M,M,M,M,M,M,M,M,M,M,51.80,COR EGLL 020920Z AUTO 19010KT 160V230 9999 NCD 11/06 Q1014 NOSIG,M
EGLL,2026-03-02 09:50,53.60,42.80,66.70,200.00,13.00,0.00,29.94,M,6.21,M,NCD,M,M,M,M,M,M,M,M,M,M,M,M,M,M,53.60,COR EGLL 020950Z AUTO 20013KT 170V240 9999 NCD 12/06 Q1014 NOSIG,M
EGLL,2026-03-02 10:20,53.60,42.80,66.70,200.00,12.00,0.00,29.94,M,6.21,M,NCD,M,M,M,M,M,M,M,M,M,M,M,M,M,M,53.60,COR EGLL 021020Z AUTO 20012KT 150V240 9999 NCD 12/06 Q1014 NOSIG,M
EGLL,2026-03-02 10:50,55.40,44.60,66.91,190.00,13.00,0.00,29.94,M,6.21,M,NCD,M,M,M,M,M,M,M,M,M,M,M,M,M,M,55.40,COR EGLL 021050Z AUTO 19013KT 150V240 9999 NCD 13/07 Q1014 NOSIG,M
EGLL,2026-03-02 11:20,55.40,44.60,66.91,190.00,10.00,0.00,29.94,M,6.21,M,NCD,M,M,M,M,M,M,M,M,M,M,M,M,M,M,55.40,COR EGLL 021120Z AUTO 19010KT 150V240 9999 NCD 13/07 Q1014 NOSIG,M
EGLL,2026-03-02 11:50,57.20,44.60,62.70,190.00,11.00,0.00,29.94,M,6.21,M,NCD,M,M,M,M,M,M,M,M,M,M,M,M,M,M,57.20,COR EGLL 021150Z AUTO 19011KT 9999 NCD 14/07 Q1014 NOSIG,M
EGLL,2026-03-02 12:20,57.20,42.80,58.52,180.00,11.00,0.00,29.94,M,6.21,M,NCD,M,M,M,M,M,M,M,M,M,M,M,M,M,M,57.20,COR EGLL 021220Z AUTO 18011KT 150V230 9999 NCD 14/06 Q1014 NOSIG,M
EGLL,2026-03-02 12:50,59.00,44.60,58.78,150.00,11.00,0.00,29.94,M,6.21,M,NCD,M,M,M,M,M,M,M,M,M,M,M,M,M,M,59.00,COR EGLL 021250Z AUTO 15011KT 120V220 9999 NCD 15/07 Q1014 NOSIG,M
EGLL,2026-03-02 13:20,59.00,44.60,58.78,160.00,11.00,0.00,29.94,M,6.21,M,NCD,M,M,M,M,M,M,M,M,M,M,M,M,M,M,59.00,COR EGLL 021320Z AUTO 16011KT 140V210 9999 NCD 15/07 Q1014 NOSIG,M
EGLL,2026-03-02 13:50,59.00,44.60,58.78,160.00,11.00,0.00,29.94,M,6.21,M,NCD,M,M,M,M,M,M,M,M,M,M,M,M,M,M,59.00,COR EGLL 021350Z AUTO 16011KT 120V200 9999 NCD 15/07 Q1014 NOSIG,M
EGLL,2026-03-02 14:20,59.00,44.60,58.78,160.00,12.00,0.00,29.94,M,6.21,M,NCD,M,M,M,M,M,M,M,M,M,M,M,M,M,M,59.00,COR EGLL 021420Z AUTO 16012KT 130V220 9999 NCD 15/07 Q1014 NOSIG,M
EGLL,2026-03-02 14:50,59.00,46.40,62.93,170.00,10.00,0.00,29.94,M,6.21,M,NCD,M,M,M,M,M,M,M,M,M,M,M,M,M,M,59.00,COR EGLL 021450Z AUTO 17010KT 130V220 9999 NCD 15/08 Q1014 NOSIG,M
EGLL,2026-03-02 15:20,59.00,44.60,58.78,190.00,10.00,0.00,29.97,M,6.21,M,NCD,M,M,M,M,M,M,M,M,M,M,M,M,M,M,59.00,COR EGLL 021520Z AUTO 19010KT 160V230 9999 NCD 15/07 Q1015 NOSIG,M
EGLL,2026-03-02 15:50,59.00,44.60,58.78,150.00,12.00,0.00,29.97,M,6.21,M,NCD,M,M,M,M,M,M,M,-RA,M,M,M,M,M,M,59.00,COR EGLL 021550Z AUTO 15012KT 9999 -RA NCD 15/07 Q1015 NOSIG,M
EGLL,2026-03-02 16:20,59.00,44.60,58.78,200.00,11.00,0.00,29.97,M,6.21,M,NCD,M,M,M,M,M,M,M,M,M,M,M,M,M,M,59.00,COR EGLL 021620Z AUTO 20011KT 160V230 9999 NCD 15/07 Q1015 NOSIG,M
EGLL,2026-03-02 16:50,55.40,44.60,66.91,160.00,11.00,0.00,29.97,M,6.21,M,NCD,M,M,M,M,M,M,M,M,M,M,M,M,M,M,55.40,COR EGLL 021650Z AUTO 16011KT 9999 NCD 13/07 Q1015 NOSIG,M
EGLL,2026-03-02 17:20,55.40,44.60,66.91,160.00,11.00,0.00,30.00,M,6.21,M,NCD,M,M,M,M,M,M,M,M,M,M,M,M,M,M,55.40,COR EGLL 021720Z AUTO 16011KT 9999 NCD 13/07 Q1016 NOSIG,M
EGLL,2026-03-02 17:50,53.60,42.80,66.70,160.00,9.00,0.00,30.00,M,6.21,M,NCD,M,M,M,M,M,M,M,M,M,M,M,M,M,M,53.60,COR EGLL 021750Z AUTO 16009KT 100V190 9999 NCD 12/06 Q1016 NOSIG,M
EGLL,2026-03-02 18:20,53.60,42.80,66.70,180.00,10.00,0.00,30.03,M,6.21,M,NCD,M,M,M,M,M,M,M,M,M,M,M,M,M,M,53.60,COR EGLL 021820Z AUTO 18010KT 150V220 9999 NCD 12/06 Q1017 NOSIG,M
EGLL,2026-03-02 18:50,51.80,42.80,71.26,170.00,6.00,0.00,30.03,M,6.21,M,NCD,M,M,M,M,M,M,M,M,M,M,M,M,M,M,51.80,COR EGLL 021850Z AUTO 17006KT 120V220 9999 NCD 11/06 Q1017 NOSIG,M
EGLL,2026-03-02 19:20,50.00,42.80,76.17,180.00,4.00,0.00,30.03,M,6.21,M,NCD,M,M,M,M,M,M,M,-RA,M,M,M,M,M,M,50.00,COR EGLL 021920Z AUTO 18004KT 130V260 9999 -RA NCD 10/06 Q1017 NOSIG,M
EGLL,2026-03-02 19:50,50.00,42.80,76.17,210.00,5.00,0.00,30.06,M,6.21,M,NCD,M,M,M,M,M,M,M,M,M,M,M,M,M,M,50.00,COR EGLL 021950Z AUTO 21005KT 9999 NCD 10/06 Q1018 NOSIG,M
EGLL,2026-03-02 20:20,50.00,42.80,76.17,220.00,5.00,0.00,30.06,M,6.21,M,NCD,M,M,M,M,M,M,M,M,M,M,M,M,M,M,50.00,COR EGLL 022020Z AUTO 22005KT 190V250 9999 NCD 10/06 Q1018 NOSIG,M
EGLL,2026-03-02 20:50,50.00,42.80,76.17,230.00,5.00,0.00,30.06,M,6.21,M,NCD,M,M,M,M,M,M,M,M,M,M,M,M,M,M,50.00,COR EGLL 022050Z AUTO 23005KT 9999 NCD 10/06 Q1018 NOSIG,M
EGLL,2026-03-02 21:20,50.00,42.80,76.17,240.00,5.00,0.00,30.09,M,6.21,M,NCD,M,M,M,M,M,M,M,M,M,M,M,M,M,M,50.00,COR EGLL 022120Z AUTO 24005KT 9999 NCD 10/06 Q1019 NOSIG,M
EGLL,2026-03-02 21:50,50.00,42.80,76.17,280.00,3.00,0.00,30.09,M,6.21,M,NCD,M,M,M,M,M,M,M,M,M,M,M,M,M,M,50.00,COR EGLL 022150Z AUTO 28003KT 240V310 9999 NCD 10/06 Q1019 NOSIG,M
EGLL,2026-03-02 22:20,50.00,42.80,76.17,M,2.00,0.00,30.12,M,6.21,M,NCD,M,M,M,M,M,M,M,M,M,M,M,M,M,M,50.00,COR EGLL 022220Z AUTO VRB02KT 9999 NCD 10/06 Q1020 NOSIG,M
EGLL,2026-03-02 22:50,48.20,42.80,81.47,260.00,1.00,0.00,30.12,M,6.21,M,NCD,M,M,M,M,M,M,M,M,M,M,M,M,M,M,48.20,COR EGLL 022250Z AUTO 26001KT 9999 NCD 09/06 Q1020 NOSIG,M
EGLL,2026-03-02 23:20,48.20,42.80,81.47,340.00,1.00,0.00,30.12,M,6.21,M,NCD,M,M,M,M,M,M,M,M,M,M,M,M,M,M,48.20,COR EGLL 022320Z AUTO 34001KT 9999 NCD 09/06 Q1020 NOSIG,M
EGLL,2026-03-02 23:50,48.20,42.80,81.47,270.00,3.00,0.00,30.15,M,6.21,M,NCD,M,M,M,M,M,M,M,M,M,M,M,M,M,M,47.21,COR EGLL 022350Z AUTO 27003KT 9999 NCD 09/06 Q1021 NOSIG,M
EGLL,2026-03-03 00:20,48.20,42.80,81.47,120.00,1.00,0.00,30.15,M,6.21,M,NCD,M,M,M,M,M,M,M,M,M,M,M,M,M,M,48.20,COR EGLL 030020Z AUTO 12001KT 9999 NCD 09/06 Q1021 NOSIG,M
EGLL,2026-03-03 00:50,42.80,39.20,86.99,110.00,2.00,0.00,30.15,M,6.21,M,NCD,M,M,M,M,M,M,M,M,M,M,M,M,M,M,42.80,COR EGLL 030050Z AUTO 11002KT 9999 NCD 06/04 Q1021 NOSIG,M
EGLL,2026-03-03 01:20,44.60,41.00,87.08,M,1.00,0.00,30.18,M,6.21,M,SCT,M,M,M,3400.00,M,M,M,M,M,M,M,M,M,M,44.60,COR EGLL 030120Z AUTO VRB01KT 9999 SCT034 07/05 Q1022 NOSIG,M
EGLL,2026-03-03 01:50,42.80,41.00,93.29,60.00,1.00,0.00,30.18,M,6.21,M,BKN,M,M,M,3800.00,M,M,M,M,M,M,M,M,M,M,42.80,COR EGLL 030150Z AUTO 06001KT 9999 BKN038 06/05 Q1022 NOSIG,M
EGLL,2026-03-03 02:20,44.60,41.00,87.08,30.00,2.00,0.00,30.18,M,6.21,M,FEW,M,M,M,4000.00,M,M,M,M,M,M,M,M,M,M,44.60,COR EGLL 030220Z AUTO 03002KT 9999 FEW040 07/05 Q1022 NOSIG,M
EGLL,2026-03-03 02:50,44.60,41.00,87.08,290.00,1.00,0.00,30.18,M,6.21,M,BKN,M,M,M,4200.00,M,M,M,M,M,M,M,M,M,M,44.60,COR EGLL 030250Z AUTO 29001KT 9999 BKN042 07/05 Q1022 NOSIG,M
EGLL,2026-03-03 03:20,44.60,41.00,87.08,M,2.00,0.00,30.21,M,6.21,M,BKN,M,M,M,4400.00,M,M,M,M,M,M,M,M,M,M,44.60,COR EGLL 030320Z AUTO VRB02KT 9999 BKN044 07/05 Q1023 NOSIG,M
EGLL,2026-03-03 03:50,44.60,41.00,87.08,40.00,2.00,0.00,30.21,M,6.21,M,BKN,M,M,M,4800.00,M,M,M,M,M,M,M,M,M,M,44.60,COR EGLL 030350Z AUTO 04002KT 9999 BKN048 07/05 Q1023 NOSIG,M
EGLL,2026-03-03 04:20,44.60,41.00,87.08,110.00,1.00,0.00,30.21,M,6.21,M,NCD,M,M,M,M,M,M,M,M,M,M,M,M,M,M,44.60,COR EGLL 030420Z AUTO 11001KT 9999 NCD 07/05 Q1023 NOSIG,M
EGLL,2026-03-03 04:50,46.40,42.80,87.18,40.00,1.00,0.00,30.21,M,6.21,M,NCD,M,M,M,M,M,M,M,M,M,M,M,M,M,M,46.40,COR EGLL 030450Z AUTO 04001KT 9999 NCD 08/06 Q1023 NOSIG,M
EGLL,2026-03-03 05:20,44.60,41.00,87.08,M,2.00,0.00,30.24,M,6.21,M,NCD,M,M,M,M,M,M,M,M,M,M,M,M,M,M,44.60,COR EGLL 030520Z AUTO VRB02KT 9999 NCD 07/05 Q1024 NOSIG,M
EGLL,2026-03-03 05:50,42.80,41.00,93.29,360.00,1.00,0.00,30.24,M,6.21,M,NCD,M,M,M,M,M,M,M,M,M,M,M,M,M,M,42.80,COR EGLL 030550Z AUTO 36001KT 9999 NCD 06/05 Q1024 NOSIG,M
EGLL,2026-03-03 06:20,46.40,42.80,87.18,M,2.00,0.00,30.24,M,6.21,M,NCD,M,M,M,M,M,M,M,M,M,M,M,M,M,M,46.40,COR EGLL 030620Z AUTO VRB02KT 9999 NCD 08/06 Q1024 NOSIG,M
EGLL,2026-03-03 06:50,46.40,42.80,87.18,360.00,3.00,0.00,30.24,M,6.21,M,NCD,M,M,M,M,M,M,M,M,M,M,M,M,M,M,45.15,COR EGLL 030650Z AUTO 36003KT 330V030 9999 NCD 08/06 Q1024 NOSIG,M
EGLL,2026-03-03 07:20,46.40,42.80,87.18,340.00,3.00,0.00,30.27,M,6.21,M,FEW,M,M,M,4600.00,M,M,M,M,M,M,M,M,M,M,45.15,COR EGLL 030720Z AUTO 34003KT 310V010 9999 FEW046 08/06 Q1025 NOSIG,M
EGLL,2026-03-03 07:50,46.40,42.80,87.18,350.00,4.00,0.00,30.27,M,6.21,M,BKN,M,M,M,3900.00,M,M,M,M,M,M,M,M,M,M,44.24,COR EGLL 030750Z AUTO 35004KT 310V020 9999 BKN039 08/06 Q1025 NOSIG,M
EGLL,2026-03-03 08:20,48.20,44.60,87.28,40.00,4.00,0.00,30.30,M,6.21,M,FEW,M,M,M,3900.00,M,M,M,M,M,M,M,M,M,M,46.34,COR EGLL 030820Z AUTO 04004KT 010V070 9999 FEW039 09/07 Q1026 NOSIG,M
EGLL,2026-03-03 08:50,48.20,44.60,87.28,60.00,5.00,0.00,30.30,M,6.21,M,NCD,M,M,M,M,M,M,M,M,M,M,M,M,M,M,45.63,COR EGLL 030850Z AUTO 06005KT 9999 NCD 09/07 Q1026 NOSIG,M
EGLL,2026-03-03 09:20,50.00,46.40,87.37,80.00,6.00,0.00,30.30,M,6.21,M,NCD,M,M,M,M,M,M,M,M,M,M,M,M,M,M,50.00,COR EGLL 030920Z AUTO 08006KT 050V120 9999 NCD 10/08 Q1026 NOSIG,M
EGLL,2026-03-03 09:50,51.80,46.40,81.74,80.00,7.00,0.00,30.30,M,6.21,M,NCD,M,M,M,M,M,M,M,M,M,M,M,M,M,M,51.80,COR EGLL 030950Z AUTO 08007KT 040V100 9999 NCD 11/08 Q1026 NOSIG,M
EGLL,2026-03-03 10:20,53.60,46.40,76.51,70.00,7.00,0.00,30.30,M,6.21,M,NCD,M,M,M,M,M,M,M,M,M,M,M,M,M,M,53.60,COR EGLL 031020Z AUTO 07007KT 030V100 9999 NCD 12/08 Q1026 NOSIG,M
EGLL,2026-03-03 10:50,55.40,46.40,71.65,60.00,6.00,0.00,30.33,M,6.21,M,NCD,M,M,M,M,M,M,M,M,M,M,M,M,M,M,55.40,COR EGLL 031050Z AUTO 06006KT 030V100 9999 NCD 13/08 Q1027 NOSIG,M
EGLL,2026-03-03 11:20,55.40,44.60,66.91,70.00,6.00,0.00,30.33,M,6.21,M,NCD,M,M,M,M,M,M,M,M,M,M,M,M,M,M,55.40,COR EGLL 031120Z AUTO 07006KT 020V100 9999 NCD 13/07 Q1027 NOSIG,M
EGLL,2026-03-03 11:50,55.40,44.60,66.91,60.00,6.00,0.00,30.33,M,6.21,M,FEW,M,M,M,4500.00,M,M,M,M,M,M,M,M,M,M,55.40,COR EGLL 031150Z AUTO 06006KT 030V090 9999 FEW045 13/07 Q1027 NOSIG,M
EGLL,2026-03-03 12:20,55.40,44.60,66.91,60.00,6.00,0.00,30.33,M,6.21,M,NCD,M,M,M,M,M,M,M,M,M,M,M,M,M,M,55.40,COR EGLL 031220Z AUTO 06006KT 010V090 9999 NCD 13/07 Q1027 NOSIG,M
EGLL,2026-03-03 12:50,57.20,44.60,62.70,60.00,8.00,0.00,30.33,M,6.21,M,NCD,M,M,M,M,M,M,M,M,M,M,M,M,M,M,57.20,COR EGLL 031250Z AUTO 06008KT 9999 NCD 14/07 Q1027 NOSIG,M
EGLL,2026-03-03 13:20,57.20,44.60,62.70,80.00,7.00,0.00,30.33,M,6.21,M,SCT,M,M,M,4000.00,M,M,M,M,M,M,M,M,M,M,57.20,COR EGLL 031320Z AUTO 08007KT 9999 SCT040 14/07 Q1027 NOSIG,M
EGLL,2026-03-03 13:50,57.20,44.60,62.70,80.00,7.00,0.00,30.33,M,6.21,M,BKN,BKN,M,M,3800.00,4400.00,M,M,M,M,M,M,M,M,M,57.20,COR EGLL 031350Z AUTO 08007KT 9999 BKN038 BKN044 14/07 Q1027 NOSIG,M
EGLL,2026-03-03 14:20,57.20,44.60,62.70,60.00,5.00,0.00,30.33,M,6.21,M,SCT,M,M,M,4000.00,M,M,M,M,M,M,M,M,M,M,57.20,COR EGLL 031420Z AUTO 06005KT 040V100 9999 SCT040 14/07 Q1027 NOSIG,M
EGLL,2026-03-03 14:50,57.20,44.60,62.70,60.00,7.00,0.00,30.30,M,6.21,M,FEW,M,M,M,3700.00,M,M,M,M,M,M,M,M,M,M,57.20,COR EGLL 031450Z AUTO 06007KT 9999 FEW037 14/07 Q1026 NOSIG,M
EGLL,2026-03-03 15:20,57.20,44.60,62.70,60.00,6.00,0.00,30.33,M,6.21,M,NCD,M,M,M,M,M,M,M,M,M,M,M,M,M,M,57.20,COR EGLL 031520Z AUTO 06006KT 030V090 9999 NCD 14/07 Q1027 NOSIG,M
EGLL,2026-03-03 15:50,57.20,44.60,62.70,50.00,6.00,0.00,30.30,M,6.21,M,NCD,M,M,M,M,M,M,M,M,M,M,M,M,M,M,57.20,COR EGLL 031550Z AUTO 05006KT 9999 NCD 14/07 Q1026 NOSIG,M
EGLL,2026-03-03 16:20,57.20,44.60,62.70,60.00,6.00,0.00,30.30,M,6.21,M,NCD,M,M,M,M,M,M,M,M,M,M,M,M,M,M,57.20,COR EGLL 031620Z AUTO 06006KT 9999 NCD 14/07 Q1026 NOSIG,M
EGLL,2026-03-03 16:50,55.40,44.60,66.91,100.00,7.00,0.00,30.33,M,6.21,M,NCD,M,M,M,M,M,M,M,M,M,M,M,M,M,M,55.40,COR EGLL 031650Z AUTO 10007KT 9999 NCD 13/07 Q1027 NOSIG,M
EGLL,2026-03-03 17:20,53.60,42.80,66.70,100.00,10.00,0.00,30.33,M,6.21,M,NCD,M,M,M,M,M,M,M,M,M,M,M,M,M,M,53.60,COR EGLL 031720Z AUTO 10010KT 9999 NCD 12/06 Q1027 NOSIG,M
EGLL,2026-03-03 17:50,51.80,42.80,71.26,100.00,9.00,0.00,30.33,M,6.21,M,NCD,M,M,M,M,M,M,M,M,M,M,M,M,M,M,51.80,COR EGLL 031750Z AUTO 10009KT 9999 NCD 11/06 Q1027 NOSIG,M
EGLL,2026-03-03 18:20,50.00,41.00,71.06,90.00,7.00,0.00,30.33,M,6.21,M,NCD,M,M,M,M,M,M,M,M,M,M,M,M,M,M,50.00,COR EGLL 031820Z AUTO 09007KT 9999 NCD 10/05 Q1027 NOSIG,M
EGLL,2026-03-03 18:50,50.00,41.00,71.06,100.00,6.00,0.00,30.33,M,6.21,M,NCD,M,M,M,M,M,M,M,M,M,M,M,M,M,M,50.00,COR EGLL 031850Z AUTO 10006KT 9999 NCD 10/05 Q1027 NOSIG,M
EGLL,2026-03-03 19:20,48.20,39.20,70.87,100.00,7.00,0.00,30.36,M,6.21,M,NCD,M,M,M,M,M,M,M,M,M,M,M,M,M,M,44.53,COR EGLL 031920Z AUTO 10007KT 9999 NCD 09/04 Q1028 NOSIG,M
EGLL,2026-03-03 19:50,48.20,39.20,70.87,100.00,7.00,0.00,30.36,M,6.21,M,NCD,M,M,M,M,M,M,M,M,M,M,M,M,M,M,44.53,COR EGLL 031950Z AUTO 10007KT 9999 NCD 09/04 Q1028 NOSIG,M
EGLL,2026-03-03 20:20,48.20,39.20,70.87,100.00,7.00,0.00,30.36,M,6.21,M,NCD,M,M,M,M,M,M,M,M,M,M,M,M,M,M,44.53,COR EGLL 032020Z AUTO 10007KT 9999 NCD 09/04 Q1028 NOSIG,M
EGLL,2026-03-03 20:50,46.40,39.20,75.84,100.00,6.00,0.00,30.36,M,6.21,M,NCD,M,M,M,M,M,M,M,M,M,M,M,M,M,M,42.87,COR EGLL 032050Z AUTO 10006KT 9999 NCD 08/04 Q1028 NOSIG,M
EGLL,2026-03-03 21:20,44.60,39.20,81.20,90.00,5.00,0.00,30.36,M,6.21,M,NCD,M,M,M,M,M,M,M,M,M,M,M,M,M,M,41.36,COR EGLL 032120Z AUTO 09005KT 9999 NCD 07/04 Q1028 NOSIG,M
EGLL,2026-03-03 21:50,44.60,39.20,81.20,100.00,7.00,0.00,30.36,M,6.21,M,NCD,M,M,M,M,M,M,M,M,M,M,M,M,M,M,40.14,COR EGLL 032150Z AUTO 10007KT 9999 NCD 07/04 Q1028 NOSIG,M
EGLL,2026-03-03 22:20,46.40,39.20,75.84,60.00,4.00,0.00,30.36,M,6.21,M,NCD,M,M,M,M,M,M,M,M,M,M,M,M,M,M,44.24,COR EGLL 032220Z AUTO 06004KT 9999 NCD 08/04 Q1028 NOSIG,M
EGLL,2026-03-03 22:50,46.40,39.20,75.84,70.00,5.00,0.00,30.36,M,6.21,M,NCD,M,M,M,M,M,M,M,M,M,M,M,M,M,M,43.50,COR EGLL 032250Z AUTO 07005KT 9999 NCD 08/04 Q1028 NOSIG,M
EGLL,2026-03-03 23:20,46.40,39.20,75.84,50.00,5.00,0.00,30.36,M,6.21,M,NCD,M,M,M,M,M,M,M,M,M,M,M,M,M,M,43.50,COR EGLL 032320Z AUTO 05005KT 9999 NCD 08/04 Q1028 NOSIG,M
EGLL,2026-03-03 23:50,44.60,39.20,81.20,60.00,5.00,0.00,30.36,M,6.21,M,NCD,M,M,M,M,M,M,M,M,M,M,M,M,M,M,41.36,COR EGLL 032350Z AUTO 06005KT 9999 NCD 07/04 Q1028 NOSIG,M
EGLL,2026-03-04 00:20,42.80,39.20,86.99,60.00,5.00,0.00,30.36,M,6.21,M,NCD,M,M,M,M,M,M,M,M,M,M,M,M,M,M,39.22,COR EGLL 040020Z AUTO 06005KT 9999 NCD 06/04 Q1028 NOSIG,M
EGLL,2026-03-04 00:50,42.80,39.20,86.99,60.00,5.00,0.00,30.36,M,6.21,M,NCD,M,M,M,M,M,M,M,M,M,M,M,M,M,M,39.22,COR EGLL 040050Z AUTO 06005KT 040V100 9999 NCD 06/04 Q1028 NOSIG,M
EGLL,2026-03-04 01:20,41.00,39.20,93.24,70.00,6.00,0.00,30.36,M,6.21,M,FEW,M,M,M,800.00,M,M,M,M,M,M,M,M,M,M,36.37,COR EGLL 040120Z AUTO 07006KT 9999 FEW008 05/04 Q1028 NOSIG,M
EGLL,2026-03-04 01:50,42.80,39.20,86.99,70.00,5.00,0.00,30.36,M,6.21,M,BKN,M,M,M,800.00,M,M,M,M,M,M,M,M,M,M,39.22,COR EGLL 040150Z AUTO 07005KT 9999 BKN008 06/04 Q1028 NOSIG,M
EGLL,2026-03-04 02:20,42.80,39.20,86.99,70.00,4.00,0.00,30.33,M,6.21,M,OVC,M,M,M,800.00,M,M,M,M,M,M,M,M,M,M,40.03,COR EGLL 040220Z AUTO 07004KT 040V100 9999 OVC008 06/04 Q1027 NOSIG,M
EGLL,2026-03-04 02:50,42.80,41.00,93.29,70.00,4.00,0.00,30.33,M,6.21,M,OVC,M,M,M,700.00,M,M,M,M,M,M,M,M,M,M,40.03,COR EGLL 040250Z AUTO 07004KT 9999 OVC007 06/05 Q1027 NOSIG,M
EGLL,2026-03-04 03:20,42.80,41.00,93.29,60.00,4.00,0.00,30.33,M,6.21,M,OVC,M,M,M,700.00,M,M,M,M,M,M,M,M,M,M,40.03,COR EGLL 040320Z AUTO 06004KT 9999 OVC007 06/05 Q1027 NOSIG,M
EGLL,2026-03-04 03:50,42.80,41.00,93.29,70.00,4.00,0.00,30.33,M,6.21,M,OVC,M,M,M,700.00,M,M,M,M,M,M,M,M,M,M,40.03,COR EGLL 040350Z AUTO 07004KT 9999 OVC007 06/05 Q1027 NOSIG,M
EGLL,2026-03-04 04:20,42.80,41.00,93.29,60.00,5.00,0.00,30.33,M,6.21,M,OVC,M,M,M,700.00,M,M,M,M,M,M,M,M,M,M,39.22,COR EGLL 040420Z AUTO 06005KT 030V090 9999 OVC007 06/05 Q1027 NOSIG,M
EGLL,2026-03-04 04:50,42.80,41.00,93.29,80.00,5.00,0.00,30.33,M,6.21,M,OVC,M,M,M,700.00,M,M,M,M,M,M,M,M,M,M,39.22,COR EGLL 040450Z AUTO 08005KT 040V110 9999 OVC007 06/05 Q1027 NOSIG,M
EGLL,2026-03-04 05:20,42.80,41.00,93.29,90.00,5.00,0.00,30.30,M,6.21,M,OVC,M,M,M,600.00,M,M,M,M,M,M,M,M,M,M,39.22,COR EGLL 040520Z AUTO 09005KT 060V120 9999 OVC006 06/05 Q1026 NOSIG,M
EGLL,2026-03-04 05:50,42.80,41.00,93.29,100.00,6.00,0.00,30.30,M,5.59,M,OVC,M,M,M,500.00,M,M,M,M,M,M,M,M,M,M,38.54,COR EGLL 040550Z AUTO 10006KT 9000 OVC005 06/05 Q1026 TEMPO BKN004,M
EGLL,2026-03-04 06:20,42.80,41.00,93.29,80.00,5.00,0.00,30.30,M,3.73,M,OVC,M,M,M,400.00,M,M,M,M,M,M,M,M,M,M,39.22,COR EGLL 040620Z AUTO 08005KT 040V110 6000 OVC004 06/05 Q1026 NOSIG,M
EGLL,2026-03-04 06:50,42.80,41.00,93.29,80.00,4.00,0.00,30.30,M,2.67,M,OVC,M,M,M,300.00,M,M,M,HZ,M,M,M,M,M,M,40.03,COR EGLL 040650Z AUTO 08004KT 050V110 4300 HZ OVC003 06/05 Q1026 NOSIG,M
EGLL,2026-03-04 07:20,42.80,42.80,100.00,60.00,5.00,0.00,30.30,M,2.05,M,OVC,M,M,M,200.00,M,M,M,BR,M,M,M,M,M,M,39.22,COR EGLL 040720Z AUTO 06005KT 3300 BR OVC002 06/06 Q1026 TEMPO BKN005,M
EGLL,2026-03-04 07:50,42.80,42.80,100.00,60.00,6.00,0.00,30.30,M,2.24,M,OVC,M,M,M,200.00,M,M,M,BR,M,M,M,M,M,M,38.54,COR EGLL 040750Z AUTO 06006KT 3600 BR OVC002 06/06 Q1026 TEMPO BKN005,M
EGLL,2026-03-04 08:20,44.60,42.80,93.35,70.00,5.00,0.00,30.30,M,2.30,M,OVC,M,M,M,300.00,M,M,M,BR,M,M,M,M,M,M,41.36,COR EGLL 040820Z AUTO 07005KT 3700 BR OVC003 07/06 Q1026 BECMG BKN005,M
EGLL,2026-03-04 08:50,44.60,42.80,93.35,70.00,4.00,0.00,30.30,M,2.42,M,OVC,M,M,M,300.00,M,M,M,BR,M,M,M,M,M,M,42.13,COR EGLL 040850Z AUTO 07004KT 040V100 3900 BR OVC003 07/06 Q1026 BECMG BKN005,M
EGLL,2026-03-04 09:20,44.60,44.60,100.00,70.00,5.00,0.00,30.30,M,2.55,M,OVC,M,M,M,300.00,M,M,M,BR,M,M,M,M,M,M,41.36,COR EGLL 040920Z AUTO 07005KT 040V100 4100 BR OVC003 07/07 Q1026 BECMG BKN005,M
EGLL,2026-03-04 09:50,46.40,44.60,93.40,70.00,5.00,0.00,30.30,M,2.55,M,OVC,M,M,M,300.00,M,M,M,HZ,M,M,M,M,M,M,43.50,COR EGLL 040950Z AUTO 07005KT 4100 HZ OVC003 08/07 Q1026 BECMG BKN005,M
EGLL,2026-03-04 10:20,46.40,44.60,93.40,90.00,5.00,0.00,30.30,M,2.55,M,OVC,M,M,M,400.00,M,M,M,HZ,M,M,M,M,M,M,43.50,COR EGLL 041020Z AUTO 09005KT 050V130 4100 HZ OVC004 08/07 Q1026 BECMG 8000 BKN006,M
EGLL,2026-03-04 10:50,48.20,46.40,93.45,90.00,7.00,0.00,30.30,M,2.55,M,OVC,M,M,M,500.00,M,M,M,HZ,M,M,M,M,M,M,44.53,COR EGLL 041050Z AUTO 09007KT 050V110 4100 HZ OVC005 09/08 Q1026 BECMG 8000 SCT010,M
EGLL,2026-03-04 11:20,48.20,44.60,87.28,80.00,6.00,0.00,30.30,M,2.98,M,OVC,M,M,M,600.00,M,M,M,HZ,M,M,M,M,M,M,45.04,COR EGLL 041120Z AUTO 08006KT 050V110 4800 HZ OVC006 09/07 Q1026 BECMG 8000 BKN010,M
EGLL,2026-03-04 11:50,48.20,44.60,87.28,120.00,8.00,0.00,30.27,M,3.11,M,OVC,M,M,M,600.00,M,M,M,HZ,M,M,M,M,M,M,44.07,COR EGLL 041150Z AUTO 12008KT 5000 HZ OVC006 09/07 Q1025 BECMG 9999 FEW012,M
EGLL,2026-03-04 12:20,48.20,44.60,87.28,90.00,7.00,0.00,30.27,M,3.73,M,BKN,M,M,M,800.00,M,M,M,M,M,M,M,M,M,M,44.53,EGLL 041220Z AUTO 09007KT 6000 BKN008 09/07 Q1025,M
EGLL,2026-03-04 12:50,51.80,46.40,81.74,110.00,8.00,0.00,30.27,M,4.35,M,SCT,M,M,M,900.00,M,M,M,M,M,M,M,M,M,M,51.80,COR EGLL 041250Z AUTO 11008KT 070V130 7000 SCT009 11/08 Q1025 NOSIG,M
EGLL,2026-03-04 13:20,53.60,46.40,76.51,90.00,6.00,0.00,30.24,M,4.97,M,NCD,M,M,M,M,M,M,M,M,M,M,M,M,M,M,53.60,COR EGLL 041320Z AUTO 09006KT 050V120 8000 NCD 12/08 Q1024 NOSIG,M
EGLL,2026-03-04 13:50,53.60,46.40,76.51,80.00,7.00,0.00,30.24,M,5.59,M,NCD,M,M,M,M,M,M,M,M,M,M,M,M,M,M,53.60,COR EGLL 041350Z AUTO 08007KT 050V110 9000 NCD 12/08 Q1024 NOSIG,M
EGLL,2026-03-04 14:20,53.60,46.40,76.51,80.00,7.00,0.00,30.21,M,5.59,M,NCD,M,M,M,M,M,M,M,M,M,M,M,M,M,M,53.60,COR EGLL 041420Z AUTO 08007KT 9000 NCD 12/08 Q1023 NOSIG,M
EGLL,2026-03-04 14:50,55.40,46.40,71.65,80.00,7.00,0.00,30.21,M,5.59,M,NCD,M,M,M,M,M,M,M,M,M,M,M,M,M,M,55.40,COR EGLL 041450Z AUTO 08007KT 9000 NCD 13/08 Q1023 NOSIG,M
EGLL,2026-03-04 15:20,55.40,46.40,71.65,80.00,8.00,0.00,30.18,M,4.97,M,NCD,M,M,M,M,M,M,M,M,M,M,M,M,M,M,55.40,COR EGLL 041520Z AUTO 08008KT 050V110 8000 NCD 13/08 Q1022 NOSIG,M
EGLL,2026-03-04 15:50,55.40,46.40,71.65,90.00,9.00,0.00,30.18,M,4.97,M,NCD,M,M,M,M,M,M,M,M,M,M,M,M,M,M,55.40,COR EGLL 041550Z AUTO 09009KT 8000 NCD 13/08 Q1022 NOSIG,M
EGLL,2026-03-04 16:20,53.60,46.40,76.51,80.00,9.00,0.00,30.18,M,4.35,M,NCD,M,M,M,M,M,M,M,M,M,M,M,M,M,M,53.60,COR EGLL 041620Z AUTO 08009KT 7000 NCD 12/08 Q1022 NOSIG,M
EGLL,2026-03-04 16:50,51.80,46.40,81.74,90.00,8.00,0.00,30.15,M,3.73,M,NCD,M,M,M,M,M,M,M,M,M,M,M,M,M,M,51.80,COR EGLL 041650Z AUTO 09008KT 6000 NCD 11/08 Q1021 NOSIG,M
EGLL,2026-03-04 17:20,50.00,46.40,87.37,80.00,8.00,0.00,30.15,M,3.73,M,NCD,M,M,M,M,M,M,M,M,M,M,M,M,M,M,50.00,COR EGLL 041720Z AUTO 08008KT 6000 NCD 10/08 Q1021 NOSIG,M
EGLL,2026-03-04 17:50,48.20,46.40,93.45,90.00,7.00,0.00,30.15,M,2.86,M,NCD,M,M,M,M,M,M,M,HZ,M,M,M,M,M,M,44.53,COR EGLL 041750Z AUTO 09007KT 4600 HZ NCD 09/08 Q1021,M
EGLL,2026-03-04 18:20,48.20,44.60,87.28,90.00,8.00,0.00,30.15,M,3.04,M,NCD,M,M,M,M,M,M,M,HZ,M,M,M,M,M,M,44.07,COR EGLL 041820Z AUTO 09008KT 4900 HZ NCD 09/07 Q1021 NOSIG,M
EGLL,2026-03-04 18:50,46.40,44.60,93.40,90.00,8.00,0.00,30.18,M,2.67,M,NCD,M,M,M,M,M,M,M,HZ,M,M,M,M,M,M,41.85,COR EGLL 041850Z AUTO 09008KT 4300 HZ NCD 08/07 Q1022 NOSIG,M
EGLL,2026-03-04 19:20,46.40,44.60,93.40,90.00,9.00,0.00,30.15,M,2.55,M,NCD,M,M,M,M,M,M,M,HZ,M,M,M,M,M,M,41.42,COR EGLL 041920Z AUTO 09009KT 4100 HZ NCD 08/07 Q1021 NOSIG,M
EGLL,2026-03-04 19:50,46.40,44.60,93.40,90.00,11.00,0.00,30.15,M,2.24,M,BKN,M,M,M,400.00,M,M,M,HZ,M,M,M,M,M,M,40.66,COR EGLL 041950Z AUTO 09011KT 3600 HZ BKN004 08/07 Q1021 TEMPO SCT004,M
EGLL,2026-03-04 20:20,46.40,44.60,93.40,90.00,8.00,0.00,30.15,M,2.24,M,BKN,M,M,M,400.00,M,M,M,HZ,M,M,M,M,M,M,41.85,COR EGLL 042020Z AUTO 09008KT 3600 HZ BKN004 08/07 Q1021 TEMPO SCT004 BKN005,M
EGLL,2026-03-04 20:50,44.60,44.60,100.00,90.00,6.00,0.00,30.15,M,2.42,M,BKN,M,M,M,400.00,M,M,M,HZ,M,M,M,M,M,M,40.71,COR EGLL 042050Z AUTO 09006KT 3900 HZ BKN004 07/07 Q1021 BECMG FEW004,M
EGLL,2026-03-04 21:20,44.60,42.80,93.35,100.00,6.00,0.00,30.15,M,2.30,M,NCD,M,M,M,M,M,M,M,HZ,M,M,M,M,M,M,40.71,COR EGLL 042120Z AUTO 10006KT 3700 HZ NCD 07/06 Q1021 TEMPO 6000 NSW,M
EGLL,2026-03-04 21:50,44.60,42.80,93.35,90.00,5.00,0.00,30.15,M,2.17,M,NCD,M,M,M,M,M,M,M,HZ,M,M,M,M,M,M,41.36,COR EGLL 042150Z AUTO 09005KT 3500 HZ NCD 07/06 Q1021 TEMPO 6000 NSW,M
EGLL,2026-03-04 22:20,42.80,42.80,100.00,80.00,4.00,0.00,30.12,M,2.30,M,NCD,M,M,M,M,M,M,M,BR,M,M,M,M,M,M,40.03,COR EGLL 042220Z AUTO 08004KT 3700 BR NCD 06/06 Q1020 NOSIG,M
EGLL,2026-03-04 22:50,42.80,42.80,100.00,70.00,4.00,0.00,30.12,M,2.49,M,NCD,M,M,M,M,M,M,M,BR,M,M,M,M,M,M,40.03,COR EGLL 042250Z AUTO 07004KT 4000 BR NCD 06/06 Q1020 NOSIG,M
EGLL,2026-03-04 23:20,42.80,42.80,100.00,70.00,5.00,0.00,30.12,M,2.67,M,NCD,M,M,M,M,M,M,M,BR,M,M,M,M,M,M,39.22,COR EGLL 042320Z AUTO 07005KT 4300 BR NCD 06/06 Q1020 TEMPO 6000 NSW,M
EGLL,2026-03-04 23:50,42.80,42.80,100.00,70.00,5.00,0.00,30.09,M,2.92,M,NCD,M,M,M,M,M,M,M,BR,M,M,M,M,M,M,39.22,COR EGLL 042350Z AUTO 07005KT 4700 BR NCD 06/06 Q1019 TEMPO 6000 NSW,M
EGLL,2026-03-05 00:20,42.80,41.00,93.29,70.00,4.00,0.00,30.09,M,2.98,M,NCD,M,M,M,M,M,M,M,HZ,M,M,M,M,M,M,40.03,COR EGLL 050020Z AUTO 07004KT 4800 HZ NCD 06/05 Q1019 TEMPO 6000 NSW,M
EGLL,2026-03-05 00:50,42.80,41.00,93.29,70.00,6.00,0.00,30.09,M,2.98,M,NCD,M,M,M,M,M,M,M,HZ,M,M,M,M,M,M,38.54,COR EGLL 050050Z AUTO 07006KT 4800 HZ NCD 06/05 Q1019 TEMPO 6000 NSW,M
EGLL,2026-03-05 01:20,44.60,42.80,93.35,60.00,4.00,0.00,30.09,M,3.11,M,NCD,M,M,M,M,M,M,M,HZ,M,M,M,M,M,M,42.13,COR EGLL 050120Z AUTO 06004KT 5000 HZ NCD 07/06 Q1019 TEMPO 4000 BR,M
EGLL,2026-03-05 01:50,42.80,42.80,100.00,70.00,4.00,0.00,30.06,M,3.11,M,NCD,M,M,M,M,M,M,M,HZ,M,M,M,M,M,M,40.03,COR EGLL 050150Z AUTO 07004KT 5000 HZ NCD 06/06 Q1018 TEMPO 4000,M
EGLL,2026-03-05 02:20,42.80,41.00,93.29,70.00,4.00,0.00,30.06,M,3.73,M,NCD,M,M,M,M,M,M,M,M,M,M,M,M,M,M,40.03,COR EGLL 050220Z AUTO 07004KT 6000 NCD 06/05 Q1018 TEMPO 4000 BR,M
EGLL,2026-03-05 02:50,41.00,41.00,100.00,70.00,4.00,0.00,30.06,M,3.73,M,NCD,M,M,M,M,M,M,M,M,M,M,M,M,M,M,37.93,COR EGLL 050250Z AUTO 07004KT 6000 NCD 05/05 Q1018 TEMPO 4000 BR,M
EGLL,2026-03-05 03:20,41.00,41.00,100.00,70.00,4.00,0.00,30.03,M,3.73,M,NCD,M,M,M,M,M,M,M,M,M,M,M,M,M,M,37.93,COR EGLL 050320Z AUTO 07004KT 6000 NCD 05/05 Q1017 TEMPO 4000 BR,M
EGLL,2026-03-05 03:50,41.00,41.00,100.00,70.00,3.00,0.00,30.03,M,3.73,M,NCD,M,M,M,M,M,M,M,M,M,M,M,M,M,M,38.98,COR EGLL 050350Z AUTO 07003KT 6000 NCD 05/05 Q1017 TEMPO 4000 BR,M
EGLL,2026-03-05 04:20,42.80,41.00,93.29,50.00,2.00,0.00,30.03,M,4.35,M,NCD,M,M,M,M,M,M,M,M,M,M,M,M,M,M,42.80,COR EGLL 050420Z AUTO 05002KT 7000 NCD 06/05 Q1017 TEMPO 4000 BR,M
EGLL,2026-03-05 04:50,41.00,41.00,100.00,60.00,4.00,0.00,30.03,M,4.97,M,NCD,M,M,M,M,M,M,M,M,M,M,M,M,M,M,37.93,COR EGLL 050450Z AUTO 06004KT 8000 NCD 05/05 Q1017 TEMPO 4000 BR,M
EGLL,2026-03-05 05:20,41.00,39.20,93.24,70.00,4.00,0.00,30.03,M,4.97,M,NCD,M,M,M,M,M,M,M,M,M,M,M,M,M,M,37.93,COR EGLL 050520Z AUTO 07004KT 8000 NCD 05/04 Q1017 TEMPO 4000 BR,M
EGLL,2026-03-05 05:50,39.20,39.20,100.00,70.00,4.00,0.00,30.00,M,4.35,M,NCD,M,M,M,M,M,M,M,M,M,M,M,M,M,M,35.83,COR EGLL 050550Z AUTO 07004KT 7000 NCD 04/04 Q1016 TEMPO 4000 BR,M
EGLL,2026-03-05 06:20,41.00,41.00,100.00,70.00,4.00,0.00,30.00,M,4.35,M,NCD,M,M,M,M,M,M,M,M,M,M,M,M,M,M,37.93,COR EGLL 050620Z AUTO 07004KT 7000 NCD 05/05 Q1016 TEMPO 4000 BR,M
EGLL,2026-03-05 06:50,41.00,39.20,93.24,70.00,4.00,0.00,30.00,M,3.11,M,NCD,M,M,M,M,M,M,M,BR,M,M,M,M,M,M,37.93,COR EGLL 050650Z AUTO 07004KT 5000 BR NCD 05/04 Q1016 TEMPO 4000,M
EGLL,2026-03-05 07:20,41.00,41.00,100.00,70.00,3.00,0.00,30.00,M,3.73,M,NCD,M,M,M,M,M,M,M,M,M,M,M,M,M,M,38.98,COR EGLL 050720Z AUTO 07003KT 6000 NCD 05/05 Q1016 NOSIG,M
EGLL,2026-03-05 07:50,42.80,41.00,93.29,70.00,4.00,0.00,30.00,M,4.97,M,NCD,M,M,M,M,M,M,M,M,M,M,M,M,M,M,40.03,COR EGLL 050750Z AUTO 07004KT 8000 NCD 06/05 Q1016 NOSIG,M
EGLL,2026-03-05 08:20,44.60,42.80,93.35,70.00,4.00,0.00,30.00,M,5.59,M,NCD,M,M,M,M,M,M,M,M,M,M,M,M,M,M,42.13,COR EGLL 050820Z AUTO 07004KT 9000 NCD 07/06 Q1016 NOSIG,M
EGLL,2026-03-05 08:50,48.20,42.80,81.47,90.00,4.00,0.00,30.00,M,6.21,M,NCD,M,M,M,M,M,M,M,M,M,M,M,M,M,M,46.34,COR EGLL 050850Z AUTO 09004KT 9999 NCD 09/06 Q1016 NOSIG,M
EGLL,2026-03-05 09:20,50.00,44.60,81.60,90.00,3.00,0.00,30.00,M,6.21,M,NCD,M,M,M,M,M,M,M,M,M,M,M,M,M,M,50.00,COR EGLL 050920Z AUTO 09003KT 070V130 9999 NCD 10/07 Q1016 NOSIG,M
EGLL,2026-03-05 09:50,53.60,44.60,71.45,90.00,3.00,0.00,30.00,M,6.21,M,NCD,M,M,M,M,M,M,M,M,M,M,M,M,M,M,53.60,COR EGLL 050950Z AUTO 09003KT 060V120 9999 NCD 12/07 Q1016 NOSIG,M
EGLL,2026-03-05 10:20,55.40,46.40,71.65,120.00,3.00,0.00,30.00,M,6.21,M,NCD,M,M,M,M,M,M,M,M,M,M,M,M,M,M,55.40,COR EGLL 051020Z AUTO 12003KT 070V170 9999 NCD 13/08 Q1016 NOSIG,M
EGLL,2026-03-05 10:50,59.00,46.40,62.93,110.00,4.00,0.00,30.00,M,6.21,M,NCD,M,M,M,M,M,M,M,M,M,M,M,M,M,M,59.00,COR EGLL 051050Z AUTO 11004KT 070V140 9999 NCD 15/08 Q1016 NOSIG,M
EGLL,2026-03-05 11:20,60.80,46.40,59.02,140.00,6.00,0.00,30.00,M,6.21,M,NCD,M,M,M,M,M,M,M,M,M,M,M,M,M,M,60.80,COR EGLL 051120Z AUTO 14006KT 080V160 9999 NCD 16/08 Q1016 NOSIG,M
EGLL,2026-03-05 11:50,60.80,44.60,55.13,150.00,7.00,0.00,29.97,M,6.21,M,NCD,M,M,M,M,M,M,M,M,M,M,M,M,M,M,60.80,COR EGLL 051150Z AUTO 15007KT 9999 NCD 16/07 Q1015 NOSIG,M
EGLL,2026-03-05 12:20,62.60,44.60,51.73,140.00,8.00,0.00,29.97,M,6.21,M,NCD,M,M,M,M,M,M,M,M,M,M,M,M,M,M,62.60,COR EGLL 051220Z AUTO 14008KT 110V190 9999 NCD 17/07 Q1015 NOSIG,M
EGLL,2026-03-05 12:50,62.60,44.60,51.73,150.00,10.00,0.00,29.97,M,6.21,M,NCD,M,M,M,M,M,M,M,M,M,M,M,M,M,M,62.60,COR EGLL 051250Z AUTO 15010KT 9999 NCD 17/07 Q1015 NOSIG,M
EGLL,2026-03-05 13:20,64.40,46.40,52.00,140.00,10.00,0.00,29.94,M,6.21,M,NCD,M,M,M,M,M,M,M,M,M,M,M,M,M,M,64.40,COR EGLL 051320Z AUTO 14010KT 9999 NCD 18/08 Q1014 NOSIG,M
EGLL,2026-03-05 13:50,64.40,44.60,48.57,150.00,10.00,0.00,29.94,M,6.21,M,NCD,M,M,M,M,M,M,M,M,M,M,M,M,M,M,64.40,COR EGLL 051350Z AUTO 15010KT 120V190 9999 NCD 18/07 Q1014 NOSIG,M
EGLL,2026-03-05 14:20,64.40,44.60,48.57,160.00,10.00,0.00,29.94,M,6.21,M,NCD,M,M,M,M,M,M,M,M,M,M,M,M,M,M,64.40,COR EGLL 051420Z AUTO 16010KT 9999 NCD 18/07 Q1014 NOSIG,M
EGLL,2026-03-05 14:50,64.40,44.60,48.57,170.00,11.00,0.00,29.91,M,6.21,M,NCD,M,M,M,M,M,M,M,M,M,M,M,M,M,M,64.40,COR EGLL 051450Z AUTO 17011KT 9999 NCD 18/07 Q1013 NOSIG,M
EGLL,2026-03-05 15:20,64.40,46.40,52.00,160.00,9.00,0.00,29.91,M,6.21,M,NCD,M,M,M,M,M,M,M,M,M,M,M,M,M,M,64.40,COR EGLL 051520Z AUTO 16009KT 9999 NCD 18/08 Q1013 NOSIG,M
EGLL,2026-03-05 15:50,62.60,46.40,55.39,160.00,9.00,0.00,29.91,M,6.21,M,NCD,M,M,M,M,M,M,M,M,M,M,M,M,M,M,62.60,COR EGLL 051550Z AUTO 16009KT 9999 NCD 17/08 Q1013 NOSIG,M
EGLL,2026-03-05 16:20,62.60,46.40,55.39,160.00,9.00,0.00,29.91,M,6.21,M,NCD,M,M,M,M,M,M,M,M,M,M,M,M,M,M,62.60,COR EGLL 051620Z AUTO 16009KT 9999 NCD 17/08 Q1013 NOSIG,M
EGLL,2026-03-05 16:50,60.80,46.40,59.02,150.00,7.00,0.00,29.91,M,6.21,M,NCD,M,M,M,M,M,M,M,M,M,M,M,M,M,M,60.80,COR EGLL 051650Z AUTO 15007KT 9999 NCD 16/08 Q1013 NOSIG,M
EGLL,2026-03-05 17:20,59.00,44.60,58.78,160.00,7.00,0.00,29.91,M,6.21,M,NCD,M,M,M,M,M,M,M,M,M,M,M,M,M,M,59.00,COR EGLL 051720Z AUTO 16007KT 9999 NCD 15/07 Q1013 NOSIG,M
EGLL,2026-03-05 17:50,57.20,46.40,67.13,150.00,6.00,0.00,29.94,M,6.21,M,NCD,M,M,M,M,M,M,M,M,M,M,M,M,M,M,57.20,COR EGLL 051750Z AUTO 15006KT 9999 NCD 14/08 Q1014 NOSIG,M
EGLL,2026-03-05 18:20,57.20,46.40,67.13,160.00,8.00,0.00,29.94,M,6.21,M,NCD,M,M,M,M,M,M,M,M,M,M,M,M,M,M,57.20,COR EGLL 051820Z AUTO 16008KT 9999 NCD 14/08 Q1014 NOSIG,M
EGLL,2026-03-05 18:50,55.40,46.40,71.65,170.00,6.00,0.00,29.97,M,6.21,M,NCD,M,M,M,M,M,M,M,M,M,M,M,M,M,M,55.40,COR EGLL 051850Z AUTO 17006KT 9999 NCD 13/08 Q1015 NOSIG,M
EGLL,2026-03-05 19:20,55.40,46.40,71.65,150.00,6.00,0.00,29.97,M,6.21,M,NCD,M,M,M,M,M,M,M,M,M,M,M,M,M,M,55.40,COR EGLL 051920Z AUTO 15006KT 9999 NCD 13/08 Q1015 NOSIG,M
EGLL,2026-03-05 19:50,55.40,46.40,71.65,150.00,5.00,0.00,29.97,M,6.21,M,NCD,M,M,M,M,M,M,M,M,M,M,M,M,M,M,55.40,COR EGLL 051950Z AUTO 15005KT 9999 NCD 13/08 Q1015 NOSIG,M
EGLL,2026-03-05 20:20,53.60,44.60,71.45,150.00,4.00,0.00,29.97,M,6.21,M,NCD,M,M,M,M,M,M,M,M,M,M,M,M,M,M,53.60,COR EGLL 052020Z AUTO 15004KT 9999 NCD 12/07 Q1015 NOSIG,M
EGLL,2026-03-05 20:50,53.60,44.60,71.45,150.00,1.00,0.00,29.97,M,6.21,M,NCD,M,M,M,M,M,M,M,M,M,M,M,M,M,M,53.60,COR EGLL 052050Z AUTO 15001KT 9999 NCD 12/07 Q1015 NOSIG,M
EGLL,2026-03-05 21:20,53.60,44.60,71.45,110.00,1.00,0.00,29.97,M,6.21,M,NCD,M,M,M,M,M,M,M,M,M,M,M,M,M,M,53.60,COR EGLL 052120Z AUTO 11001KT 9999 NCD 12/07 Q1015 NOSIG,M
EGLL,2026-03-05 21:50,51.80,44.60,76.34,110.00,2.00,0.00,30.00,M,6.21,M,NCD,M,M,M,M,M,M,M,M,M,M,M,M,M,M,51.80,COR EGLL 052150Z AUTO 11002KT 9999 NCD 11/07 Q1016 NOSIG,M
EGLL,2026-03-05 22:20,51.80,44.60,76.34,100.00,3.00,0.00,29.97,M,6.21,M,NCD,M,M,M,M,M,M,M,M,M,M,M,M,M,M,51.80,COR EGLL 052220Z AUTO 10003KT 050V150 9999 NCD 11/07 Q1015 NOSIG,M
EGLL,2026-03-05 22:50,50.00,44.60,81.60,90.00,3.00,0.00,29.97,M,6.21,M,NCD,M,M,M,M,M,M,M,M,M,M,M,M,M,M,50.00,COR EGLL 052250Z AUTO 09003KT 9999 NCD 10/07 Q1015 NOSIG,M
EGLL,2026-03-05 23:20,50.00,44.60,81.60,M,2.00,0.00,30.00,M,6.21,M,NCD,M,M,M,M,M,M,M,M,M,M,M,M,M,M,50.00,COR EGLL 052320Z AUTO VRB02KT 9999 NCD 10/07 Q1016 NOSIG,M
EGLL,2026-03-05 23:50,50.00,44.60,81.60,M,2.00,0.00,30.00,M,6.21,M,NCD,M,M,M,M,M,M,M,M,M,M,M,M,M,M,50.00,COR EGLL 052350Z AUTO VRB02KT 9999 NCD 10/07 Q1016 NOSIG,M
EGLL,2026-03-06 00:20,50.00,44.60,81.60,30.00,1.00,0.00,30.00,M,6.21,M,NCD,M,M,M,M,M,M,M,M,M,M,M,M,M,M,50.00,COR EGLL 060020Z AUTO 03001KT 9999 NCD 10/07 Q1016 NOSIG,M
EGLL,2026-03-06 00:50,48.20,44.60,87.28,M,1.00,0.00,30.00,M,6.21,M,NCD,M,M,M,M,M,M,M,M,M,M,M,M,M,M,48.20,COR EGLL 060050Z AUTO VRB01KT 9999 NCD 09/07 Q1016 NOSIG,M
EGLL,2026-03-06 01:20,48.20,44.60,87.28,30.00,2.00,0.00,30.00,M,6.21,M,NCD,M,M,M,M,M,M,M,M,M,M,M,M,M,M,48.20,COR EGLL 060120Z AUTO 03002KT 9999 NCD 09/07 Q1016 NOSIG,M
EGLL,2026-03-06 01:50,50.00,44.60,81.60,280.00,1.00,0.00,30.00,M,6.21,M,BKN,M,M,M,3800.00,M,M,M,M,M,M,M,M,M,M,50.00,COR EGLL 060150Z AUTO 28001KT 9999 BKN038 10/07 Q1016 TEMPO 5000 BR,M
EGLL,2026-03-06 02:20,48.20,44.60,87.28,310.00,1.00,0.00,30.00,M,6.21,M,OVC,M,M,M,3800.00,M,M,M,M,M,M,M,M,M,M,48.20,COR EGLL 060220Z AUTO 31001KT 9999 OVC038 09/07 Q1016 NOSIG,M
EGLL,2026-03-06 02:50,48.20,44.60,87.28,0.00,0.00,0.00,30.00,M,6.21,M,BKN,M,M,M,3800.00,M,M,M,M,M,M,M,M,M,M,48.20,COR EGLL 060250Z AUTO 00000KT 9999 BKN038 09/07 Q1016 NOSIG,M
EGLL,2026-03-06 03:20,48.20,44.60,87.28,140.00,1.00,0.00,30.03,M,6.21,M,OVC,M,M,M,3900.00,M,M,M,M,M,M,M,M,M,M,48.20,COR EGLL 060320Z AUTO 14001KT 9999 OVC039 09/07 Q1017 NOSIG,M
EGLL,2026-03-06 03:50,48.20,44.60,87.28,190.00,2.00,0.00,30.03,M,6.21,M,BKN,M,M,M,3800.00,M,M,M,M,M,M,M,M,M,M,48.20,COR EGLL 060350Z AUTO 19002KT 9999 BKN038 09/07 Q1017 NOSIG,M
EGLL,2026-03-06 04:20,46.40,44.60,93.40,170.00,1.00,0.00,30.03,M,6.21,M,FEW,M,M,M,3800.00,M,M,M,M,M,M,M,M,M,M,46.40,COR EGLL 060420Z AUTO 17001KT 9999 FEW038 08/07 Q1017 NOSIG,M
EGLL,2026-03-06 04:50,48.20,44.60,87.28,300.00,4.00,0.00,30.06,M,6.21,M,NCD,M,M,M,M,M,M,M,M,M,M,M,M,M,M,46.34,COR EGLL 060450Z AUTO 30004KT 9999 NCD 09/07 Q1018 NOSIG,M
EGLL,2026-03-06 05:20,48.20,44.60,87.28,290.00,4.00,0.00,30.06,M,6.21,M,NCD,M,M,M,M,M,M,M,M,M,M,M,M,M,M,46.34,COR EGLL 060520Z AUTO 29004KT 9999 NCD 09/07 Q1018 NOSIG,M
EGLL,2026-03-06 05:50,48.20,44.60,87.28,M,2.00,0.00,30.06,M,6.21,M,NCD,M,M,M,M,M,M,M,M,M,M,M,M,M,M,48.20,COR EGLL 060550Z AUTO VRB02KT 9999 NCD 09/07 Q1018 NOSIG,M
EGLL,2026-03-06 06:20,48.20,44.60,87.28,280.00,4.00,0.00,30.06,M,5.59,M,NCD,M,M,M,M,M,M,M,M,M,M,M,M,M,M,46.34,COR EGLL 060620Z AUTO 28004KT 9000 NCD 09/07 Q1018 TEMPO 5000 BR,M
EGLL,2026-03-06 06:50,48.20,44.60,87.28,320.00,8.00,0.00,30.09,M,4.97,M,FEW,M,M,M,900.00,M,M,M,M,M,M,M,M,M,M,44.07,COR EGLL 060650Z AUTO 32008KT 300V360 8000 FEW009 09/07 Q1019 TEMPO 5000 BR BKN007,M
EGLL,2026-03-06 07:20,46.40,44.60,93.40,340.00,6.00,0.00,30.12,M,3.11,M,BKN,M,M,M,500.00,M,M,M,HZ,M,M,M,M,M,M,42.87,COR EGLL 060720Z AUTO 34006KT 280V020 5000 HZ BKN005 08/07 Q1020 TEMPO 4000,M
EGLL,2026-03-06 07:50,46.40,44.60,93.40,320.00,6.00,0.00,30.12,M,3.11,M,OVC,M,M,M,500.00,M,M,M,HZ,M,M,M,M,M,M,42.87,COR EGLL 060750Z AUTO 32006KT 290V350 5000 HZ OVC005 08/07 Q1020 TEMPO 4000,M
EGLL,2026-03-06 08:20,46.40,42.80,87.18,340.00,5.00,0.00,30.12,M,3.73,M,OVC,M,M,M,700.00,M,M,M,M,M,M,M,M,M,M,43.50,COR EGLL 060820Z AUTO 34005KT 290V030 6000 OVC007 08/06 Q1020 BECMG 9999 BKN010,M
EGLL,2026-03-06 08:50,46.40,42.80,87.18,340.00,5.00,0.00,30.15,M,5.59,M,OVC,M,M,M,800.00,M,M,M,M,M,M,M,M,M,M,43.50,COR EGLL 060850Z AUTO 34005KT 290V020 9000 OVC008 08/06 Q1021 BECMG 9999 BKN010,M
EGLL,2026-03-06 09:20,46.40,42.80,87.18,360.00,7.00,0.00,30.15,M,5.59,M,OVC,M,M,M,800.00,M,M,M,M,M,M,M,M,M,M,42.33,COR EGLL 060920Z AUTO 36007KT 320V030 9000 OVC008 08/06 Q1021 BECMG 9999 BKN010,M
EGLL,2026-03-06 09:50,46.40,42.80,87.18,350.00,5.00,0.00,30.15,M,6.21,M,OVC,M,M,M,900.00,M,M,M,M,M,M,M,M,M,M,43.50,COR EGLL 060950Z AUTO 35005KT 300V020 9999 OVC009 08/06 Q1021 BECMG 9999 BKN010,M
EGLL,2026-03-06 10:20,48.20,42.80,81.47,10.00,4.00,0.00,30.18,M,4.97,M,OVC,M,M,M,1000.00,M,M,M,M,M,M,M,M,M,M,46.34,COR EGLL 061020Z AUTO 01004KT 330V080 8000 OVC010 09/06 Q1022 TEMPO 9999 SCT012,M
EGLL,2026-03-06 10:50,48.20,42.80,81.47,350.00,5.00,0.00,30.18,M,4.97,M,OVC,M,M,M,1100.00,M,M,M,M,M,M,M,M,M,M,45.63,COR EGLL 061050Z AUTO 35005KT 300V040 8000 OVC011 09/06 Q1022 TEMPO BKN009,M
EGLL,2026-03-06 11:20,48.20,42.80,81.47,360.00,3.00,0.00,30.18,M,4.97,M,OVC,M,M,M,1100.00,M,M,M,M,M,M,M,M,M,M,47.21,COR EGLL 061120Z AUTO 36003KT 320V040 8000 OVC011 09/06 Q1022 NOSIG,M
EGLL,2026-03-06 11:50,48.20,42.80,81.47,350.00,4.00,0.00,30.18,M,4.97,M,OVC,M,M,M,1200.00,M,M,M,M,M,M,M,M,M,M,46.34,COR EGLL 061150Z AUTO 35004KT 300V050 8000 OVC012 09/06 Q1022 NOSIG,M
EGLL,2026-03-06 12:20,48.20,42.80,81.47,340.00,4.00,0.00,30.18,M,4.97,M,BKN,OVC,M,M,1300.00,2200.00,M,M,M,M,M,M,M,M,M,46.34,COR EGLL 061220Z AUTO 34004KT 290V040 8000 BKN013 OVC022 09/06 Q1022 NOSIG,M
EGLL,2026-03-06 12:50,48.20,42.80,81.47,350.00,5.00,0.00,30.18,M,4.35,M,BKN,OVC,M,M,1300.00,2200.00,M,M,-RA,M,M,M,M,M,M,45.63,COR EGLL 061250Z AUTO 35005KT 300V040 7000 -RA BKN013 OVC022 09/06 Q1022 NOSIG,M
EGLL,2026-03-06 13:20,48.20,44.60,87.28,360.00,7.00,0.00,30.18,M,3.11,M,OVC,///,M,M,1300.00,M,M,M,-RA,M,M,M,M,M,M,44.53,COR EGLL 061320Z AUTO 36007KT 5000 -RA OVC013/// //////TCU 09/07 Q1022 TEMPO 4000 RADZ,M
EGLL,2026-03-06 13:50,48.20,44.60,87.28,360.00,4.00,0.00,30.18,M,2.36,M,BKN,OVC,///,M,1100.00,2300.00,M,M,RA,M,M,M,M,M,M,46.34,COR EGLL 061350Z AUTO 36004KT 290V060 3800 RA BKN011/// OVC023/// //////CB 09/07 Q1022 TEMPO 6000,M
EGLL,2026-03-06 14:20,48.20,44.60,87.28,360.00,5.00,0.00,30.18,M,1.62,M,BKN,BKN,///,M,900.00,1300.00,M,M,+RA,M,M,M,M,M,M,45.63,COR EGLL 061420Z AUTO 36005KT 310V040 2600 +RA BKN009/// BKN013/// //////TCU 09/07 Q1022 BECMG 6000 RA BKN010,M
EGLL,2026-03-06 14:50,48.20,44.60,87.28,360.00,7.00,0.00,30.18,M,2.17,M,SCT,BKN,BKN,///,600.00,1100.00,2600.00,M,RA,M,M,M,M,M,M,44.53,COR EGLL 061450Z AUTO 36007KT 3500 RA SCT006/// BKN011/// BKN026/// //////CB 09/07 Q1022 RERA BECMG 6000,M
EGLL,2026-03-06 15:20,48.20,44.60,87.28,20.00,4.00,0.00,30.18,M,2.73,M,BKN,BKN,///,M,600.00,1300.00,M,M,RA,M,M,M,M,M,M,46.34,COR EGLL 061520Z AUTO 02004KT 270V060 4400 RA BKN006/// BKN013/// //////TCU 09/07 Q1022 NOSIG,M
EGLL,2026-03-06 15:50,48.20,44.60,87.28,30.00,5.00,0.00,30.18,M,5.59,M,BKN,OVC,M,M,900.00,1300.00,M,M,-RADZ,M,M,M,M,M,M,45.63,COR EGLL 061550Z AUTO 03005KT 360V070 9000 -RADZ BKN009 OVC013 09/07 Q1022 RERA TEMPO BKN010,M
EGLL,2026-03-06 16:20,46.40,44.60,93.40,30.00,5.00,0.00,30.18,M,3.11,M,BKN,OVC,///,M,900.00,1300.00,M,M,-RA,M,M,M,M,M,M,43.50,COR EGLL 061620Z AUTO 03005KT 340V070 5000 -RA BKN009/// OVC013/// //////TCU 08/07 Q1022 TEMPO 4000 RADZ,M
EGLL,2026-03-06 16:50,46.40,44.60,93.40,20.00,4.00,0.00,30.21,M,4.97,M,BKN,OVC,///,M,800.00,1100.00,M,M,-RA,M,M,M,M,M,M,44.24,COR EGLL 061650Z AUTO 02004KT 340V050 8000 -RA BKN008/// OVC011/// //////TCU 08/07 Q1023 TEMPO 4000 RADZ,M
EGLL,2026-03-06 17:20,46.40,44.60,93.40,350.00,4.00,0.00,30.21,M,3.73,M,BKN,OVC,///,M,800.00,1200.00,M,M,-RA,M,M,M,M,M,M,44.24,COR EGLL 061720Z AUTO 35004KT 320V030 6000 -RA BKN008/// OVC012/// //////TCU 08/07 Q1023 TEMPO 4000 RADZ,M
EGLL,2026-03-06 17:50,46.40,44.60,93.40,20.00,6.00,0.00,30.24,M,2.17,M,FEW,BKN,BKN,M,1000.00,1500.00,2500.00,M,RA,M,M,M,M,M,M,42.87,COR EGLL 061750Z AUTO 02006KT 340V050 3500 RA FEW010 BKN015 BKN025 08/07 Q1024 TEMPO 5000 -RA,M
EGLL,2026-03-06 18:20,46.40,44.60,93.40,360.00,5.00,0.00,30.24,M,3.11,M,SCT,BKN,OVC,M,700.00,1500.00,2900.00,M,-DZ,M,M,M,M,M,M,43.50,COR EGLL 061820Z AUTO 36005KT 320V020 5000 -DZ SCT007 BKN015 OVC029 08/07 Q1024 RERA TEMPO 3500 DZRA BKN007,M
EGLL,2026-03-06 18:50,46.40,44.60,93.40,10.00,4.00,0.00,30.24,M,3.73,M,SCT,BKN,OVC,M,600.00,1000.00,1900.00,M,-RADZ,M,M,M,M,M,M,44.24,COR EGLL 061850Z AUTO 01004KT 320V040 6000 -RADZ SCT006 BKN010 OVC019 08/07 Q1024 RERA TEMPO 4000 RADZ BKN007,M
EGLL,2026-03-06 19:20,46.40,44.60,93.40,360.00,5.00,0.00,30.27,M,2.92,M,SCT,BKN,OVC,M,500.00,900.00,1200.00,M,-DZ,M,M,M,M,M,M,43.50,COR EGLL 061920Z AUTO 36005KT 310V030 4700 -DZ SCT005 BKN009 OVC012 08/07 Q1025 RERA TEMPO 6000,M
EGLL,2026-03-06 19:50,46.40,44.60,93.40,360.00,6.00,0.00,30.27,M,3.11,M,BKN,OVC,M,M,600.00,1000.00,M,M,-RADZ,M,M,M,M,M,M,42.87,COR EGLL 061950Z AUTO 36006KT 320V040 5000 -RADZ BKN006 OVC010 08/07 Q1025 TEMPO 4000,M
EGLL,2026-03-06 20:20,44.60,44.60,100.00,360.00,5.00,0.00,30.27,M,5.59,M,SCT,SCT,BKN,M,400.00,800.00,1200.00,M,-RADZ,M,M,M,M,M,M,41.36,COR EGLL 062020Z AUTO 36005KT 330V040 9000 -RADZ SCT004 SCT008 BKN012 07/07 Q1025 TEMPO 5000 BKN008,M
EGLL,2026-03-06 20:50,44.60,42.80,93.35,10.00,5.00,0.00,30.27,M,5.59,M,FEW,OVC,M,M,600.00,2100.00,M,M,-RA,M,M,M,M,M,M,41.36,COR EGLL 062050Z AUTO 01005KT 330V050 9000 -RA FEW006 OVC021 07/06 Q1025 TEMPO 5000 SCT006 BKN010,M
EGLL,2026-03-06 21:20,44.60,42.80,93.35,40.00,4.00,0.00,30.30,M,4.97,M,FEW,SCT,OVC,M,600.00,2400.00,3100.00,M,-RADZ,M,M,M,M,M,M,42.13,COR EGLL 062120Z AUTO 04004KT 8000 -RADZ FEW006 SCT024 OVC031 07/06 Q1026 TEMPO 4000 SCT006 BKN010,M
EGLL,2026-03-06 21:50,44.60,42.80,93.35,30.00,5.00,0.00,30.30,M,6.21,M,FEW,SCT,BKN,///,700.00,2600.00,3600.00,M,-RADZ,M,M,M,M,M,M,41.36,COR EGLL 062150Z AUTO 03005KT 330V060 9999 -RADZ FEW007/// SCT026/// BKN036/// //////TCU 07/06 Q1026 TEMPO 4000 BKN007,M
EGLL,2026-03-06 22:20,44.60,44.60,100.00,360.00,5.00,0.00,30.30,M,5.59,M,BKN,OVC,M,M,600.00,2400.00,M,M,-RADZ,M,M,M,M,M,M,41.36,COR EGLL 062220Z AUTO 36005KT 320V030 9000 -RADZ BKN006 OVC024 07/07 Q1026 TEMPO 5000 BR,M
EGLL,2026-03-06 22:50,44.60,44.60,100.00,360.00,5.00,0.00,30.30,M,3.73,M,BKN,M,M,M,600.00,M,M,M,-RA,M,M,M,M,M,M,41.36,COR EGLL 062250Z AUTO 36005KT 330V030 6000 -RA BKN006 07/07 Q1026 TEMPO 5000 BR,M
EGLL,2026-03-06 23:20,44.60,42.80,93.35,30.00,5.00,0.00,30.30,M,3.11,M,BKN,M,M,M,500.00,M,M,M,-RADZ,M,M,M,M,M,M,41.36,COR EGLL 062320Z AUTO 03005KT 350V060 5000 -RADZ BKN005 07/06 Q1026 RERA TEMPO SCT005 BKN010,M
EGLL,2026-03-06 23:50,44.60,42.80,93.35,30.00,4.00,0.00,30.30,M,3.73,M,OVC,M,M,M,500.00,M,M,M,-RADZ,M,M,M,M,M,M,42.13,COR EGLL 062350Z AUTO 03004KT 360V070 6000 -RADZ OVC005 07/06 Q1026 TEMPO SCT005 BKN010,M
EGLL,2026-03-07 00:20,44.60,42.80,93.35,40.00,6.00,0.00,30.30,M,3.11,M,BKN,OVC,M,M,500.00,1600.00,M,M,-RADZ,M,M,M,M,M,M,40.71,COR EGLL 070020Z AUTO 04006KT 5000 -RADZ BKN005 OVC016 07/06 Q1026 TEMPO SCT005 BKN010,M
EGLL,2026-03-07 00:50,44.60,42.80,93.35,60.00,4.00,0.00,30.30,M,4.35,M,BKN,OVC,M,M,500.00,1100.00,M,M,M,M,M,M,M,M,M,42.13,COR EGLL 070050Z AUTO 06004KT 010V090 7000 BKN005 OVC011 07/06 Q1026 TEMPO 5000 -DZ BR,M
EGLL,2026-03-07 01:20,44.60,42.80,93.35,50.00,5.00,0.00,30.30,M,6.21,M,BKN,M,M,M,600.00,M,M,M,M,M,M,M,M,M,M,41.36,COR EGLL 070120Z AUTO 05005KT 9999 BKN006 07/06 Q1026 TEMPO 5000 -DZ BR,M
EGLL,2026-03-07 01:50,44.60,42.80,93.35,60.00,5.00,0.00,30.30,M,6.21,M,OVC,M,M,M,800.00,M,M,M,M,M,M,M,M,M,M,41.36,COR EGLL 070150Z AUTO 06005KT 9999 OVC008 07/06 Q1026 NOSIG,M
EGLL,2026-03-07 02:20,44.60,42.80,93.35,50.00,5.00,0.00,30.30,M,6.21,M,OVC,M,M,M,800.00,M,M,M,M,M,M,M,M,M,M,41.36,COR EGLL 070220Z AUTO 05005KT 020V080 9999 OVC008 07/06 Q1026 NOSIG,M
EGLL,2026-03-07 02:50,44.60,42.80,93.35,50.00,5.00,0.00,30.30,M,6.21,M,OVC,M,M,M,700.00,M,M,M,M,M,M,M,M,M,M,41.36,COR EGLL 070250Z AUTO 05005KT 010V070 9999 OVC007 07/06 Q1026 NOSIG,M
EGLL,2026-03-07 03:20,44.60,42.80,93.35,50.00,4.00,0.00,30.30,M,6.21,M,OVC,M,M,M,700.00,M,M,M,M,M,M,M,M,M,M,42.13,COR EGLL 070320Z AUTO 05004KT 9999 OVC007 07/06 Q1026 NOSIG,M
EGLL,2026-03-07 03:50,44.60,42.80,93.35,40.00,6.00,0.00,30.30,M,6.21,M,OVC,M,M,M,600.00,M,M,M,M,M,M,M,M,M,M,40.71,COR EGLL 070350Z AUTO 04006KT 9999 OVC006 07/06 Q1026 TEMPO 5000 -DZ BR,M
EGLL,2026-03-07 04:20,44.60,42.80,93.35,50.00,5.00,0.00,30.30,M,3.11,M,OVC,M,M,M,500.00,M,M,M,-DZ,M,M,M,M,M,M,41.36,COR EGLL 070420Z AUTO 05005KT 010V070 5000 -DZ OVC005 07/06 Q1026 TEMPO 3000 BR BKN004,M
EGLL,2026-03-07 04:50,44.60,42.80,93.35,60.00,6.00,0.00,30.30,M,3.73,M,OVC,M,M,M,500.00,M,M,M,M,M,M,M,M,M,M,40.71,COR EGLL 070450Z AUTO 06006KT 6000 OVC005 07/06 Q1026 TEMPO 3000 BR BKN004,M
EGLL,2026-03-07 05:20,44.60,42.80,93.35,60.00,6.00,0.00,30.30,M,4.97,M,OVC,M,M,M,500.00,M,M,M,M,M,M,M,M,M,M,40.71,COR EGLL 070520Z AUTO 06006KT 8000 OVC005 07/06 Q1026 TEMPO 3000 BR BKN004,M
EGLL,2026-03-07 05:50,44.60,42.80,93.35,60.00,5.00,0.00,30.30,M,4.35,M,OVC,M,M,M,500.00,M,M,M,M,M,M,M,M,M,M,41.36,COR EGLL 070550Z AUTO 06005KT 030V090 7000 OVC005 07/06 Q1026 TEMPO 3000 BR BKN004,M
EGLL,2026-03-07 06:20,44.60,42.80,93.35,50.00,5.00,0.00,30.30,M,4.35,M,OVC,M,M,M,500.00,M,M,M,M,M,M,M,M,M,M,41.36,COR EGLL 070620Z AUTO 05005KT 030V090 7000 OVC005 07/06 Q1026 TEMPO 3000 BR BKN004,M
EGLL,2026-03-07 06:50,44.60,42.80,93.35,50.00,6.00,0.00,30.30,M,4.35,M,OVC,M,M,M,500.00,M,M,M,M,M,M,M,M,M,M,40.71,COR EGLL 070650Z AUTO 05006KT 7000 OVC005 07/06 Q1026 TEMPO 3000 BR BKN004,M
EGLL,2026-03-07 07:20,44.60,42.80,93.35,50.00,7.00,0.00,30.30,M,5.59,M,OVC,M,M,M,500.00,M,M,M,M,M,M,M,M,M,M,40.14,EGLL 070720Z AUTO 05007KT 9000 OVC005 07/06 Q1026,M
EGLL,2026-03-07 07:50,44.60,42.80,93.35,50.00,5.00,0.00,30.30,M,6.21,M,OVC,M,M,M,500.00,M,M,M,M,M,M,M,M,M,M,41.36,EGLL 070750Z AUTO 05005KT 9999 OVC005 07/06 Q1026,M
EGLL,2026-03-07 08:20,44.60,42.80,93.35,60.00,4.00,0.00,30.33,M,6.21,M,OVC,M,M,M,500.00,M,M,M,M,M,M,M,M,M,M,42.13,EGLL 070820Z AUTO 06004KT 9999 OVC005 07/06 Q1027,M
EGLL,2026-03-07 08:50,44.60,42.80,93.35,60.00,4.00,0.00,30.33,M,6.21,M,OVC,M,M,M,500.00,M,M,M,M,M,M,M,M,M,M,42.13,COR EGLL 070850Z AUTO 06004KT 9999 OVC005 07/06 Q1027 TEMPO BKN004,M
EGLL,2026-03-07 09:20,44.60,42.80,93.35,60.00,5.00,0.00,30.33,M,6.21,M,OVC,M,M,M,500.00,M,M,M,M,M,M,M,M,M,M,41.36,COR EGLL 070920Z AUTO 06005KT 9999 OVC005 07/06 Q1027 TEMPO BKN004,M
EGLL,2026-03-07 09:50,46.40,44.60,93.40,60.00,6.00,0.00,30.33,M,6.21,M,OVC,M,M,M,500.00,M,M,M,M,M,M,M,M,M,M,42.87,COR EGLL 070950Z AUTO 06006KT 030V090 9999 OVC005 08/07 Q1027 TEMPO BKN004,M
EGLL,2026-03-07 10:20,46.40,44.60,93.40,60.00,6.00,0.00,30.33,M,6.21,M,OVC,M,M,M,400.00,M,M,M,M,M,M,M,M,M,M,42.87,COR EGLL 071020Z AUTO 06006KT 9999 OVC004 08/07 Q1027 TEMPO BKN005,M
EGLL,2026-03-07 10:50,46.40,44.60,93.40,60.00,5.00,0.00,30.33,M,6.21,M,OVC,M,M,M,500.00,M,M,M,M,M,M,M,M,M,M,43.50,COR EGLL 071050Z AUTO 06005KT 030V090 9999 OVC005 08/07 Q1027 TEMPO BKN004,M
EGLL,2026-03-07 11:20,46.40,44.60,93.40,70.00,5.00,0.00,30.33,M,6.21,M,OVC,M,M,M,500.00,M,M,M,M,M,M,M,M,M,M,43.50,COR EGLL 071120Z AUTO 07005KT 040V110 9999 OVC005 08/07 Q1027 TEMPO BKN004,M
EGLL,2026-03-07 11:50,46.40,44.60,93.40,70.00,5.00,0.00,30.33,M,6.21,M,OVC,M,M,M,600.00,M,M,M,M,M,M,M,M,M,M,43.50,COR EGLL 071150Z AUTO 07005KT 040V100 9999 OVC006 08/07 Q1027 NOSIG,M
EGLL,2026-03-07 12:20,48.20,44.60,87.28,70.00,4.00,0.00,30.33,M,6.21,M,OVC,M,M,M,600.00,M,M,M,M,M,M,M,M,M,M,46.34,COR EGLL 071220Z AUTO 07004KT 040V100 9999 OVC006 09/07 Q1027 NOSIG,M
EGLL,2026-03-07 12:50,48.20,44.60,87.28,60.00,4.00,0.00,30.30,M,6.21,M,OVC,M,M,M,600.00,M,M,M,M,M,M,M,M,M,M,46.34,COR EGLL 071250Z AUTO 06004KT 030V090 9999 OVC006 09/07 Q1026 NOSIG,M
EGLL,2026-03-07 13:20,48.20,44.60,87.28,70.00,5.00,0.00,30.30,M,6.21,M,OVC,M,M,M,700.00,M,M,M,M,M,M,M,M,M,M,45.63,COR EGLL 071320Z AUTO 07005KT 9999 OVC007 09/07 Q1026 NOSIG,M
EGLL,2026-03-07 13:50,48.20,46.40,93.45,60.00,6.00,0.00,30.30,M,6.21,M,OVC,M,M,M,700.00,M,M,M,M,M,M,M,M,M,M,45.04,COR EGLL 071350Z AUTO 06006KT 9999 OVC007 09/08 Q1026 NOSIG,M
EGLL,2026-03-07 14:20,48.20,44.60,87.28,70.00,5.00,0.00,30.30,M,6.21,M,OVC,M,M,M,700.00,M,M,M,M,M,M,M,M,M,M,45.63,COR EGLL 071420Z AUTO 07005KT 9999 OVC007 09/07 Q1026 NOSIG,M
EGLL,2026-03-07 14:50,48.20,44.60,87.28,60.00,3.00,0.00,30.30,M,6.21,M,OVC,M,M,M,800.00,M,M,M,M,M,M,M,M,M,M,47.21,COR EGLL 071450Z AUTO 06003KT 010V090 9999 OVC008 09/07 Q1026 TEMPO BKN010,M
EGLL,2026-03-07 15:20,48.20,44.60,87.28,110.00,6.00,0.00,30.30,M,6.21,M,OVC,M,M,M,1000.00,M,M,M,M,M,M,M,M,M,M,45.04,COR EGLL 071520Z AUTO 11006KT 9999 OVC010 09/07 Q1026 TEMPO BKN009,M
EGLL,2026-03-07 15:50,48.20,44.60,87.28,100.00,6.00,0.00,30.30,M,6.21,M,OVC,M,M,M,1000.00,M,M,M,M,M,M,M,M,M,M,45.04,COR EGLL 071550Z AUTO 10006KT 9999 OVC010 09/07 Q1026 TEMPO BKN009,M
EGLL,2026-03-07 16:20,48.20,44.60,87.28,100.00,11.00,0.00,30.27,M,6.21,M,OVC,M,M,M,1000.00,M,M,M,M,M,M,M,M,M,M,42.94,COR EGLL 071620Z AUTO 10011KT 9999 OVC010 09/07 Q1025 TEMPO BKN009,M
EGLL,2026-03-07 16:50,48.20,44.60,87.28,110.00,8.00,0.00,30.27,M,6.21,M,OVC,M,M,M,1000.00,M,M,M,M,M,M,M,M,M,M,44.07,COR EGLL 071650Z AUTO 11008KT 9999 OVC010 09/07 Q1025 TEMPO BKN009,M
EGLL,2026-03-07 17:20,48.20,44.60,87.28,90.00,7.00,0.00,30.30,M,6.21,M,OVC,M,M,M,900.00,M,M,M,M,M,M,M,M,M,M,44.53,COR EGLL 071720Z AUTO 09007KT 060V120 9999 OVC009 09/07 Q1026 NOSIG,M
EGLL,2026-03-07 17:50,48.20,44.60,87.28,100.00,7.00,0.00,30.30,M,6.21,M,OVC,M,M,M,800.00,M,M,M,M,M,M,M,M,M,M,44.53,COR EGLL 071750Z AUTO 10007KT 9999 OVC008 09/07 Q1026 NOSIG,M
EGLL,2026-03-07 18:20,48.20,44.60,87.28,120.00,8.00,0.00,30.30,M,6.21,M,OVC,M,M,M,800.00,M,M,M,M,M,M,M,M,M,M,44.07,COR EGLL 071820Z AUTO 12008KT 9999 OVC008 09/07 Q1026 NOSIG,M
EGLL,2026-03-07 18:50,48.20,44.60,87.28,100.00,6.00,0.00,30.30,M,6.21,M,OVC,M,M,M,700.00,M,M,M,M,M,M,M,M,M,M,45.04,COR EGLL 071850Z AUTO 10006KT 9999 OVC007 09/07 Q1026 NOSIG,M
EGLL,2026-03-07 19:20,48.20,44.60,87.28,110.00,8.00,0.00,30.30,M,6.21,M,OVC,M,M,M,700.00,M,M,M,M,M,M,M,M,M,M,44.07,COR EGLL 071920Z AUTO 11008KT 9999 OVC007 09/07 Q1026 NOSIG,M
EGLL,2026-03-07 19:50,46.40,44.60,93.40,110.00,8.00,0.00,30.30,M,6.21,M,OVC,M,M,M,700.00,M,M,M,M,M,M,M,M,M,M,41.85,COR EGLL 071950Z AUTO 11008KT 9999 OVC007 08/07 Q1026 NOSIG,M
EGLL,2026-03-07 20:20,46.40,44.60,93.40,110.00,7.00,0.00,30.30,M,6.21,M,OVC,M,M,M,600.00,M,M,M,M,M,M,M,M,M,M,42.33,COR EGLL 072020Z AUTO 11007KT 9999 OVC006 08/07 Q1026 NOSIG,M
EGLL,2026-03-07 20:50,46.40,44.60,93.40,100.00,6.00,0.00,30.30,M,6.21,M,OVC,M,M,M,600.00,M,M,M,M,M,M,M,M,M,M,42.87,COR EGLL 072050Z AUTO 10006KT 060V130 9999 OVC006 08/07 Q1026 NOSIG,M
EGLL,2026-03-07 21:20,46.40,44.60,93.40,90.00,6.00,0.00,30.30,M,5.59,M,OVC,M,M,M,500.00,M,M,M,M,M,M,M,M,M,M,42.87,COR EGLL 072120Z AUTO 09006KT 060V120 9000 OVC005 08/07 Q1026 TEMPO 4000 BR BKN004,M
EGLL,2026-03-07 21:50,46.40,44.60,93.40,120.00,7.00,0.00,30.30,M,6.21,M,OVC,M,M,M,500.00,M,M,M,M,M,M,M,M,M,M,42.33,COR EGLL 072150Z AUTO 12007KT 9999 OVC005 08/07 Q1026 TEMPO BKN004,M
EGLL,2026-03-07 22:20,46.40,44.60,93.40,110.00,5.00,0.00,30.30,M,4.97,M,OVC,M,M,M,400.00,M,M,M,M,M,M,M,M,M,M,43.50,COR EGLL 072220Z AUTO 11005KT 8000 OVC004 08/07 Q1026 TEMPO 4000 BR BKN005,M
EGLL,2026-03-07 22:50,46.40,44.60,93.40,110.00,6.00,0.00,30.30,M,4.35,M,OVC,M,M,M,400.00,M,M,M,M,M,M,M,M,M,M,42.87,COR EGLL 072250Z AUTO 11006KT 7000 OVC004 08/07 Q1026 NOSIG,M
EGLL,2026-03-07 23:20,46.40,44.60,93.40,100.00,5.00,0.00,30.27,M,4.35,M,OVC,M,M,M,400.00,M,M,M,M,M,M,M,M,M,M,43.50,COR EGLL 072320Z AUTO 10005KT 050V140 7000 OVC004 08/07 Q1025 NOSIG,M
EGLL,2026-03-07 23:50,46.40,44.60,93.40,70.00,5.00,0.00,30.27,M,3.73,M,OVC,M,M,M,400.00,M,M,M,M,M,M,M,M,M,M,43.50,COR EGLL 072350Z AUTO 07005KT 040V100 6000 OVC004 08/07 Q1025 NOSIG,M
EGLL,2026-03-08 00:20,46.40,44.60,93.40,80.00,5.00,0.00,30.27,M,3.11,M,OVC,M,M,M,400.00,M,M,M,HZ,M,M,M,M,M,M,43.50,COR EGLL 080020Z AUTO 08005KT 5000 HZ OVC004 08/07 Q1025 TEMPO 4000 BR,M
EGLL,2026-03-08 00:50,46.40,46.40,100.00,80.00,5.00,0.00,30.27,M,3.73,M,OVC,M,M,M,400.00,M,M,M,M,M,M,M,M,M,M,43.50,COR EGLL 080050Z AUTO 08005KT 6000 OVC004 08/08 Q1025 TEMPO 4000 BR BKN005,M
EGLL,2026-03-08 01:20,46.40,44.60,93.40,60.00,5.00,0.00,30.27,M,3.11,M,OVC,M,M,M,400.00,M,M,M,HZ,M,M,M,M,M,M,43.50,COR EGLL 080120Z AUTO 06005KT 5000 HZ OVC004 08/07 Q1025 TEMPO 4000 BR,M
EGLL,2026-03-08 01:50,46.40,44.60,93.40,60.00,5.00,0.00,30.27,M,3.73,M,OVC,M,M,M,400.00,M,M,M,M,M,M,M,M,M,M,43.50,COR EGLL 080150Z AUTO 06005KT 030V090 6000 OVC004 08/07 Q1025 TEMPO 4000 BR,M
EGLL,2026-03-08 02:20,46.40,44.60,93.40,90.00,5.00,0.00,30.24,M,4.35,M,OVC,M,M,M,400.00,M,M,M,M,M,M,M,M,M,M,43.50,COR EGLL 080220Z AUTO 09005KT 060V120 7000 OVC004 08/07 Q1024 TEMPO 4000 BR,M
EGLL,2026-03-08 02:50,46.40,44.60,93.40,80.00,5.00,0.00,30.24,M,4.35,M,OVC,M,M,M,400.00,M,M,M,M,M,M,M,M,M,M,43.50,COR EGLL 080250Z AUTO 08005KT 050V110 7000 OVC004 08/07 Q1024 TEMPO 4000 BR,M
EGLL,2026-03-08 03:20,46.40,44.60,93.40,100.00,6.00,0.00,30.24,M,4.35,M,OVC,M,M,M,400.00,M,M,M,M,M,M,M,M,M,M,42.87,COR EGLL 080320Z AUTO 10006KT 7000 OVC004 08/07 Q1024 TEMPO 4000 BR,M
EGLL,2026-03-08 03:50,46.40,44.60,93.40,80.00,7.00,0.00,30.24,M,3.73,M,OVC,M,M,M,300.00,M,M,M,M,M,M,M,M,M,M,42.33,COR EGLL 080350Z AUTO 08007KT 6000 OVC003 08/07 Q1024 TEMPO 4000 BR,M
EGLL,2026-03-08 04:20,46.40,44.60,93.40,100.00,5.00,0.00,30.24,M,3.11,M,OVC,M,M,M,300.00,M,M,M,BR,M,M,M,M,M,M,43.50,COR EGLL 080420Z AUTO 10005KT 5000 BR OVC003 08/07 Q1024 TEMPO 4000 BR,M
EGLL,2026-03-08 04:50,46.40,44.60,93.40,110.00,7.00,0.00,30.24,M,2.92,M,OVC,M,M,M,200.00,M,M,M,BR,M,M,M,M,M,M,42.33,COR EGLL 080450Z AUTO 11007KT 4700 BR OVC002 08/07 Q1024 NOSIG,M
EGLL,2026-03-08 05:20,46.40,44.60,93.40,110.00,7.00,0.00,30.24,M,2.98,M,OVC,M,M,M,200.00,M,M,M,BR,M,M,M,M,M,M,42.33,COR EGLL 080520Z AUTO 11007KT 4800 BR OVC002 08/07 Q1024 NOSIG,M
EGLL,2026-03-08 05:50,46.40,44.60,93.40,100.00,6.00,0.00,30.24,M,2.73,M,OVC,M,M,M,200.00,M,M,M,BR,M,M,M,M,M,M,42.87,COR EGLL 080550Z AUTO 10006KT 4400 BR OVC002 08/07 Q1024 NOSIG,M
EGLL,2026-03-08 06:20,46.40,44.60,93.40,90.00,5.00,0.00,30.24,M,2.55,M,OVC,M,M,M,200.00,M,M,M,BR,M,M,M,M,M,M,43.50,COR EGLL 080620Z AUTO 09005KT 060V120 4100 BR OVC002 08/07 Q1024 NOSIG,M
EGLL,2026-03-08 06:50,46.40,44.60,93.40,80.00,6.00,0.00,30.24,M,1.62,M,OVC,M,M,M,200.00,M,M,M,BR,M,M,M,M,M,M,42.87,COR EGLL 080650Z AUTO 08006KT 050V110 2600 BR OVC002 08/07 Q1024 NOSIG,M
EGLL,2026-03-08 07:20,44.60,44.60,100.00,110.00,7.00,0.00,30.24,M,1.74,M,OVC,M,M,M,200.00,M,M,M,BR,M,M,M,M,M,M,40.14,COR EGLL 080720Z AUTO 11007KT 2800 BR OVC002 07/07 Q1024 NOSIG,M
EGLL,2026-03-08 07:50,44.60,44.60,100.00,110.00,7.00,0.00,30.24,M,1.37,M,OVC,M,M,M,200.00,M,M,M,BR,M,M,M,M,M,M,40.14,COR EGLL 080750Z AUTO 11007KT 2200 BR OVC002 07/07 Q1024 NOSIG,M
EGLL,2026-03-08 08:20,44.60,44.60,100.00,110.00,7.00,0.00,30.24,M,1.49,M,OVC,M,M,M,200.00,M,M,M,BR,M,M,M,M,M,M,40.14,COR EGLL 080820Z AUTO 11007KT 2400 BR OVC002 07/07 Q1024 NOSIG,M
EGLL,2026-03-08 08:50,44.60,44.60,100.00,100.00,7.00,0.00,30.24,M,2.30,M,OVC,M,M,M,300.00,M,M,M,BR,M,M,M,M,M,M,40.14,COR EGLL 080850Z AUTO 10007KT 3700 BR OVC003 07/07 Q1024 NOSIG,M
EGLL,2026-03-08 09:20,46.40,44.60,93.40,90.00,7.00,0.00,30.24,M,2.36,M,OVC,M,M,M,300.00,M,M,M,BR,M,M,M,M,M,M,42.33,COR EGLL 080920Z AUTO 09007KT 050V110 3800 BR OVC003 08/07 Q1024 NOSIG,M
EGLL,2026-03-08 09:50,46.40,44.60,93.40,90.00,6.00,0.00,30.24,M,2.49,M,OVC,M,M,M,300.00,M,M,M,BR,M,M,M,M,M,M,42.87,COR EGLL 080950Z AUTO 09006KT 050V110 4000 BR OVC003 08/07 Q1024 NOSIG,M
EGLL,2026-03-08 10:20,46.40,44.60,93.40,80.00,7.00,0.00,30.24,M,2.86,M,OVC,M,M,M,300.00,M,M,M,BR,M,M,M,M,M,M,42.33,COR EGLL 081020Z AUTO 08007KT 4600 BR OVC003 08/07 Q1024 NOSIG,M
EGLL,2026-03-08 10:50,46.40,44.60,93.40,70.00,6.00,0.00,30.24,M,2.80,M,OVC,M,M,M,300.00,M,M,M,BR,M,M,M,M,M,M,42.87,COR EGLL 081050Z AUTO 07006KT 4500 BR OVC003 08/07 Q1024 TEMPO 6000,M
EGLL,2026-03-08 11:20,46.40,46.40,100.00,90.00,6.00,0.00,30.24,M,3.11,M,OVC,M,M,M,300.00,M,M,M,HZ,M,M,M,M,M,M,42.87,COR EGLL 081120Z AUTO 09006KT 5000 HZ OVC003 08/08 Q1024 NOSIG,M
EGLL,2026-03-08 11:50,46.40,46.40,100.00,100.00,5.00,0.00,30.24,M,3.11,M,OVC,M,M,M,400.00,M,M,M,HZ,M,M,M,M,M,M,43.50,COR EGLL 081150Z AUTO 10005KT 050V140 5000 HZ OVC004 08/08 Q1024 TEMPO BKN005,M
EGLL,2026-03-08 12:20,48.20,46.40,93.45,80.00,5.00,0.00,30.21,M,3.11,M,OVC,M,M,M,500.00,M,M,M,HZ,M,M,M,M,M,M,45.63,COR EGLL 081220Z AUTO 08005KT 060V120 5000 HZ OVC005 09/08 Q1023 NOSIG,M
EGLL,2026-03-08 12:50,48.20,46.40,93.45,120.00,5.00,0.00,30.21,M,3.11,M,OVC,M,M,M,500.00,M,M,M,HZ,M,M,M,M,M,M,45.63,COR EGLL 081250Z AUTO 12005KT 050V140 5000 HZ OVC005 09/08 Q1023 NOSIG,M
EGLL,2026-03-08 13:20,48.20,46.40,93.45,100.00,6.00,0.00,30.21,M,3.73,M,OVC,M,M,M,600.00,M,M,M,M,M,M,M,M,M,M,45.04,COR EGLL 081320Z AUTO 10006KT 6000 OVC006 09/08 Q1023 NOSIG,M
EGLL,2026-03-08 13:50,48.20,46.40,93.45,110.00,6.00,0.00,30.21,M,3.73,M,OVC,M,M,M,700.00,M,M,M,M,M,M,M,M,M,M,45.04,COR EGLL 081350Z AUTO 11006KT 090V150 6000 OVC007 09/08 Q1023 NOSIG,M
EGLL,2026-03-08 14:20,48.20,46.40,93.45,110.00,5.00,0.00,30.18,M,3.73,M,OVC,M,M,M,700.00,M,M,M,M,M,M,M,M,M,M,45.63,COR EGLL 081420Z AUTO 11005KT 080V140 6000 OVC007 09/08 Q1022 NOSIG,M
EGLL,2026-03-08 14:50,50.00,46.40,87.37,120.00,5.00,0.00,30.18,M,3.73,M,OVC,M,M,M,800.00,M,M,M,M,M,M,M,M,M,M,50.00,COR EGLL 081450Z AUTO 12005KT 080V160 6000 OVC008 10/08 Q1022 TEMPO BKN010,M
EGLL,2026-03-08 15:20,50.00,46.40,87.37,90.00,3.00,0.00,30.18,M,3.73,M,OVC,M,M,M,900.00,M,M,M,M,M,M,M,M,M,M,50.00,COR EGLL 081520Z AUTO 09003KT 6000 OVC009 10/08 Q1022 TEMPO BKN010,M
EGLL,2026-03-08 15:50,50.00,46.40,87.37,80.00,3.00,0.00,30.18,M,3.73,M,OVC,M,M,M,900.00,M,M,M,M,M,M,M,M,M,M,50.00,EGLL 081550Z AUTO 08003KT 6000 OVC009 10/08 Q1022,M
EGLL,2026-03-08 16:20,50.00,46.40,87.37,110.00,5.00,0.00,30.18,M,3.11,M,OVC,M,M,M,1000.00,M,M,M,HZ,M,M,M,M,M,M,50.00,EGLL 081620Z AUTO 11005KT 070V150 5000 HZ OVC010 10/08 Q1022,M
EGLL,2026-03-08 16:50,50.00,46.40,87.37,140.00,3.00,0.00,30.18,M,3.73,M,OVC,M,M,M,1000.00,M,M,M,M,M,M,M,M,M,M,50.00,COR EGLL 081650Z AUTO 14003KT 070V200 6000 OVC010 10/08 Q1022 NOSIG,M
EGLL,2026-03-08 17:20,50.00,46.40,87.37,100.00,4.00,0.00,30.15,M,3.11,M,OVC,M,M,M,1000.00,M,M,M,HZ,M,M,M,M,M,M,50.00,COR EGLL 081720Z AUTO 10004KT 080V140 5000 HZ OVC010 10/08 Q1021 TEMPO 4500 BR BKN009,M
EGLL,2026-03-08 17:50,50.00,46.40,87.37,100.00,4.00,0.00,30.15,M,3.11,M,OVC,M,M,M,1000.00,M,M,M,HZ,M,M,M,M,M,M,50.00,COR EGLL 081750Z AUTO 10004KT 5000 HZ OVC010 10/08 Q1021 TEMPO 4500 BR BNKN000,M
EGLL,2026-03-08 18:20,50.00,46.40,87.37,90.00,4.00,0.00,30.15,M,4.35,M,OVC,M,M,M,1000.00,M,M,M,M,M,M,M,M,M,M,50.00,COR EGLL 081820Z AUTO 09004KT 7000 OVC010 10/08 Q1021 NOSIG,M
EGLL,2026-03-08 18:50,50.00,46.40,87.37,120.00,3.00,0.00,30.18,M,4.35,M,OVC,M,M,M,1000.00,M,M,M,M,M,M,M,M,M,M,50.00,COR EGLL 081850Z AUTO 12003KT 090V180 7000 OVC010 10/08 Q1022 TEMPO BKN009,M
EGLL,2026-03-08 19:20,48.20,44.60,87.28,160.00,4.00,0.00,30.18,M,4.35,M,OVC,M,M,M,1000.00,M,M,M,M,M,M,M,M,M,M,46.34,COR EGLL 081920Z AUTO 16004KT 7000 OVC010 09/07 Q1022 NOSIG,M
EGLL,2026-03-08 19:50,48.20,44.60,87.28,180.00,4.00,0.00,30.18,M,3.73,M,OVC,M,M,M,1000.00,M,M,M,M,M,M,M,M,M,M,46.34,COR EGLL 081950Z AUTO 18004KT 6000 OVC010 09/07 Q1022 NOSIG,M
EGLL,2026-03-08 20:20,48.20,44.60,87.28,160.00,4.00,0.00,30.18,M,3.73,M,OVC,M,M,M,1000.00,M,M,M,M,M,M,M,M,M,M,46.34,COR EGLL 082020Z AUTO 16004KT 6000 OVC010 09/07 Q1022 NOSIG,M
EGLL,2026-03-08 20:50,48.20,44.60,87.28,150.00,4.00,0.00,30.15,M,4.35,M,OVC,M,M,M,1000.00,M,M,M,M,M,M,M,M,M,M,46.34,COR EGLL 082050Z AUTO 15004KT 7000 OVC010 09/07 Q1021 NOSIG,M
EGLL,2026-03-08 21:20,48.20,44.60,87.28,150.00,6.00,0.00,30.15,M,4.35,M,OVC,M,M,M,1000.00,M,M,M,M,M,M,M,M,M,M,45.04,COR EGLL 082120Z AUTO 15006KT 7000 OVC010 09/07 Q1021 TEMPO BKN009,M
EGLL,2026-03-08 21:50,48.20,44.60,87.28,140.00,5.00,0.00,30.15,M,3.73,M,OVC,M,M,M,900.00,M,M,M,M,M,M,M,M,M,M,45.63,COR EGLL 082150Z AUTO 14005KT 6000 OVC009 09/07 Q1021 NOSIG,M
EGLL,2026-03-08 22:20,48.20,44.60,87.28,190.00,4.00,0.00,30.15,M,4.35,M,OVC,M,M,M,900.00,M,M,M,M,M,M,M,M,M,M,46.34,COR EGLL 082220Z AUTO 19004KT 130V210 7000 OVC009 09/07 Q1021 NOSIG,M
EGLL,2026-03-08 22:50,46.40,44.60,93.40,160.00,5.00,0.00,30.15,M,3.73,M,OVC,M,M,M,800.00,M,M,M,M,M,M,M,M,M,M,43.50,COR EGLL 082250Z AUTO 16005KT 120V200 6000 OVC008 08/07 Q1021 NOSIG,M
EGLL,2026-03-08 23:20,46.40,42.80,87.18,140.00,4.00,0.00,30.15,M,4.35,M,OVC,M,M,M,800.00,M,M,M,M,M,M,M,M,M,M,44.24,COR EGLL 082320Z AUTO 14004KT 100V170 7000 OVC008 08/06 Q1021 NOSIG,M
EGLL,2026-03-08 23:50,46.40,42.80,87.18,140.00,4.00,0.00,30.15,M,4.35,M,OVC,M,M,M,900.00,M,M,M,M,M,M,M,M,M,M,44.24,COR EGLL 082350Z AUTO 14004KT 7000 OVC009 08/06 Q1021 TEMPO BKN010,M
EGLL,2026-03-09 00:20,46.40,42.80,87.18,150.00,4.00,0.00,30.15,M,4.35,M,OVC,M,M,M,900.00,M,M,M,M,M,M,M,M,M,M,44.24,COR EGLL 090020Z AUTO 15004KT 100V190 7000 OVC009 08/06 Q1021 NOSIG,M
EGLL,2026-03-09 00:50,46.40,42.80,87.18,170.00,4.00,0.00,30.15,M,4.35,M,OVC,M,M,M,900.00,M,M,M,M,M,M,M,M,M,M,44.24,COR EGLL 090050Z AUTO 17004KT 140V200 7000 OVC009 08/06 Q1021 NOSIG,M
EGLL,2026-03-09 01:20,46.40,42.80,87.18,140.00,3.00,0.00,30.15,M,4.35,M,OVC,M,M,M,900.00,M,M,M,M,M,M,M,M,M,M,45.15,COR EGLL 090120Z AUTO 14003KT 7000 OVC009 08/06 Q1021 NOSIG,M
EGLL,2026-03-09 01:50,46.40,42.80,87.18,160.00,4.00,0.00,30.15,M,3.73,M,OVC,M,M,M,900.00,M,M,M,M,M,M,M,M,M,M,44.24,COR EGLL 090150Z AUTO 16004KT 6000 OVC009 08/06 Q1021 TEMPO 4000 BR,M
EGLL,2026-03-09 02:20,46.40,42.80,87.18,170.00,4.00,0.00,30.12,M,3.73,M,OVC,M,M,M,800.00,M,M,M,M,M,M,M,M,M,M,44.24,COR EGLL 090220Z AUTO 17004KT 6000 OVC008 08/06 Q1020 TEMPO 4000 BR,M
EGLL,2026-03-09 02:50,46.40,42.80,87.18,200.00,3.00,0.00,30.12,M,3.73,M,OVC,M,M,M,800.00,M,M,M,M,M,M,M,M,M,M,45.15,COR EGLL 090250Z AUTO 20003KT 140V260 6000 OVC008 08/06 Q1020 TEMPO 4000 BR,M
EGLL,2026-03-09 03:20,46.40,42.80,87.18,M,2.00,0.00,30.12,M,3.73,M,OVC,M,M,M,700.00,M,M,M,M,M,M,M,M,M,M,46.40,COR EGLL 090320Z AUTO VRB02KT 6000 OVC007 08/06 Q1020 TEMPO 4000 BR,M
EGLL,2026-03-09 03:50,46.40,42.80,87.18,180.00,3.00,0.00,30.12,M,3.73,M,OVC,M,M,M,700.00,M,M,M,M,M,M,M,M,M,M,45.15,COR EGLL 090350Z AUTO 18003KT 120V240 6000 OVC007 08/06 Q1020 TEMPO 4000 BR,M
EGLL,2026-03-09 04:20,44.60,42.80,93.35,180.00,4.00,0.00,30.12,M,3.73,M,OVC,M,M,M,600.00,M,M,M,M,M,M,M,M,M,M,42.13,COR EGLL 090420Z AUTO 18004KT 130V220 6000 OVC006 07/06 Q1020 TEMPO 4000 BR BKN004,M
EGLL,2026-03-09 04:50,44.60,42.80,93.35,170.00,5.00,0.00,30.09,M,3.11,M,OVC,M,M,M,500.00,M,M,M,HZ,M,M,M,M,M,M,41.36,COR EGLL 090450Z AUTO 17005KT 140V220 5000 HZ OVC005 07/06 Q1019 TEMPO 4000 BR BKN004,M
EGLL,2026-03-09 05:20,44.60,42.80,93.35,220.00,5.00,0.00,30.12,M,2.80,M,OVC,M,M,M,400.00,M,M,M,HZ,M,M,M,M,M,M,41.36,COR EGLL 090520Z AUTO 22005KT 180V240 4500 HZ OVC004 07/06 Q1020 NOSIG,M
EGLL,2026-03-09 05:50,44.60,42.80,93.35,210.00,4.00,0.00,30.09,M,2.67,M,OVC,M,M,M,400.00,M,M,M,HZ,M,M,M,M,M,M,42.13,COR EGLL 090550Z AUTO 21004KT 150V250 4300 HZ OVC004 07/06 Q1019 NOSIG,M
EGLL,2026-03-09 06:20,44.60,42.80,93.35,110.00,3.00,0.00,30.09,M,2.30,M,OVC,M,M,M,300.00,M,M,M,HZ,M,M,M,M,M,M,43.09,COR EGLL 090620Z AUTO 11003KT 040V190 3700 HZ OVC003 07/06 Q1019 NOSIG,M
EGLL,2026-03-09 06:50,44.60,42.80,93.35,140.00,5.00,0.00,30.09,M,1.37,M,OVC,M,M,M,300.00,M,M,M,HZ,M,M,M,M,M,M,41.36,COR EGLL 090650Z AUTO 14005KT 100V190 2200 HZ OVC003 07/06 Q1019 TEMPO 1200,M
EGLL,2026-03-09 07:20,44.60,42.80,93.35,160.00,3.00,0.00,30.09,M,1.18,M,OVC,M,M,M,300.00,M,M,M,HZ,M,M,M,M,M,M,43.09,COR EGLL 090720Z AUTO 16003KT 090V210 1900 HZ OVC003 07/06 Q1019 TEMPO 1200 BR BKN002,M
EGLL,2026-03-09 07:50,44.60,42.80,93.35,170.00,5.00,0.00,30.09,M,1.37,M,OVC,M,M,M,300.00,M,M,M,HZ,M,M,M,M,M,M,41.36,COR EGLL 090750Z AUTO 17005KT 130V200 2200 HZ OVC003 07/06 Q1019 TEMPO 1200 BR BKN002,M
EGLL,2026-03-09 08:20,44.60,44.60,100.00,130.00,5.00,0.00,30.09,M,0.99,M,OVC,M,M,M,200.00,M,M,M,BR,M,M,M,M,M,M,41.36,COR EGLL 090820Z AUTO 13005KT 060V180 1600 BR OVC002 07/07 Q1019 TEMPO 1200 BR BKN001,M
EGLL,2026-03-09 08:50,44.60,44.60,100.00,130.00,5.00,0.00,30.12,M,1.43,M,OVC,M,M,M,200.00,M,M,M,BR,M,M,M,M,M,M,41.36,COR EGLL 090850Z AUTO 13005KT 090V200 2300 BR OVC002 07/07 Q1020 TEMPO 1200,M
EGLL,2026-03-09 09:20,44.60,44.60,100.00,170.00,6.00,0.00,35.44,M,1.49,M,OVC,M,M,M,200.00,M,M,M,M,M,M,M,M,M,M,40.71,COR EGLL 090920Z AUTO 17006KT 130V210 2400 BR OVC002 07/07 Q1020 TMEPO 1200 BR,M
EGLL,2026-03-09 09:50,44.60,44.60,100.00,140.00,5.00,0.00,30.12,M,1.49,M,OVC,M,M,M,200.00,M,M,M,BR,M,M,M,M,M,M,41.36,COR EGLL 090950Z AUTO 14005KT 110V190 2400 BR OVC002 07/07 Q1020 TEMPO 1400 BR,M
EGLL,2026-03-09 10:20,46.40,44.60,93.40,150.00,3.00,0.00,30.12,M,1.93,M,OVC,M,M,M,300.00,M,M,M,BR,M,M,M,M,M,M,45.15,COR EGLL 091020Z AUTO 15003KT 090V190 3100 BR OVC003 08/07 Q1020 BECMG 5000 HZ BKN005,M
EGLL,2026-03-09 10:50,46.40,46.40,100.00,M,4.00,0.00,30.09,M,2.36,14.00,OVC,M,M,M,300.00,M,M,M,HZ,M,M,M,M,M,M,44.24,COR EGLL 091050Z AUTO VRB04G14KT 3800 HZ OVC003 08/08 Q1019 BECMG 6000 BKN005,M
EGLL,2026-03-09 11:20,48.20,46.40,93.45,M,2.00,0.00,30.09,M,2.55,M,OVC,M,M,M,400.00,M,M,M,HZ,M,M,M,M,M,M,48.20,COR EGLL 091120Z AUTO VRB02KT 4100 HZ OVC004 09/08 Q1019 BECMG 6000 BKN005,M
EGLL,2026-03-09 11:50,48.20,46.40,93.45,170.00,4.00,0.00,30.09,M,3.11,M,OVC,M,M,M,500.00,M,M,M,HZ,M,M,M,M,M,M,46.34,COR EGLL 091150Z AUTO 17004KT 050V210 5000 HZ OVC005 09/08 Q1019 BECMG 9999 NSW,M
EGLL,2026-03-09 12:20,50.00,46.40,87.37,200.00,5.00,0.00,30.09,M,4.35,M,OVC,M,M,M,600.00,M,M,M,M,M,M,M,M,M,M,50.00,COR EGLL 091220Z AUTO 20005KT 170V240 7000 OVC006 10/08 Q1019 BECMG 9999 NSW,M
EGLL,2026-03-09 12:50,50.00,46.40,87.37,M,2.00,0.00,30.06,M,4.35,M,OVC,M,M,M,700.00,M,M,M,M,M,M,M,M,M,M,50.00,COR EGLL 091250Z AUTO VRB02KT 7000 OVC007 10/08 Q1018 BECMG 9999 SCT009 BKN011,M
EGLL,2026-03-09 13:20,51.80,48.20,87.47,210.00,4.00,0.00,30.06,M,4.97,M,OVC,M,M,M,900.00,M,M,M,M,M,M,M,M,M,M,51.80,COR EGLL 091320Z AUTO 21004KT 170V230 8000 OVC009 11/09 Q1018 BECMG 9999 SCT009 BKN011,M
EGLL,2026-03-09 13:50,51.80,48.20,87.47,240.00,6.00,0.00,30.06,M,6.21,M,BKN,M,M,M,1000.00,M,M,M,M,M,M,M,M,M,M,51.80,COR EGLL 091350Z AUTO 24006KT 210V270 9999 BKN010 11/09 Q1018 BECMG SCT012,M
EGLL,2026-03-09 14:20,53.60,48.20,81.87,220.00,4.00,0.00,30.06,M,5.59,M,BKN,M,M,M,1200.00,M,M,M,-RA,M,M,M,M,M,M,53.60,COR EGLL 091420Z AUTO 22004KT 160V280 9000 -RA BKN012 12/09 Q1018 BECMG FEW012,M
EGLL,2026-03-09 14:50,53.60,48.20,81.87,220.00,5.00,0.00,30.03,M,6.21,M,FEW,M,M,M,1200.00,M,M,M,M,M,M,M,M,M,M,53.60,COR EGLL 091450Z AUTO 22005KT 160V260 9999 FEW012 12/09 Q1017 NOSIG,M
EGLL,2026-03-09 15:20,55.40,48.20,76.67,230.00,8.00,0.00,30.03,M,6.21,M,FEW,M,M,M,1400.00,M,M,M,M,M,M,M,M,M,M,55.40,COR EGLL 091520Z AUTO 23008KT 190V250 9999 FEW014 13/09 Q1017 NOSIG,M
EGLL,2026-03-09 15:50,53.60,48.20,81.87,210.00,6.00,0.00,30.03,M,6.21,M,NCD,M,M,M,M,M,M,M,M,M,M,M,M,M,M,53.60,COR EGLL 091550Z AUTO 21006KT 140V260 9999 NCD 12/09 Q1017 NOSIG,M
EGLL,2026-03-09 16:20,53.60,48.20,81.87,230.00,6.00,0.00,30.03,M,6.21,M,NCD,M,M,M,M,M,M,M,M,M,M,M,M,M,M,53.60,COR EGLL 091620Z AUTO 23006KT 180V260 9999 NCD 12/09 Q1017 NOSIG,M
EGLL,2026-03-09 16:50,55.40,48.20,76.67,190.00,6.00,0.00,30.03,M,6.21,M,BKN,BKN,M,M,2200.00,2900.00,M,M,M,M,M,M,M,M,M,55.40,COR EGLL 091650Z AUTO 19006KT 140V260 9999 BKN022 BKN029 13/09 Q1017 NOSIG,M
EGLL,2026-03-09 17:20,53.60,48.20,81.87,200.00,6.00,0.00,30.03,M,6.21,M,SCT,M,M,M,2300.00,M,M,M,M,M,M,M,M,M,M,53.60,COR EGLL 091720Z AUTO 20006KT 160V250 9999 SCT023 12/09 Q1017 NOSIG,M
EGLL,2026-03-09 17:50,53.60,48.20,81.87,190.00,5.00,0.00,30.03,M,6.21,M,BKN,BKN,M,M,2300.00,2700.00,M,M,M,M,M,M,M,M,M,53.60,COR EGLL 091750Z AUTO 19005KT 150V250 9999 BKN023 BKN027 12/09 Q1017 NOSIG,M
EGLL,2026-03-09 18:20,53.60,48.20,81.87,180.00,5.00,0.00,30.03,M,6.21,M,FEW,M,M,M,2500.00,M,M,M,M,M,M,M,M,M,M,53.60,COR EGLL 091820Z AUTO 18005KT 130V240 9999 FEW025 12/09 Q1017 NOSIG,M
EGLL,2026-03-09 18:50,51.80,48.20,87.47,190.00,5.00,0.00,30.03,M,6.21,M,FEW,M,M,M,1800.00,M,M,M,M,M,M,M,M,M,M,51.80,COR EGLL 091850Z AUTO 19005KT 140V240 9999 FEW018 11/09 Q1017 NOSIG,M
EGLL,2026-03-09 19:20,51.80,48.20,87.47,210.00,7.00,0.00,30.03,M,6.21,M,FEW,M,M,M,2100.00,M,M,M,M,M,M,M,M,M,M,51.80,EGLL 091920Z AUTO 21007KT 160V260 9999 FEW021 11/09 Q1017,M
EGLL,2026-03-09 19:50,51.80,48.20,87.47,220.00,6.00,0.00,30.03,M,6.21,M,FEW,M,M,M,2000.00,M,M,M,M,M,M,M,M,M,M,51.80,EGLL 091950Z AUTO 22006KT 190V250 9999 FEW020 11/09 Q1017,M
EGLL,2026-03-09 20:20,51.80,48.20,87.47,210.00,6.00,0.00,30.03,M,6.21,M,FEW,SCT,M,M,1800.00,4800.00,M,M,M,M,M,M,M,M,M,51.80,EGLL 092020Z AUTO 21006KT 190V250 9999 FEW018 SCT048 11/09 Q1017,M
EGLL,2026-03-09 20:50,51.80,48.20,87.47,220.00,8.00,0.00,30.03,M,6.21,M,NCD,M,M,M,M,M,M,M,M,M,M,M,M,M,M,51.80,COR EGLL 092050Z AUTO 22008KT 190V260 9999 NCD 11/09 Q1017 NOSIG,M
EGLL,2026-03-09 21:20,50.00,46.40,87.37,230.00,8.00,0.00,30.03,M,5.59,M,NCD,M,M,M,M,M,M,M,M,M,M,M,M,M,M,50.00,COR EGLL 092120Z AUTO 23008KT 9000 NCD 10/08 Q1017 NOSIG,M
EGLL,2026-03-09 21:50,50.00,46.40,87.37,240.00,8.00,0.00,30.03,M,5.59,M,NCD,M,M,M,M,M,M,M,M,M,M,M,M,M,M,50.00,COR EGLL 092150Z AUTO 24008KT 9000 NCD 10/08 Q1017 NOSIG,M
EGLL,2026-03-09 22:20,48.20,46.40,93.45,230.00,6.00,0.00,30.03,M,4.97,M,NCD,M,M,M,M,M,M,M,M,M,M,M,M,M,M,45.04,COR EGLL 092220Z AUTO 23006KT 8000 NCD 09/08 Q1017 NOSIG,M
EGLL,2026-03-09 22:50,48.20,44.60,87.28,200.00,6.00,0.00,30.03,M,4.35,M,NCD,M,M,M,M,M,M,M,M,M,M,M,M,M,M,45.04,COR EGLL 092250Z AUTO 20006KT 7000 NCD 09/07 Q1017 NOSIG,M
EGLL,2026-03-09 23:20,48.20,44.60,87.28,210.00,6.00,0.00,30.03,M,3.73,M,BKN,M,M,M,400.00,M,M,M,M,M,M,M,M,M,M,45.04,COR EGLL 092320Z AUTO 21006KT 6000 BKN004 09/07 Q1017 NOSIG,M
EGLL,2026-03-09 23:50,46.40,44.60,93.40,240.00,8.00,0.00,30.03,M,3.73,M,BKN,M,M,M,400.00,M,M,M,M,M,M,M,M,M,M,41.85,COR EGLL 092350Z AUTO 24008KT 6000 BKN004 08/07 Q1017 NOSIG,M
EGLL,2026-03-10 00:20,46.40,44.60,93.40,210.00,5.00,0.00,30.03,M,3.73,M,OVC,M,M,M,500.00,M,M,M,M,M,M,M,M,M,M,43.50,COR EGLL 100020Z AUTO 21005KT 6000 OVC005 08/07 Q1017 TEMPO BKN004,M
EGLL,2026-03-10 00:50,48.20,46.40,93.45,180.00,5.00,0.00,30.03,M,4.35,M,OVC,M,M,M,500.00,M,M,M,M,M,M,M,M,M,M,45.63,COR EGLL 100050Z AUTO 18005KT 7000 OVC005 09/08 Q1017 TEMPO BKN004,M
EGLL,2026-03-10 01:20,48.20,46.40,93.45,220.00,6.00,0.00,30.03,M,4.35,M,OVC,M,M,M,600.00,M,M,M,M,M,M,M,M,M,M,45.04,COR EGLL 100120Z AUTO 22006KT 7000 OVC006 09/08 Q1017 NOSIG,M
EGLL,2026-03-10 01:50,48.20,46.40,93.45,240.00,7.00,0.00,30.00,M,5.59,M,OVC,M,M,M,700.00,M,M,M,M,M,M,M,M,M,M,44.53,COR EGLL 100150Z AUTO 24007KT 9000 OVC007 09/08 Q1016 NOSIG,M
EGLL,2026-03-10 02:20,48.20,46.40,93.45,250.00,6.00,0.00,30.00,M,6.21,M,OVC,M,M,M,800.00,M,M,M,M,M,M,M,M,M,M,45.04,COR EGLL 100220Z AUTO 25006KT 9999 OVC008 09/08 Q1016 TEMPO BKN010,M
EGLL,2026-03-10 02:50,48.20,46.40,93.45,220.00,6.00,0.00,30.00,M,6.21,M,SCT,OVC,M,M,800.00,1300.00,M,M,M,M,M,M,M,M,M,45.04,COR EGLL 100250Z AUTO 22006KT 190V250 9999 SCT008 OVC013 09/08 Q1016 TEMPO SCT012,M
EGLL,2026-03-10 03:20,48.20,46.40,93.45,210.00,4.00,0.00,30.00,M,6.21,M,FEW,BKN,M,M,1300.00,1900.00,M,M,M,M,M,M,M,M,M,46.34,COR EGLL 100320Z AUTO 21004KT 9999 FEW013 BKN019 09/08 Q1016 TEMPO BKN013,M
EGLL,2026-03-10 03:50,48.20,44.60,87.28,190.00,4.00,0.00,30.00,M,6.21,M,FEW,BKN,M,M,2200.00,3300.00,M,M,M,M,M,M,M,M,M,46.34,COR EGLL 100350Z AUTO 19004KT 9999 FEW022 BKN033 09/07 Q1016 TEMPO BKN012,M
EGLL,2026-03-10 04:20,48.20,44.60,87.28,180.00,5.00,0.00,30.00,M,6.21,M,OVC,M,M,M,3300.00,M,M,M,M,M,M,M,M,M,M,45.63,COR EGLL 100420Z AUTO 18005KT 9999 OVC033 09/07 Q1016 NOSIG,M
EGLL,2026-03-10 04:50,48.20,44.60,87.28,180.00,6.00,0.00,30.00,M,5.59,M,BKN,M,M,M,3400.00,M,M,M,M,M,M,M,M,M,M,45.04,COR EGLL 100450Z AUTO 18006KT 9000 BKN034 09/07 Q1016 NOSIG,M
EGLL,2026-03-10 05:20,46.40,44.60,93.40,180.00,4.00,0.00,30.00,M,4.97,M,NCD,M,M,M,M,M,M,M,M,M,M,M,M,M,M,44.24,COR EGLL 100520Z AUTO 18004KT 8000 NCD 08/07 Q1016 NOSIG,M
EGLL,2026-03-10 05:50,46.40,44.60,93.40,200.00,3.00,0.00,30.00,M,4.35,M,SCT,BKN,M,M,500.00,2500.00,M,M,M,M,M,M,M,M,M,45.15,COR EGLL 100550Z AUTO 20003KT 7000 SCT005 BKN025 08/07 Q1016 TEMPO BKN005,M
EGLL,2026-03-10 06:20,48.20,46.40,93.45,220.00,6.00,0.00,30.00,M,3.73,M,BKN,BKN,M,M,1600.00,4100.00,M,M,M,M,M,M,M,M,M,45.04,COR EGLL 100620Z AUTO 22006KT 170V340 6000 BKN016 BKN041 09/08 Q1016 NOSIG,M
EGLL,2026-03-10 06:50,48.20,46.40,93.45,210.00,7.00,0.00,30.00,M,3.73,M,SCT,BKN,BKN,M,1100.00,1600.00,2300.00,M,M,M,M,M,M,M,M,44.53,COR EGLL 100650Z AUTO 21007KT 180V240 6000 SCT011 BKN016 BKN023 09/08 Q1016 NOSIG,M
EGLL,2026-03-10 07:20,48.20,46.40,93.45,210.00,6.00,0.00,30.00,M,4.35,M,FEW,SCT,BKN,M,1000.00,1400.00,2500.00,M,M,M,M,M,M,M,M,45.04,COR EGLL 100720Z AUTO 21006KT 180V250 7000 FEW010 SCT014 BKN025 09/08 Q1016 NOSIG,M
EGLL,2026-03-10 07:50,48.20,46.40,93.45,210.00,8.00,0.00,30.00,M,4.97,M,SCT,M,M,M,800.00,M,M,M,M,M,M,M,M,M,M,44.07,COR EGLL 100750Z AUTO 21008KT 190V250 8000 SCT008 09/08 Q1016 NOSIG,M
EGLL,2026-03-10 08:20,48.20,46.40,93.45,210.00,7.00,0.00,30.00,M,6.21,M,FEW,SCT,M,M,700.00,1000.00,M,M,M,M,M,M,M,M,M,44.53,EGLL 100820Z AUTO 21007KT 180V260 9999 FEW007 SCT010 09/08 Q1016,M
EGLL,2026-03-10 08:50,48.20,46.40,93.45,220.00,7.00,0.00,30.00,M,6.21,M,SCT,M,M,M,1000.00,M,M,M,M,M,M,M,M,M,M,44.53,EGLL 100850Z AUTO 22007KT 180V250 9999 SCT010 09/08 Q1016,M
EGLL,2026-03-10 09:20,50.00,44.60,81.60,220.00,7.00,0.00,30.00,M,6.21,M,BKN,M,M,M,1200.00,M,M,M,M,M,M,M,M,M,M,50.00,COR EGLL 100920Z AUTO 22007KT 180V250 9999 BKN012 10/07 Q1016 TEMPO SCT014,M
EGLL,2026-03-10 09:50,50.00,42.80,76.17,240.00,9.00,0.00,30.00,M,6.21,M,SCT,BKN,M,M,1600.00,2000.00,M,M,M,M,M,M,M,M,M,50.00,COR EGLL 100950Z AUTO 24009KT 9999 SCT016 BKN020 10/06 Q1016 NOSIG,M
EGLL,2026-03-10 10:20,50.00,42.80,76.17,220.00,9.00,0.00,30.00,M,6.21,M,SCT,M,M,M,1800.00,M,M,M,M,M,M,M,M,M,M,50.00,COR EGLL 101020Z AUTO 22009KT 200V260 9999 SCT018 10/06 Q1016 NOSIG,M
EGLL,2026-03-10 10:50,51.80,42.80,71.26,220.00,9.00,0.00,29.97,M,6.21,M,SCT,M,M,M,2000.00,M,M,M,M,M,M,M,M,M,M,51.80,COR EGLL 101050Z AUTO 22009KT 190V250 9999 SCT020 11/06 Q1015 NOSIG,M
EGLL,2026-03-10 11:20,51.80,42.80,71.26,230.00,11.00,0.00,30.00,M,6.21,M,FEW,M,M,M,2300.00,M,M,M,M,M,M,M,M,M,M,51.80,COR EGLL 101120Z AUTO 23011KT 9999 FEW023 11/06 Q1016 NOSIG,M
EGLL,2026-03-10 11:50,51.80,41.00,66.48,220.00,11.00,0.00,29.97,M,6.21,M,NCD,M,M,M,M,M,M,M,M,M,M,M,M,M,M,51.80,COR EGLL 101150Z AUTO 22011KT 190V250 9999 NCD 11/05 Q1015 NOSIG,M
EGLL,2026-03-10 12:20,53.60,37.40,54.07,220.00,10.00,0.00,29.97,M,6.21,M,NCD,M,M,M,M,M,M,M,M,M,M,M,M,M,M,53.60,COR EGLL 101220Z AUTO 22010KT 200V260 9999 NCD 12/03 Q1015 NOSIG,M
EGLL,2026-03-10 12:50,53.60,37.40,54.07,230.00,12.00,0.00,29.97,M,6.21,M,NCD,M,M,M,M,M,M,M,M,M,M,M,M,M,M,53.60,COR EGLL 101250Z AUTO 23012KT 9999 NCD 12/03 Q1015 NOSIG,M
EGLL,2026-03-10 13:20,53.60,37.40,54.07,230.00,11.00,0.00,29.94,M,6.21,M,NCD,M,M,M,M,M,M,M,M,M,M,M,M,M,M,53.60,COR EGLL 101320Z AUTO 23011KT 9999 NCD 12/03 Q1014 NOSIG,M
EGLL,2026-03-10 13:50,53.60,39.20,58.02,220.00,10.00,0.00,29.94,M,6.21,M,NCD,M,M,M,M,M,M,M,M,M,M,M,M,M,M,53.60,COR EGLL 101350Z AUTO 22010KT 190V270 9999 NCD 12/04 Q1014 NOSIG,M
EGLL,2026-03-10 14:20,53.60,39.20,58.02,240.00,11.00,0.00,29.94,M,6.21,M,NCD,M,M,M,M,M,M,M,M,M,M,M,M,M,M,53.60,EGLL 101420Z AUTO 24011KT 200V270 9999 NCD 12/04 Q1014,M
EGLL,2026-03-10 14:50,55.40,41.00,58.27,200.00,13.00,0.00,29.91,M,6.21,M,FEW,M,M,M,3600.00,M,M,M,M,M,M,M,M,M,M,55.40,COR EGLL 101450Z AUTO 20013KT 170V230 9999 FEW036 13/05 Q1013 NOSIG,M
EGLL,2026-03-10 15:20,53.60,39.20,58.02,220.00,14.00,0.00,29.91,M,6.21,M,BKN,M,M,M,3800.00,M,M,M,M,M,M,M,M,M,M,53.60,COR EGLL 101520Z AUTO 22014KT 190V250 9999 BKN038 12/04 Q1013 NOSIG,M
EGLL,2026-03-10 15:50,53.60,39.20,58.02,230.00,17.00,0.00,29.91,M,6.21,M,BKN,BKN,M,M,3600.00,4300.00,M,M,M,M,M,M,M,M,M,53.60,COR EGLL 101550Z AUTO 23017KT 9999 BKN036 BKN043 12/04 Q1013 NOSIG,M
EGLL,2026-03-10 16:20,51.80,41.00,66.48,220.00,13.00,0.00,29.91,M,6.21,M,SCT,BKN,M,M,3500.00,4300.00,M,M,M,M,M,M,M,M,M,51.80,COR EGLL 101620Z AUTO 22013KT 9999 SCT035 BKN043 11/05 Q1013 NOSIG,M
EGLL,2026-03-10 16:50,51.80,41.00,66.48,220.00,14.00,0.00,29.88,M,6.21,M,SCT,SCT,M,M,3100.00,4100.00,M,M,M,M,M,M,M,M,M,51.80,COR EGLL 101650Z AUTO 22014KT 9999 SCT031 SCT041 11/05 Q1012 NOSIG,M
EGLL,2026-03-10 17:20,50.00,42.80,76.17,210.00,16.00,0.00,29.88,M,6.21,M,SCT,BKN,M,M,2600.00,3300.00,M,M,M,M,M,M,M,M,M,50.00,EGLL 101720Z AUTO 21016KT 9999 SCT026 BKN033 10/06 Q1012,M
EGLL,2026-03-10 17:50,50.00,42.80,76.17,210.00,12.00,0.00,29.88,M,6.21,M,SCT,SCT,BKN,M,2500.00,3100.00,4000.00,M,-RA,M,M,M,M,M,M,50.00,COR EGLL 101750Z AUTO 21012KT 170V240 9999 -RA SCT025 SCT031 BKN040 10/06 Q1012 NOSIG,M
EGLL,2026-03-10 18:20,50.00,42.80,76.17,210.00,13.00,0.00,29.88,M,6.21,M,SCT,BKN,M,M,2700.00,3300.00,M,M,M,M,M,M,M,M,M,50.00,COR EGLL 101820Z AUTO 21013KT 180V240 9999 SCT027 BKN033 10/06 Q1012 NOSIG,M
EGLL,2026-03-10 18:50,50.00,42.80,76.17,200.00,12.00,0.00,29.88,M,6.21,M,BKN,BKN,M,M,2400.00,2900.00,M,M,M,M,M,M,M,M,M,50.00,COR EGLL 101850Z AUTO 20012KT 180V240 9999 BKN024 BKN029 10/06 Q1012 NOSIG,M
EGLL,2026-03-10 19:20,50.00,42.80,76.17,210.00,14.00,0.00,29.88,M,6.21,M,FEW,BKN,M,M,2500.00,3500.00,M,M,M,M,M,M,M,M,M,50.00,COR EGLL 101920Z AUTO 21014KT 9999 FEW025 BKN035 10/06 Q1012 NOSIG,M
EGLL,2026-03-10 19:50,50.00,42.80,76.17,200.00,13.00,0.00,29.85,M,6.21,M,BKN,BKN,BKN,M,2200.00,2700.00,3200.00,M,M,M,M,M,M,M,M,50.00,COR EGLL 101950Z AUTO 20013KT 9999 BKN022 BKN027 BKN032 10/06 Q1011 NOSIG,M
EGLL,2026-03-10 20:20,48.20,42.80,81.47,200.00,11.00,0.00,29.85,M,6.21,M,SCT,BKN,M,M,2800.00,3700.00,M,M,M,M,M,M,M,M,M,42.94,COR EGLL 102020Z AUTO 20011KT 9999 SCT028 BKN037 09/06 Q1011 NOSIG,M
EGLL,2026-03-10 20:50,50.00,42.80,76.17,200.00,12.00,0.00,29.85,M,6.21,M,FEW,SCT,M,M,2200.00,2600.00,M,M,M,M,M,M,M,M,M,50.00,COR EGLL 102050Z AUTO 20012KT 180V240 9999 FEW022 SCT026 10/06 Q1011 NOSIG,M
EGLL,2026-03-10 21:20,50.00,44.60,81.60,200.00,12.00,0.00,29.83,M,6.21,M,NCD,M,M,M,M,M,M,M,M,M,M,M,M,M,M,50.00,COR EGLL 102120Z AUTO 20012KT 170V240 9999 NCD 10/07 Q1010 NOSIG,M
EGLL,2026-03-10 21:50,50.00,44.60,81.60,210.00,14.00,0.00,29.83,M,6.21,24.00,BKN,BKN,M,M,2000.00,2600.00,M,M,M,M,M,M,M,M,M,50.00,COR EGLL 102150Z AUTO 21014G24KT 180V240 9999 BKN020 BKN026 10/07 Q1010 NOSIG,M
EGLL,2026-03-10 22:20,50.00,44.60,81.60,200.00,14.00,0.00,29.80,M,6.21,M,BKN,M,M,M,2200.00,M,M,M,-RADZ,M,M,M,M,M,M,50.00,COR EGLL 102220Z AUTO 20014KT 180V240 9999 -RADZ BKN022 10/07 Q1009 TEMPO BKN014,M
EGLL,2026-03-10 22:50,50.00,46.40,87.37,210.00,13.00,0.00,29.80,M,6.21,M,BKN,BKN,BKN,M,2100.00,2900.00,4300.00,M,-RA,M,M,M,M,M,M,50.00,COR EGLL 102250Z AUTO 21013KT 9999 -RA BKN021 BKN029 BKN043 10/08 Q1009 TEMPO BKN014,M
EGLL,2026-03-10 23:20,50.00,46.40,87.37,210.00,14.00,0.00,29.77,M,6.21,M,BKN,BKN,M,M,1700.00,2200.00,M,M,-RA,M,M,M,M,M,M,50.00,COR EGLL 102320Z AUTO 21014KT 9999 -RA BKN017 BKN022 10/08 Q1008 TEMPO BKN014,M
EGLL,2026-03-10 23:50,50.00,46.40,87.37,200.00,16.00,0.00,29.77,M,6.21,M,BKN,OVC,M,M,1700.00,2200.00,M,M,-RA,M,M,M,M,M,M,50.00,COR EGLL 102350Z AUTO 20016KT 9999 -RA BKN017 OVC022 10/08 Q1008 TEMPO BKN014,M
EGLL,2026-03-11 00:20,50.00,46.40,87.37,200.00,18.00,0.00,29.74,M,6.21,28.00,BKN,///,M,M,1600.00,M,M,M,-RA,M,M,M,M,M,M,50.00,COR EGLL 110020Z AUTO 20018G28KT 9999 -RA BKN016/// //////TCU 10/08 Q1007 TEMPO BKN014,M
EGLL,2026-03-11 00:50,50.00,46.40,87.37,210.00,16.00,0.00,29.74,M,6.21,M,OVC,///,M,M,1500.00,M,M,M,M,M,M,M,M,M,M,50.00,COR EGLL 110050Z AUTO 21016KT 9999 OVC015/// //////TCU 10/08 Q1007 BECMG BKN014,M
EGLL,2026-03-11 01:20,50.00,46.40,87.37,200.00,15.00,0.00,29.71,M,6.21,M,OVC,M,M,M,1200.00,M,M,M,-RA,M,M,M,M,M,M,50.00,COR EGLL 110120Z AUTO 20015KT 9999 -RA OVC012 10/08 Q1006 NOSIG,M
EGLL,2026-03-11 01:50,50.00,46.40,87.37,200.00,14.00,0.00,29.71,M,6.21,M,OVC,M,M,M,1000.00,M,M,M,M,M,M,M,M,M,M,50.00,EGLL 110150Z AUTO 20014KT 9999 OVC010 10/08 Q1006,M
EGLL,2026-03-11 02:20,50.00,46.40,87.37,200.00,17.00,0.00,29.68,M,4.97,M,OVC,///,M,M,900.00,M,M,M,-RADZ,M,M,M,M,M,M,50.00,COR EGLL 110220Z AUTO 20017KT 8000 -RADZ OVC009/// //////TCU 10/08 Q1005 NOSIG,M
EGLL,2026-03-11 02:50,50.00,48.20,93.50,200.00,14.00,0.00,29.68,M,5.59,M,BKN,M,M,M,800.00,M,M,M,-RA,M,M,M,M,M,M,50.00,COR EGLL 110250Z AUTO 20014KT 9000 -RA BKN008 10/09 Q1005 TEMPO 4500 RA,M
EGLL,2026-03-11 03:20,50.00,48.20,93.50,200.00,13.00,0.00,29.68,M,6.21,M,OVC,M,M,M,800.00,M,M,M,-RADZ,M,M,M,M,M,M,50.00,COR EGLL 110320Z AUTO 20013KT 9999 -RADZ OVC008 10/09 Q1005 TEMPO 4500 RA,M
EGLL,2026-03-11 03:50,50.00,48.20,93.50,210.00,12.00,0.00,29.65,M,6.21,M,BKN,BKN,M,M,900.00,1300.00,M,M,-RADZ,M,M,M,M,M,M,50.00,COR EGLL 110350Z AUTO 21012KT 9999 -RADZ BKN009 BKN013 10/09 Q1004 TEMPO 4500 RA,M
EGLL,2026-03-11 04:20,50.00,48.20,93.50,210.00,12.00,0.00,29.65,M,3.11,M,BKN,OVC,///,M,900.00,1300.00,M,M,-RADZ,M,M,M,M,M,M,50.00,COR EGLL 110420Z AUTO 21012KT 5000 -RADZ BKN009/// OVC013/// //////TCU 10/09 Q1004 BECMG SCT025,M
EGLL,2026-03-11 04:50,50.00,48.20,93.50,240.00,12.00,0.00,29.68,M,6.21,M,SCT,SCT,OVC,M,700.00,1400.00,3600.00,M,-RA,M,M,M,M,M,M,50.00,COR EGLL 110450Z AUTO 24012KT 9999 -RA SCT007 SCT014 OVC036 10/09 Q1005 RERA NOSIG,M
EGLL,2026-03-11 05:20,51.80,46.40,81.74,260.00,11.00,0.00,29.68,M,6.21,M,FEW,SCT,BKN,M,1500.00,2200.00,4100.00,M,M,M,M,M,M,M,M,51.80,COR EGLL 110520Z AUTO 26011KT 9999 FEW015 SCT022 BKN041 11/08 Q1005 NOSIG,M
EGLL,2026-03-11 05:50,50.00,44.60,81.60,260.00,15.00,0.00,29.68,M,6.21,M,NCD,M,M,M,M,M,M,M,M,M,M,M,M,M,M,50.00,COR EGLL 110550Z AUTO 26015KT 9999 NCD 10/07 Q1005 NOSIG,M
EGLL,2026-03-11 06:20,48.20,42.80,81.47,250.00,13.00,0.00,29.71,M,6.21,M,NCD,M,M,M,M,M,M,M,M,M,M,M,M,M,M,42.32,COR EGLL 110620Z AUTO 25013KT 9999 NCD 09/06 Q1006 NOSIG,M
EGLL,2026-03-11 06:50,48.20,42.80,81.47,250.00,12.00,0.00,29.71,M,6.21,M,FEW,M,M,M,3000.00,M,M,M,M,M,M,M,M,M,M,42.62,COR EGLL 110650Z AUTO 25012KT 9999 FEW030 09/06 Q1006 NOSIG,M
EGLL,2026-03-11 07:20,48.20,42.80,81.47,250.00,17.00,0.00,29.74,M,6.21,M,FEW,M,M,M,2600.00,M,M,M,M,M,M,M,M,M,M,41.30,COR EGLL 110720Z AUTO 25017KT 9999 FEW026 09/06 Q1007 NOSIG,M
EGLL,2026-03-11 07:50,48.20,42.80,81.47,260.00,16.00,0.00,29.77,M,6.21,M,NCD,M,M,M,M,M,M,M,M,M,M,M,M,M,M,41.53,COR EGLL 110750Z AUTO 26016KT 9999 NCD 09/06 Q1008 NOSIG,M
EGLL,2026-03-11 08:20,48.20,42.80,81.47,260.00,15.00,0.00,29.77,M,6.21,M,NCD,M,M,M,M,M,M,M,M,M,M,M,M,M,M,41.78,COR EGLL 110820Z AUTO 26015KT 9999 NCD 09/06 Q1008 NOSIG,M
EGLL,2026-03-11 08:50,50.00,42.80,76.17,270.00,16.00,0.00,29.77,M,6.21,M,NCD,M,M,M,M,M,M,M,M,M,M,M,M,M,M,50.00,COR EGLL 110850Z AUTO 27016KT 9999 NCD 10/06 Q1008 NOSIG,M
EGLL,2026-03-11 09:20,50.00,42.80,76.17,270.00,17.00,0.00,29.80,M,6.21,M,SCT,M,M,M,2600.00,M,M,M,M,M,M,M,M,M,M,50.00,COR EGLL 110920Z AUTO 27017KT 9999 SCT026 10/06 Q1009 NOSIG,M
EGLL,2026-03-11 09:50,50.00,41.00,71.06,270.00,18.00,0.00,29.80,M,6.21,M,SCT,BKN,M,M,2900.00,3600.00,M,M,M,M,M,M,M,M,M,50.00,COR EGLL 110950Z AUTO 27018KT 9999 SCT029 BKN036 10/05 Q1009 NOSIG,M
EGLL,2026-03-11 10:20,51.80,41.00,66.48,290.00,17.00,0.00,29.83,M,6.21,M,BKN,BKN,M,M,3100.00,4200.00,M,M,M,M,M,M,M,M,M,51.80,COR EGLL 111020Z AUTO 29017KT 9999 BKN031 BKN042 11/05 Q1010 NOSIG,M
EGLL,2026-03-11 10:50,53.60,37.40,54.07,280.00,16.00,0.00,29.83,M,6.21,M,SCT,BKN,M,M,3700.00,4500.00,M,M,M,M,M,M,M,M,M,53.60,COR EGLL 111050Z AUTO 28016KT 250V310 9999 SCT037 BKN045 12/03 Q1010 NOSIG,M
EGLL,2026-03-11 11:20,51.80,37.40,57.76,280.00,16.00,0.00,29.85,M,6.21,M,SCT,M,M,M,4400.00,M,M,M,M,M,M,M,M,M,M,51.80,COR EGLL 111120Z AUTO 28016KT 9999 SCT044 11/03 Q1011 NOSIG,M
EGLL,2026-03-11 11:50,51.80,37.40,57.76,270.00,14.00,0.00,29.85,M,6.21,M,SCT,SCT,M,M,3800.00,4600.00,M,M,M,M,M,M,M,M,M,51.80,COR EGLL 111150Z AUTO 27014KT 9999 SCT038 SCT046 11/03 Q1011 NOSIG,M
EGLL,2026-03-11 12:20,53.60,37.40,54.07,280.00,18.00,0.00,29.85,M,6.21,M,SCT,M,M,M,4300.00,M,M,M,M,M,M,M,M,M,M,53.60,COR EGLL 111220Z AUTO 28018KT 9999 SCT043 12/03 Q1011 NOSIG,M
EGLL,2026-03-11 12:50,53.60,37.40,54.07,270.00,16.00,0.00,29.88,M,6.21,M,FEW,M,M,M,4300.00,M,M,M,M,M,M,M,M,M,M,53.60,COR EGLL 111250Z AUTO 27016KT 9999 FEW043 12/03 Q1012 NOSIG,M
EGLL,2026-03-11 13:20,55.40,37.40,50.63,280.00,13.00,0.00,29.88,M,6.21,M,BKN,M,M,M,4400.00,M,M,M,M,M,M,M,M,M,M,55.40,COR EGLL 111320Z AUTO 28013KT 9999 BKN044 13/03 Q1012 NOSIG,M
EGLL,2026-03-11 13:50,51.80,37.40,57.76,260.00,19.00,0.00,29.88,M,6.21,M,SCT,M,M,M,4600.00,M,M,M,-RA,M,M,M,M,M,M,51.80,COR EGLL 111350Z AUTO 26019KT 9999 -RA SCT046 11/03 Q1012 NOSIG,M
EGLL,2026-03-11 14:20,53.60,35.60,50.35,270.00,20.00,0.00,29.88,M,6.21,M,NCD,M,M,M,M,M,M,M,M,M,M,M,M,M,M,53.60,COR EGLL 111420Z AUTO 27020KT 9999 NCD 12/02 Q1012 NOSIG,M
EGLL,2026-03-11 14:50,53.60,35.60,50.35,260.00,19.00,0.00,29.91,M,6.21,29.00,NCD,M,M,M,M,M,M,M,M,M,M,M,M,M,M,53.60,COR EGLL 111450Z AUTO 26019G29KT 9999 NCD 12/02 Q1013 NOSIG,M
EGLL,2026-03-11 15:20,51.80,35.60,53.80,280.00,16.00,0.00,29.91,M,6.21,M,NCD,M,M,M,M,M,M,M,M,M,M,M,M,M,M,51.80,COR EGLL 111520Z AUTO 28016KT 9999 NCD 11/02 Q1013 NOSIG,M
EGLL,2026-03-11 15:50,53.60,37.40,54.07,270.00,16.00,0.00,29.91,M,6.21,M,NCD,M,M,M,M,M,M,M,M,M,M,M,M,M,M,53.60,COR EGLL 111550Z AUTO 27016KT 9999 NCD 12/03 Q1013 NOSIG,M
EGLL,2026-03-11 16:20,51.80,35.60,53.80,270.00,16.00,0.00,29.94,M,6.21,M,NCD,M,M,M,M,M,M,M,M,M,M,M,M,M,M,51.80,COR EGLL 111620Z AUTO 27016KT 9999 NCD 11/02 Q1014 NOSIG,M
EGLL,2026-03-11 16:50,51.80,37.40,57.76,280.00,9.00,0.00,29.94,M,6.21,M,FEW,M,M,M,4500.00,M,M,M,M,M,M,M,M,M,M,51.80,COR EGLL 111650Z AUTO 28009KT 9999 FEW045 11/03 Q1014 NOSIG,M
EGLL,2026-03-11 17:20,50.00,35.60,57.51,280.00,14.00,0.00,29.97,M,6.21,M,NCD,M,M,M,M,M,M,M,M,M,M,M,M,M,M,50.00,COR EGLL 111720Z AUTO 28014KT 9999 NCD 10/02 Q1015 NOSIG,M
EGLL,2026-03-11 17:50,51.80,35.60,53.80,260.00,16.00,0.00,30.00,M,6.21,M,NCD,M,M,M,M,M,M,M,M,M,M,M,M,M,M,51.80,COR EGLL 111750Z AUTO 26016KT 9999 NCD 11/02 Q1016 NOSIG,M
EGLL,2026-03-11 18:20,50.00,35.60,57.51,260.00,12.00,0.00,30.00,M,6.21,M,NCD,M,M,M,M,M,M,M,M,M,M,M,M,M,M,50.00,COR EGLL 111820Z AUTO 26012KT 9999 NCD 10/02 Q1016 NOSIG,M
EGLL,2026-03-11 18:50,50.00,35.60,57.51,250.00,12.00,0.00,30.00,M,6.21,M,NCD,M,M,M,M,M,M,M,M,M,M,M,M,M,M,50.00,COR EGLL 111850Z AUTO 25012KT 9999 NCD 10/02 Q1016 NOSIG,M
EGLL,2026-03-11 19:20,48.20,35.60,61.50,250.00,12.00,0.00,30.03,M,6.21,M,NCD,M,M,M,M,M,M,M,M,M,M,M,M,M,M,42.62,COR EGLL 111920Z AUTO 25012KT 9999 NCD 09/02 Q1017 NOSIG,M
EGLL,2026-03-11 19:50,48.20,35.60,61.50,250.00,13.00,0.00,30.03,M,6.21,M,NCD,M,M,M,M,M,M,M,M,M,M,M,M,M,M,42.32,COR EGLL 111950Z AUTO 25013KT 9999 NCD 09/02 Q1017 NOSIG,M
EGLL,2026-03-11 20:20,48.20,35.60,61.50,250.00,13.00,0.00,30.06,M,6.21,M,NCD,M,M,M,M,M,M,M,M,M,M,M,M,M,M,42.32,COR EGLL 112020Z AUTO 25013KT 9999 NCD 09/02 Q1018 NOSIG,M
EGLL,2026-03-11 20:50,46.40,35.60,65.82,240.00,10.00,0.00,30.06,M,6.21,M,NCD,M,M,M,M,M,M,M,M,M,M,M,M,M,M,41.03,COR EGLL 112050Z AUTO 24010KT 9999 NCD 08/02 Q1018 NOSIG,M
EGLL,2026-03-11 21:20,44.60,35.60,70.47,230.00,10.00,0.00,30.06,M,6.21,M,NCD,M,M,M,M,M,M,M,M,M,M,M,M,M,M,38.77,COR EGLL 112120Z AUTO 23010KT 9999 NCD 07/02 Q1018 NOSIG,M
EGLL,2026-03-11 21:50,44.60,35.60,70.47,220.00,9.00,0.00,30.06,M,6.21,M,NCD,M,M,M,M,M,M,M,M,M,M,M,M,M,M,39.18,COR EGLL 112150Z AUTO 22009KT 190V250 9999 NCD 07/02 Q1018 NOSIG,M
EGLL,2026-03-11 22:20,44.60,35.60,70.47,220.00,8.00,0.00,30.06,M,6.21,M,SCT,M,M,M,4100.00,M,M,M,M,M,M,M,M,M,M,39.63,COR EGLL 112220Z AUTO 22008KT 9999 SCT041 07/02 Q1018 NOSIG,M
EGLL,2026-03-11 22:50,44.60,35.60,70.47,200.00,8.00,0.00,30.06,M,6.21,M,NCD,M,M,M,M,M,M,M,M,M,M,M,M,M,M,39.63,COR EGLL 112250Z AUTO 20008KT 9999 NCD 07/02 Q1018 NOSIG,M
EGLL,2026-03-11 23:20,44.60,35.60,70.47,210.00,10.00,0.00,30.06,M,6.21,M,NCD,M,M,M,M,M,M,M,M,M,M,M,M,M,M,38.77,COR EGLL 112320Z AUTO 21010KT 9999 NCD 07/02 Q1018 NOSIG,M
EGLL,2026-03-11 23:50,42.80,35.60,75.49,210.00,9.00,0.00,30.06,M,6.21,M,NCD,M,M,M,M,M,M,M,M,M,M,M,M,M,M,36.94,COR EGLL 112350Z AUTO 21009KT 9999 NCD 06/02 Q1018 NOSIG,M
EGLL,2026-03-12 00:20,42.80,35.60,75.49,220.00,8.00,0.00,30.06,M,6.21,M,NCD,M,M,M,M,M,M,M,M,M,M,M,M,M,M,37.42,COR EGLL 120020Z AUTO 22008KT 9999 NCD 06/02 Q1018 NOSIG,M
EGLL,2026-03-12 00:50,42.80,37.40,81.06,210.00,9.00,0.00,30.06,M,6.21,M,NCD,M,M,M,M,M,M,M,M,M,M,M,M,M,M,36.94,COR EGLL 120050Z AUTO 21009KT 9999 NCD 06/03 Q1018 NOSIG,M
EGLL,2026-03-12 01:20,42.80,37.40,81.06,210.00,11.00,0.00,30.06,M,6.21,M,NCD,M,M,M,M,M,M,M,M,M,M,M,M,M,M,36.11,COR EGLL 120120Z AUTO 21011KT 9999 NCD 06/03 Q1018 NOSIG,M
EGLL,2026-03-12 01:50,42.80,37.40,81.06,210.00,10.00,0.00,30.03,M,6.21,M,NCD,M,M,M,M,M,M,M,M,M,M,M,M,M,M,36.51,COR EGLL 120150Z AUTO 21010KT 9999 NCD 06/03 Q1017 NOSIG,M
EGLL,2026-03-12 02:20,42.80,37.40,81.06,210.00,11.00,0.00,30.03,M,6.21,M,NCD,M,M,M,M,M,M,M,M,M,M,M,M,M,M,36.11,COR EGLL 120220Z AUTO 21011KT 9999 NCD 06/03 Q1017 NOSIG,M
EGLL,2026-03-12 02:50,42.80,39.20,86.99,220.00,11.00,0.00,30.00,M,6.21,M,NCD,M,M,M,M,M,M,M,M,M,M,M,M,M,M,36.11,COR EGLL 120250Z AUTO 22011KT 9999 NCD 06/04 Q1016 NOSIG,M
EGLL,2026-03-12 03:20,42.80,37.40,81.06,200.00,9.00,0.00,30.00,M,6.21,M,NCD,M,M,M,M,M,M,M,M,M,M,M,M,M,M,36.94,COR EGLL 120320Z AUTO 20009KT 9999 NCD 06/03 Q1016 NOSIG,M
EGLL,2026-03-12 03:50,42.80,39.20,86.99,210.00,8.00,0.00,30.00,M,6.21,M,FEW,SCT,M,M,2900.00,3900.00,M,M,M,M,M,M,M,M,M,37.42,COR EGLL 120350Z AUTO 21008KT 9999 FEW029 SCT039 06/04 Q1016 NOSIG,M
EGLL,2026-03-12 04:20,44.60,39.20,81.20,210.00,8.00,0.00,30.00,M,6.21,M,BKN,M,M,M,4200.00,M,M,M,M,M,M,M,M,M,M,39.63,COR EGLL 120420Z AUTO 21008KT 9999 BKN042 07/04 Q1016 NOSIG,M
EGLL,2026-03-12 04:50,42.80,39.20,86.99,200.00,7.00,0.00,30.00,M,6.21,M,FEW,SCT,M,M,2300.00,4400.00,M,M,M,M,M,M,M,M,M,37.94,COR EGLL 120450Z AUTO 20007KT 9999 FEW023 SCT044 06/04 Q1016 NOSIG,M
EGLL,2026-03-12 05:20,44.60,41.00,87.08,210.00,9.00,0.00,29.97,M,6.21,M,NCD,M,M,M,M,M,M,M,M,M,M,M,M,M,M,39.18,COR EGLL 120520Z AUTO 21009KT 9999 NCD 07/05 Q1015 NOSIG,M
EGLL,2026-03-12 05:50,46.40,41.00,81.33,210.00,9.00,0.00,29.97,M,6.21,M,SCT,M,M,M,4100.00,M,M,M,M,M,M,M,M,M,M,41.42,COR EGLL 120550Z AUTO 21009KT 9999 SCT041 08/05 Q1015 NOSIG,M
EGLL,2026-03-12 06:20,46.40,41.00,81.33,210.00,10.00,0.00,29.97,M,6.21,M,OVC,M,M,M,4000.00,M,M,M,M,M,M,M,M,M,M,41.03,COR EGLL 120620Z AUTO 21010KT 9999 OVC040 08/05 Q1015 NOSIG,M
EGLL,2026-03-12 06:50,48.20,41.00,76.01,210.00,11.00,0.00,29.97,M,6.21,22.00,OVC,M,M,M,3900.00,M,M,M,M,M,M,M,M,M,M,42.94,COR EGLL 120650Z AUTO 21011G22KT 9999 OVC039 09/05 Q1015 NOSIG,M
EGLL,2026-03-12 07:20,48.20,41.00,76.01,200.00,11.00,0.00,29.94,M,6.21,21.00,OVC,M,M,M,3400.00,M,M,M,M,M,M,M,M,M,M,42.94,COR EGLL 120720Z AUTO 20011G21KT 170V250 9999 OVC034 09/05 Q1014 NOSIG,M
EGLL,2026-03-12 07:50,50.00,41.00,71.06,210.00,15.00,0.00,29.94,M,6.21,M,BKN,OVC,M,M,2700.00,3800.00,M,M,M,M,M,M,M,M,M,50.00,COR EGLL 120750Z AUTO 21015KT 9999 BKN027 OVC038 10/05 Q1014 NOSIG,M
EGLL,2026-03-12 08:20,50.00,41.00,71.06,210.00,15.00,0.00,29.94,M,6.21,M,OVC,M,M,M,3400.00,M,M,M,M,M,M,M,M,M,M,50.00,COR EGLL 120820Z AUTO 21015KT 180V240 9999 OVC034 10/05 Q1014 NOSIG,M
EGLL,2026-03-12 08:50,50.00,41.00,71.06,200.00,17.00,0.00,29.91,M,6.21,M,OVC,M,M,M,3000.00,M,M,M,M,M,M,M,M,M,M,50.00,COR EGLL 120850Z AUTO 20017KT 9999 OVC030 10/05 Q1013 NOSIG,M
EGLL,2026-03-12 09:20,51.80,42.80,71.26,210.00,19.00,0.00,29.91,M,6.21,M,BKN,OVC,M,M,2700.00,3300.00,M,M,M,M,M,M,M,M,M,51.80,COR EGLL 120920Z AUTO 21019KT 9999 BKN027 OVC033 11/06 Q1013 NOSIG,M
EGLL,2026-03-12 09:50,51.80,41.00,66.48,220.00,22.00,0.00,29.91,M,6.21,33.00,BKN,OVC,M,M,2800.00,3200.00,M,M,M,M,M,M,M,M,M,51.80,COR EGLL 120950Z AUTO 22022G33KT 9999 BKN028 OVC032 11/05 Q1013 NOSIG,M
EGLL,2026-03-12 10:20,51.80,42.80,71.26,220.00,21.00,0.00,29.91,M,6.21,34.00,BKN,OVC,M,M,2100.00,2500.00,M,M,M,M,M,M,M,M,M,51.80,COR EGLL 121020Z AUTO 22021G34KT 9999 BKN021 OVC025 11/06 Q1013 NOSIG,M
EGLL,2026-03-12 10:50,51.80,42.80,71.26,220.00,19.00,0.00,29.88,M,6.21,29.00,FEW,OVC,M,M,1800.00,2500.00,M,M,M,M,M,M,M,M,M,51.80,COR EGLL 121050Z AUTO 22019G29KT 9999 FEW018 OVC025 11/06 Q1012 NOSIG,M
EGLL,2026-03-12 11:20,53.60,42.80,66.70,220.00,20.00,0.00,29.88,M,6.21,31.00,OVC,M,M,M,2600.00,M,M,M,M,M,M,M,M,M,M,53.60,COR EGLL 121120Z AUTO 22020G31KT 9999 OVC026 12/06 Q1012 NOSIG,M
EGLL,2026-03-12 11:50,53.60,42.80,66.70,220.00,25.00,0.00,29.85,M,6.21,36.00,OVC,M,M,M,2500.00,M,M,M,M,M,M,M,M,M,M,53.60,COR EGLL 121150Z AUTO 22025G36KT 9999 OVC025 12/06 Q1011 NOSIG,M
EGLL,2026-03-12 12:20,51.80,42.80,71.26,220.00,23.00,0.00,29.85,M,6.21,M,OVC,M,M,M,2200.00,M,M,M,M,M,M,M,M,M,M,51.80,COR EGLL 121220Z AUTO 22023KT 9999 OVC022 11/06 Q1011 NOSIG,M
EGLL,2026-03-12 12:50,51.80,44.60,76.34,210.00,25.00,0.00,29.85,M,6.21,36.00,OVC,M,M,M,2000.00,M,M,M,M,M,M,M,M,M,M,51.80,COR EGLL 121250Z AUTO 21025G36KT 9999 OVC020 11/07 Q1011 NOSIG,M
EGLL,2026-03-12 13:20,51.80,44.60,76.34,210.00,21.00,0.00,29.83,M,6.21,34.00,OVC,M,M,M,2000.00,M,M,M,M,M,M,M,M,M,M,51.80,COR EGLL 121320Z AUTO 21021G34KT 9999 OVC020 11/07 Q1010 NOSIG,M
EGLL,2026-03-12 13:50,51.80,44.60,76.34,210.00,21.00,0.00,29.83,M,6.21,31.00,BKN,M,M,M,1800.00,M,M,M,M,M,M,M,M,M,M,51.80,COR EGLL 121350Z AUTO 21021G31KT 180V240 9999 BKN018 11/07 Q1010 NOSIG,M
EGLL,2026-03-12 14:20,51.80,46.40,81.74,210.00,21.00,0.00,29.80,M,6.21,31.00,OVC,M,M,M,1700.00,M,M,M,M,M,M,M,M,M,M,51.80,COR EGLL 121420Z AUTO 21021G31KT 9999 OVC017 11/08 Q1009 NOSIG,M
EGLL,2026-03-12 14:50,51.80,46.40,81.74,210.00,24.00,0.00,29.80,M,6.21,M,OVC,///,M,M,1500.00,M,M,M,-RA,M,M,M,M,M,M,51.80,COR EGLL 121450Z AUTO 21024KT 9999 -RA OVC015/// //////TCU 11/08 Q1009 NOSIG,M
EGLL,2026-03-12 15:20,51.80,46.40,81.74,210.00,21.00,0.00,29.77,M,6.21,31.00,OVC,M,M,M,1700.00,M,M,M,M,M,M,M,M,M,M,51.80,COR EGLL 121520Z AUTO 21021G31KT 9999 OVC017 11/08 Q1008 NOSIG,M
EGLL,2026-03-12 15:50,53.60,46.40,76.51,210.00,24.00,0.00,29.77,M,6.21,M,OVC,M,M,M,1700.00,M,M,M,M,M,M,M,M,M,M,53.60,COR EGLL 121550Z AUTO 21024KT 9999 OVC017 12/08 Q1008 NOSIG,M
EGLL,2026-03-12 16:20,53.60,46.40,76.51,210.00,24.00,0.00,29.74,M,6.21,37.00,OVC,M,M,M,1700.00,M,M,M,M,M,M,M,M,M,M,53.60,COR EGLL 121620Z AUTO 21024G37KT 9999 OVC017 12/08 Q1007 NOSIG,M
EGLL,2026-03-12 16:50,51.80,48.20,87.47,210.00,24.00,0.00,29.74,M,6.21,36.00,BKN,OVC,M,M,1400.00,1900.00,M,M,-RADZ,M,M,M,M,M,M,51.80,COR EGLL 121650Z AUTO 21024G36KT 9999 -RADZ BKN014 OVC019 11/09 Q1007 TEMPO BKN015,M
EGLL,2026-03-12 17:20,51.80,48.20,87.47,210.00,24.00,0.00,29.74,M,6.21,M,BKN,OVC,M,M,1200.00,1700.00,M,M,-RA,M,M,M,M,M,M,51.80,COR EGLL 121720Z AUTO 21024KT 9999 -RA BKN012 OVC017 11/09 Q1007 NOSIG,M
EGLL,2026-03-12 17:50,51.80,48.20,87.47,210.00,23.00,0.00,29.71,M,6.21,34.00,BKN,BKN,OVC,M,1300.00,1700.00,2200.00,M,-RADZ,M,M,M,M,M,M,51.80,COR EGLL 121750Z AUTO 21023G34KT 9999 -RADZ BKN013 BKN017 OVC022 11/09 Q1006 TEMPO BKN015,M
EGLL,2026-03-12 18:20,51.80,48.20,87.47,210.00,25.00,0.00,29.71,M,6.21,36.00,BKN,OVC,M,M,1500.00,2000.00,M,M,-RADZ,M,M,M,M,M,M,51.80,COR EGLL 121820Z AUTO 21025G36KT 9999 -RADZ BKN015 OVC020 11/09 Q1006 TEMPO BKN014,M
EGLL,2026-03-12 18:50,51.80,48.20,87.47,210.00,24.00,0.00,29.68,M,6.21,36.00,OVC,M,M,M,1400.00,M,M,M,-RADZ,M,M,M,M,M,M,51.80,COR EGLL 121850Z AUTO 21024G36KT 9999 -RADZ OVC014 11/09 Q1005 TEMPO BKN015,M
EGLL,2026-03-12 19:20,51.80,48.20,87.47,200.00,22.00,0.00,29.68,M,6.21,32.00,OVC,M,M,M,1200.00,M,M,M,-RA,M,M,M,M,M,M,51.80,COR EGLL 121920Z AUTO 20022G32KT 9999 -RA OVC012 11/09 Q1005 NOSIG,M
EGLL,2026-03-12 19:50,51.80,48.20,87.47,200.00,20.00,0.00,29.68,M,5.59,M,OVC,M,M,M,1000.00,M,M,M,-RA,M,M,M,M,M,M,51.80,COR EGLL 121950Z AUTO 20020KT 9000 -RA OVC010 11/09 Q1005 NOSIG,M
EGLL,2026-03-12 20:20,51.80,48.20,87.47,210.00,18.00,0.00,29.65,M,6.21,28.00,OVC,M,M,M,1000.00,M,M,M,-RADZ,M,M,M,M,M,M,51.80,COR EGLL 122020Z AUTO 21018G28KT 9999 -RADZ OVC010 11/09 Q1004 NOSIG,M
EGLL,2026-03-12 20:50,51.80,48.20,87.47,210.00,20.00,0.00,29.65,M,3.73,M,OVC,M,M,M,900.00,M,M,M,-RADZ,M,M,M,M,M,M,51.80,COR EGLL 122050Z AUTO 21020KT 180V240 6000 -RADZ OVC009 11/09 Q1004 TEMPO RA,M
EGLL,2026-03-12 21:20,51.80,50.00,93.55,210.00,20.00,0.00,29.62,M,6.21,33.00,OVC,M,M,M,900.00,M,M,M,-RADZ,M,M,M,M,M,M,51.80,COR EGLL 122120Z AUTO 21020G33KT 9999 -RADZ OVC009 11/10 Q1003 TEMPO RA,M
EGLL,2026-03-12 21:50,51.80,50.00,93.55,210.00,19.00,0.00,29.59,M,6.21,29.00,OVC,M,M,M,900.00,M,M,M,-RADZ,M,M,M,M,M,M,51.80,COR EGLL 122150Z AUTO 21019G29KT 9999 -RADZ OVC009 11/10 Q1002 TEMPO 2000 +RA,M
EGLL,2026-03-12 22:20,51.80,50.00,93.55,210.00,21.00,0.00,29.59,M,6.21,35.00,OVC,M,M,M,1000.00,M,M,M,-RA,M,M,M,M,M,M,51.80,COR EGLL 122220Z AUTO 21021G35KT 180V240 9999 -RA OVC010 11/10 Q1002 TEMPO 2000 +RA BKN007,M
EGLL,2026-03-12 22:50,51.80,50.00,93.55,210.00,21.00,0.00,29.56,M,6.21,33.00,OVC,M,M,M,1200.00,M,M,M,-RA,M,M,M,M,M,M,51.80,COR EGLL 122250Z AUTO 21021G33KT 9999 -RA OVC012 11/10 Q1001 TEMPO 2000 +RA BKN007,M
EGLL,2026-03-12 23:20,53.60,50.00,87.56,210.00,22.00,0.00,29.53,M,4.35,33.00,OVC,///,M,M,1300.00,M,M,M,-RA,M,M,M,M,M,M,53.60,COR EGLL 122320Z AUTO 21022G33KT 7000 -RA OVC013/// //////TCU 12/10 Q1000 TEMPO 2000 +RA BKN007,M
EGLL,2026-03-12 23:50,53.60,50.00,87.56,210.00,23.00,0.00,29.50,M,6.21,37.00,OVC,M,M,M,1300.00,M,M,M,-RA,M,M,M,M,M,M,53.60,COR EGLL 122350Z AUTO 21023G37KT 9999 -RA OVC013 12/10 Q0999 TEMPO 2000 +RA BKN007,M
EGLL,2026-03-13 00:20,53.60,50.00,87.56,210.00,24.00,0.00,29.50,M,4.35,35.00,BKN,OVC,///,M,1200.00,1700.00,M,M,-RA,M,M,M,M,M,M,53.60,COR EGLL 130020Z AUTO 21024G35KT 7000 -RA BKN012/// OVC017/// //////TCU 12/10 Q0999 TEMPO 2000 +RA BKN007,M
EGLL,2026-03-13 00:50,53.60,50.00,87.56,210.00,21.00,0.00,29.47,M,4.97,32.00,BKN,///,M,M,1400.00,M,M,M,-RA,M,M,M,M,M,M,53.60,COR EGLL 130050Z AUTO 21021G32KT 8000 -RA BKN014/// //////CB 12/10 Q0998 TEMPO 2000 +RA BKN007,M
EGLL,2026-03-13 01:20,53.60,50.00,87.56,210.00,23.00,0.00,29.47,M,6.21,33.00,BKN,///,M,M,1400.00,M,M,M,-RA,M,M,M,M,M,M,53.60,COR EGLL 130120Z AUTO 21023G33KT 9999 -RA BKN014/// //////CB 12/10 Q0998 RERA TEMPO 2000 +RA BKN007,M
EGLL,2026-03-13 01:50,53.60,50.00,87.56,260.00,24.00,0.00,29.47,M,1.37,M,BKN,BKN,OVC,///,1200.00,1700.00,2300.00,M,+RA,M,M,M,M,M,M,53.60,COR EGLL 130150Z AUTO 26024KT 2200 +RA BKN012/// BKN017/// OVC023/// //////CB 12/10 Q0998 TEMPO 6000 RA,M
EGLL,2026-03-13 02:20,51.80,46.40,81.74,230.00,23.00,0.00,29.47,M,6.21,M,FEW,///,M,M,1900.00,M,M,M,-RA,M,M,M,M,M,M,51.80,COR EGLL 130220Z AUTO 23023KT 9999 -RA FEW019/// //////CB 11/08 Q0998 RERA TEMPO 4000 RA BKN012,M
EGLL,2026-03-13 02:50,51.80,46.40,81.74,260.00,24.00,0.00,29.47,M,3.11,M,FEW,BKN,BKN,///,1300.00,2400.00,3900.00,M,-RA,M,M,M,M,M,M,51.80,COR EGLL 130250Z AUTO 26024KT 5000 -RA FEW013/// BKN024/// BKN039/// //////CB 11/08 Q0998 RERA TEMPO 4000 RA BKN013,M
EGLL,2026-03-13 03:20,48.20,42.80,81.47,270.00,16.00,0.00,29.50,M,6.21,M,FEW,SCT,///,M,2300.00,4800.00,M,M,-RA,M,M,M,M,M,M,41.53,COR EGLL 130320Z AUTO 27016KT 9999 -RA FEW023/// SCT048/// //////CB 09/06 Q0999 NOSIG,M
EGLL,2026-03-13 03:50,46.40,41.00,81.33,290.00,20.00,0.00,29.53,M,6.21,30.00,SCT,BKN,BKN,///,1900.00,2400.00,3000.00,M,-RADZ,M,M,M,M,M,M,38.26,COR EGLL 130350Z AUTO 29020G30KT 9999 -RADZ SCT019/// BKN024/// BKN030/// //////TCU 08/05 Q1000 BECMG 25010KT,M
EGLL,2026-03-13 04:20,42.80,37.40,81.06,290.00,14.00,0.00,29.53,M,6.21,M,SCT,OVC,M,M,2900.00,3400.00,M,M,-RA,M,M,M,M,M,M,35.08,COR EGLL 130420Z AUTO 29014KT 9999 -RA SCT029 OVC034 06/03 Q1000 NOSIG,M
EGLL,2026-03-13 04:50,42.80,37.40,81.06,260.00,12.00,0.00,29.56,M,6.21,M,FEW,M,M,M,3900.00,M,M,M,M,M,M,M,M,M,M,35.75,COR EGLL 130450Z AUTO 26012KT 9999 FEW039 06/03 Q1001 NOSIG,M
EGLL,2026-03-13 05:20,44.60,37.40,75.67,230.00,13.00,0.00,29.53,M,6.21,M,NCD,M,M,M,M,M,M,M,M,M,M,M,M,M,M,37.71,COR EGLL 130520Z AUTO 23013KT 9999 NCD 07/03 Q1000 NOSIG,M
EGLL,2026-03-13 05:50,42.80,37.40,81.06,240.00,14.00,0.00,29.56,M,6.21,M,SCT,M,M,M,3100.00,M,M,M,M,M,M,M,M,M,M,35.08,COR EGLL 130550Z AUTO 24014KT 9999 SCT031 06/03 Q1001 NOSIG,M
EGLL,2026-03-13 06:20,42.80,35.60,75.49,240.00,16.00,0.00,29.56,M,6.21,M,FEW,SCT,M,M,2900.00,3400.00,M,M,M,M,M,M,M,M,M,34.50,COR EGLL 130620Z AUTO 24016KT 9999 FEW029 SCT034 06/02 Q1001 NOSIG,M
EGLL,2026-03-13 06:50,42.80,37.40,81.06,240.00,13.00,0.00,29.56,M,6.21,M,SCT,M,M,M,3200.00,M,M,M,M,M,M,M,M,M,M,35.40,COR EGLL 130650Z AUTO 24013KT 9999 SCT032 06/03 Q1001 NOSIG,M
EGLL,2026-03-13 07:20,42.80,37.40,81.06,230.00,13.00,0.00,29.59,M,6.21,M,FEW,M,M,M,3200.00,M,M,M,M,M,M,M,M,M,M,35.40,COR EGLL 130720Z AUTO 23013KT 9999 FEW032 06/03 Q1002 NOSIG,M
EGLL,2026-03-13 07:50,42.80,35.60,75.49,260.00,17.00,0.00,29.59,M,6.21,M,NCD,M,M,M,M,M,M,M,M,M,M,M,M,M,M,34.22,COR EGLL 130750Z AUTO 26017KT 9999 NCD 06/02 Q1002 NOSIG,M
EGLL,2026-03-13 08:20,44.60,35.60,70.47,240.00,14.00,0.00,29.59,M,6.21,M,FEW,M,M,M,3100.00,M,M,M,M,M,M,M,M,M,M,37.40,COR EGLL 130820Z AUTO 24014KT 9999 FEW031 07/02 Q1002 NOSIG,M
EGLL,2026-03-13 08:50,44.60,35.60,70.47,250.00,15.00,0.00,29.59,M,6.21,M,FEW,M,M,M,2800.00,M,M,M,M,M,M,M,M,M,M,37.11,COR EGLL 130850Z AUTO 25015KT 9999 FEW028 07/02 Q1002 NOSIG,M
EGLL,2026-03-13 09:20,44.60,33.80,65.59,240.00,14.00,0.00,29.59,M,6.21,M,NCD,M,M,M,M,M,M,M,M,M,M,M,M,M,M,37.40,COR EGLL 130920Z AUTO 24014KT 9999 NCD 07/01 Q1002 NOSIG,M
EGLL,2026-03-13 09:50,44.60,33.80,65.59,250.00,18.00,0.00,29.59,M,6.21,M,NCD,M,M,M,M,M,M,M,M,M,M,M,M,M,M,36.34,COR EGLL 130950Z AUTO 25018KT 9999 NCD 07/01 Q1002 NOSIG,M
EGLL,2026-03-13 10:20,44.60,33.80,65.59,250.00,15.00,0.00,29.59,M,6.21,M,NCD,M,M,M,M,M,M,M,M,M,M,M,M,M,M,37.11,COR EGLL 131020Z AUTO 25015KT 9999 NCD 07/01 Q1002 NOSIG,M
EGLL,2026-03-13 10:50,46.40,33.80,61.26,250.00,15.00,0.00,29.59,M,6.21,M,NCD,M,M,M,M,M,M,M,M,M,M,M,M,M,M,39.45,COR EGLL 131050Z AUTO 25015KT 9999 NCD 08/01 Q1002 NOSIG,M
EGLL,2026-03-13 11:20,46.40,32.00,56.99,250.00,15.00,0.00,29.59,M,6.21,M,NCD,M,M,M,M,M,M,M,M,M,M,M,M,M,M,39.45,COR EGLL 131120Z AUTO 25015KT 9999 NCD 08/M00 Q1002 NOSIG,M
EGLL,2026-03-13 11:50,46.40,32.00,56.99,240.00,16.00,0.00,29.59,M,6.21,M,NCD,M,M,M,M,M,M,M,M,M,M,M,M,M,M,39.19,COR EGLL 131150Z AUTO 24016KT 9999 NCD 08/00 Q1002 NOSIG,M
EGLL,2026-03-13 12:20,48.20,32.00,53.25,240.00,19.00,0.00,29.59,M,6.21,M,SCT,M,M,M,4200.00,M,M,M,M,M,M,M,M,M,M,40.86,COR EGLL 131220Z AUTO 24019KT 9999 SCT042 09/M00 Q1002 NOSIG,M
EGLL,2026-03-13 12:50,48.20,32.00,53.25,240.00,18.00,0.00,29.56,M,6.21,M,SCT,BKN,M,M,4200.00,4900.00,M,M,M,M,M,M,M,M,M,41.07,COR EGLL 131250Z AUTO 24018KT 9999 SCT042 BKN049 09/M00 Q1001 NOSIG,M
EGLL,2026-03-13 13:20,48.20,30.20,49.51,240.00,16.00,0.00,29.56,M,6.21,M,FEW,SCT,M,M,4200.00,4900.00,M,M,M,M,M,M,M,M,M,41.53,COR EGLL 131320Z AUTO 24016KT 9999 FEW042 SCT049 09/M01 Q1001 NOSIG,M
EGLL,2026-03-13 13:50,48.20,30.20,49.51,260.00,16.00,0.00,29.56,M,6.21,M,SCT,M,M,M,4900.00,M,M,M,M,M,M,M,M,M,M,41.53,COR EGLL 131350Z AUTO 26016KT 9999 SCT049 09/M01 Q1001 NOSIG,M
EGLL,2026-03-13 14:20,48.20,28.40,46.00,260.00,18.00,0.00,29.56,M,6.21,M,FEW,M,M,M,4800.00,M,M,M,M,M,M,M,M,M,M,41.07,COR EGLL 131420Z AUTO 26018KT 9999 FEW048 09/M02 Q1001 NOSIG,M
EGLL,2026-03-13 14:50,44.60,35.60,70.47,240.00,22.00,0.00,29.56,M,6.21,32.00,FEW,M,M,M,4400.00,M,M,M,-RA,M,M,M,M,M,M,35.45,COR EGLL 131450Z AUTO 24022G32KT 9999 -RA FEW044 07/02 Q1001 NOSIG,M
EGLL,2026-03-13 15:20,44.60,32.00,61.01,230.00,13.00,0.00,29.53,M,6.21,M,NCD,M,M,M,M,M,M,M,M,M,M,M,M,M,M,37.71,COR EGLL 131520Z AUTO 23013KT 9999 NCD 07/00 Q1000 NOSIG,M
EGLL,2026-03-13 15:50,44.60,30.20,56.72,240.00,12.00,0.00,29.53,M,6.21,M,NCD,M,M,M,M,M,M,M,M,M,M,M,M,M,M,38.04,COR EGLL 131550Z AUTO 24012KT 9999 NCD 07/M01 Q1000 NOSIG,M
EGLL,2026-03-13 16:20,46.40,32.00,56.99,240.00,15.00,0.00,29.50,M,6.21,M,NCD,M,M,M,M,M,M,M,M,M,M,M,M,M,M,39.45,COR EGLL 131620Z AUTO 24015KT 9999 NCD 08/M00 Q0999 NOSIG,M
EGLL,2026-03-13 16:50,46.40,32.00,56.99,240.00,12.00,0.00,29.50,M,6.21,M,NCD,M,M,M,M,M,M,M,M,M,M,M,M,M,M,40.33,COR EGLL 131650Z AUTO 24012KT 210V270 9999 NCD 08/00 Q0999 NOSIG,M
EGLL,2026-03-13 17:20,44.60,32.00,61.01,250.00,15.00,0.00,29.50,M,6.21,M,FEW,M,M,M,3800.00,M,M,M,M,M,M,M,M,M,M,37.11,COR EGLL 131720Z AUTO 25015KT 9999 FEW038 07/00 Q0999 NOSIG,M
EGLL,2026-03-13 17:50,44.60,30.20,56.72,250.00,14.00,0.00,29.50,M,6.21,M,NCD,M,M,M,M,M,M,M,M,M,M,M,M,M,M,37.40,COR EGLL 131750Z AUTO 25014KT 9999 NCD 07/M01 Q0999 NOSIG,M
EGLL,2026-03-13 18:20,44.60,32.00,61.01,250.00,11.00,0.00,29.50,M,6.21,M,NCD,M,M,M,M,M,M,M,M,M,M,M,M,M,M,38.39,COR EGLL 131820Z AUTO 25011KT 9999 NCD 07/M00 Q0999 NOSIG,M
EGLL,2026-03-13 18:50,42.80,33.80,70.27,230.00,8.00,0.00,29.50,M,6.21,M,NCD,M,M,M,M,M,M,M,M,M,M,M,M,M,M,37.42,COR EGLL 131850Z AUTO 23008KT 9999 NCD 06/01 Q0999 NOSIG,M
EGLL,2026-03-13 19:20,41.00,33.80,75.32,230.00,9.00,0.00,29.50,M,6.21,M,NCD,M,M,M,M,M,M,M,M,M,M,M,M,M,M,34.70,COR EGLL 131920Z AUTO 23009KT 9999 NCD 05/01 Q0999 NOSIG,M
EGLL,2026-03-13 19:50,41.00,33.80,75.32,230.00,7.00,0.00,29.53,M,6.21,M,SCT,M,M,M,3300.00,M,M,M,M,M,M,M,M,M,M,35.75,COR EGLL 131950Z AUTO 23007KT 9999 SCT033 05/01 Q1000 NOSIG,M
EGLL,2026-03-13 20:20,41.00,33.80,75.32,270.00,9.00,0.00,29.53,M,6.21,M,SCT,SCT,BKN,M,2400.00,3000.00,3600.00,M,-RADZ,M,M,M,M,M,M,34.70,COR EGLL 132020Z AUTO 27009KT 9999 -RADZ SCT024 SCT030 BKN036 05/01 Q1000 NOSIG,M
EGLL,2026-03-13 20:50,41.00,35.60,80.92,250.00,9.00,0.00,29.53,M,6.21,M,NCD,M,M,M,M,M,M,M,M,M,M,M,M,M,M,34.70,COR EGLL 132050Z AUTO 25009KT 9999 NCD 05/02 Q1000 NOSIG,M
EGLL,2026-03-13 21:20,41.00,33.80,75.32,250.00,10.00,0.00,29.53,M,6.21,M,FEW,M,M,M,3500.00,M,M,M,M,M,M,M,M,M,M,34.25,COR EGLL 132120Z AUTO 25010KT 9999 FEW035 05/01 Q1000 NOSIG,M
EGLL,2026-03-13 21:50,41.00,33.80,75.32,250.00,12.00,0.00,29.53,M,6.21,M,NCD,M,M,M,M,M,M,M,M,M,M,M,M,M,M,33.46,COR EGLL 132150Z AUTO 25012KT 9999 NCD 05/01 Q1000 NOSIG,M
EGLL,2026-03-13 22:20,39.20,32.00,75.14,260.00,10.00,0.00,29.53,M,6.21,M,NCD,M,M,M,M,M,M,M,M,M,M,M,M,M,M,32.00,COR EGLL 132220Z AUTO 26010KT 9999 NCD 04/00 Q1000 NOSIG,M
EGLL,2026-03-13 22:50,37.40,32.00,80.64,270.00,12.00,0.00,29.53,M,6.21,M,NCD,M,M,M,M,M,M,M,M,M,M,M,M,M,M,28.87,COR EGLL 132250Z AUTO 27012KT 9999 NCD 03/00 Q1000 NOSIG,M
EGLL,2026-03-13 23:20,37.40,32.00,80.64,260.00,8.00,0.00,29.53,M,6.21,M,NCD,M,M,M,M,M,M,M,M,M,M,M,M,M,M,30.76,COR EGLL 132320Z AUTO 26008KT 9999 NCD 03/00 Q1000 NOSIG,M
EGLL,2026-03-13 23:50,37.40,32.00,80.64,260.00,6.00,0.00,29.53,M,6.21,M,NCD,M,M,M,M,M,M,M,M,M,M,M,M,M,M,32.03,COR EGLL 132350Z AUTO 26006KT 9999 NCD 03/00 Q1000 NOSIG,M
EGLL,2026-03-14 00:20,35.60,32.00,86.58,270.00,8.00,0.00,29.53,M,6.21,M,NCD,M,M,M,M,M,M,M,M,M,M,M,M,M,M,28.55,COR EGLL 140020Z AUTO 27008KT 9999 NCD 02/M00 Q1000 NOSIG,M
EGLL,2026-03-14 00:50,35.60,32.00,86.58,270.00,6.00,0.00,29.53,M,6.21,M,NCD,M,M,M,M,M,M,M,M,M,M,M,M,M,M,29.87,COR EGLL 140050Z AUTO 27006KT 9999 NCD 02/M00 Q1000 NOSIG,M
EGLL,2026-03-14 01:20,35.60,32.00,86.58,260.00,6.00,0.00,29.53,M,6.21,M,NCD,M,M,M,M,M,M,M,M,M,M,M,M,M,M,29.87,COR EGLL 140120Z AUTO 26006KT 9999 NCD 02/00 Q1000 NOSIG,M
EGLL,2026-03-14 01:50,35.60,32.00,86.58,250.00,6.00,0.00,29.53,M,6.21,M,NCD,M,M,M,M,M,M,M,M,M,M,M,M,M,M,29.87,COR EGLL 140150Z AUTO 25006KT 9999 NCD 02/00 Q1000 NOSIG,M
EGLL,2026-03-14 02:20,35.60,32.00,86.58,260.00,5.00,0.00,29.53,M,6.21,M,NCD,M,M,M,M,M,M,M,M,M,M,M,M,M,M,30.67,COR EGLL 140220Z AUTO 26005KT 9999 NCD 02/00 Q1000 NOSIG,M
EGLL,2026-03-14 02:50,35.60,32.00,86.58,260.00,6.00,0.00,29.53,M,6.21,M,FEW,M,M,M,2500.00,M,M,M,M,M,M,M,M,M,M,29.87,COR EGLL 140250Z AUTO 26006KT 9999 FEW025 02/00 Q1000 NOSIG,M
EGLL,2026-03-14 03:20,35.60,33.80,93.08,260.00,6.00,0.00,29.53,M,6.21,M,BKN,M,M,M,2500.00,M,M,M,M,M,M,M,M,M,M,29.87,COR EGLL 140320Z AUTO 26006KT 9999 BKN025 02/01 Q1000 NOSIG,M
EGLL,2026-03-14 03:50,35.60,32.00,86.58,270.00,7.00,0.00,29.56,M,6.21,M,FEW,M,M,M,3100.00,M,M,M,M,M,M,M,M,M,M,29.17,COR EGLL 140350Z AUTO 27007KT 9999 FEW031 02/00 Q1001 NOSIG,M
EGLL,2026-03-14 04:20,35.60,32.00,86.58,260.00,4.00,0.00,29.56,M,6.21,M,NCD,M,M,M,M,M,M,M,M,M,M,M,M,M,M,31.62,COR EGLL 140420Z AUTO 26004KT 9999 NCD 02/00 Q1001 NOSIG,M
EGLL,2026-03-14 04:50,35.60,33.80,93.08,270.00,5.00,0.00,29.56,M,6.21,M,NCD,M,M,M,M,M,M,M,M,M,M,M,M,M,M,30.67,COR EGLL 140450Z AUTO 27005KT 9999 NCD 02/01 Q1001 NOSIG,M
EGLL,2026-03-14 05:20,35.60,32.00,86.58,260.00,3.00,0.00,29.56,M,6.21,M,NCD,M,M,M,M,M,M,M,M,M,M,M,M,M,M,32.80,COR EGLL 140520Z AUTO 26003KT 9999 NCD 02/00 Q1001 NOSIG,M
EGLL,2026-03-14 05:50,33.80,32.00,93.02,280.00,6.00,0.00,29.59,M,6.21,M,NCD,M,M,M,M,M,M,M,M,M,M,M,M,M,M,27.70,COR EGLL 140550Z AUTO 28006KT 9999 NCD 01/00 Q1002 NOSIG,M
EGLL,2026-03-14 06:20,33.80,32.00,93.02,280.00,7.00,0.00,29.59,M,6.21,M,NCD,M,M,M,M,M,M,M,M,M,M,M,M,M,M,26.97,COR EGLL 140620Z AUTO 28007KT 9999 NCD 01/00 Q1002 NOSIG,M
EGLL,2026-03-14 06:50,35.60,32.00,86.58,280.00,5.00,0.00,29.59,M,6.21,M,NCD,M,M,M,M,M,M,M,M,M,M,M,M,M,M,30.67,COR EGLL 140650Z AUTO 28005KT 9999 NCD 02/00 Q1002 NOSIG,M
EGLL,2026-03-14 07:20,35.60,33.80,93.08,290.00,5.00,0.00,29.62,M,6.21,M,NCD,M,M,M,M,M,M,M,M,M,M,M,M,M,M,30.67,COR EGLL 140720Z AUTO 29005KT 9999 NCD 02/01 Q1003 NOSIG,M
EGLL,2026-03-14 07:50,37.40,33.80,86.69,290.00,5.00,0.00,29.62,M,6.21,M,NCD,M,M,M,M,M,M,M,M,M,M,M,M,M,M,32.81,COR EGLL 140750Z AUTO 29005KT 260V320 9999 NCD 03/01 Q1003 NOSIG,M
EGLL,2026-03-14 08:20,39.20,35.60,86.79,290.00,6.00,0.00,29.65,M,6.21,M,NCD,M,M,M,M,M,M,M,M,M,M,M,M,M,M,34.20,COR EGLL 140820Z AUTO 29006KT 9999 NCD 04/02 Q1004 NOSIG,M
EGLL,2026-03-14 08:50,41.00,35.60,80.92,300.00,7.00,0.00,29.65,M,6.21,M,NCD,M,M,M,M,M,M,M,M,M,M,M,M,M,M,35.75,COR EGLL 140850Z AUTO 30007KT 270V330 9999 NCD 05/02 Q1004 NOSIG,M
EGLL,2026-03-14 09:20,42.80,37.40,81.06,300.00,6.00,0.00,29.65,M,6.21,M,NCD,M,M,M,M,M,M,M,M,M,M,M,M,M,M,38.54,COR EGLL 140920Z AUTO 30006KT 260V330 9999 NCD 06/03 Q1004 NOSIG,M
EGLL,2026-03-14 09:50,46.40,37.40,70.67,310.00,7.00,0.00,29.65,M,6.21,M,M,M,M,M,M,M,M,M,M,M,M,M,M,M,M,42.33,COR EGLL 140950Z 31007KT 280V350 CAVOK 08/03 Q1004 NOSIG,M
EGLL,2026-03-14 10:20,46.40,35.60,65.82,320.00,9.00,0.00,29.68,M,6.21,M,NCD,M,M,M,M,M,M,M,M,M,M,M,M,M,M,41.42,COR EGLL 141020Z AUTO 32009KT 290V010 9999 NCD 08/02 Q1005 NOSIG,M
EGLL,2026-03-14 10:50,48.20,33.80,57.25,320.00,9.00,0.00,29.68,M,6.21,M,NCD,M,M,M,M,M,M,M,M,M,M,M,M,M,M,43.66,COR EGLL 141050Z AUTO 32009KT 9999 NCD 09/01 Q1005 NOSIG,M
EGLL,2026-03-14 11:20,50.00,32.00,49.79,320.00,8.00,0.00,29.68,M,6.21,M,NCD,M,M,M,M,M,M,M,M,M,M,M,M,M,M,50.00,COR EGLL 141120Z AUTO 32008KT 280V030 9999 NCD 10/00 Q1005 NOSIG,M
EGLL,2026-03-14 11:50,48.20,32.00,53.25,350.00,6.00,0.00,29.68,M,6.21,M,NCD,M,M,M,M,M,M,M,M,M,M,M,M,M,M,45.04,COR EGLL 141150Z AUTO 35006KT 290V050 9999 NCD 09/M00 Q1005 NOSIG,M
EGLL,2026-03-14 12:20,50.00,32.00,49.79,290.00,8.00,0.00,29.68,M,6.21,M,SCT,M,M,M,4300.00,M,M,M,M,M,M,M,M,M,M,50.00,COR EGLL 141220Z AUTO 29008KT 270V330 9999 SCT043 10/M00 Q1005 NOSIG,M
EGLL,2026-03-14 12:50,51.80,32.00,46.58,310.00,6.00,0.00,29.68,M,6.21,M,SCT,M,M,M,4600.00,M,M,M,M,M,M,M,M,M,M,51.80,COR EGLL 141250Z AUTO 31006KT 270V010 9999 SCT046 11/00 Q1005 NOSIG,M
EGLL,2026-03-14 13:20,51.80,32.00,46.58,330.00,8.00,0.00,29.71,M,6.21,M,FEW,M,M,M,4900.00,M,M,M,M,M,M,M,M,M,M,51.80,COR EGLL 141320Z AUTO 33008KT 280V030 9999 FEW049 11/M00 Q1006 NOSIG,M
EGLL,2026-03-14 13:50,51.80,32.00,46.58,310.00,10.00,0.00,29.71,M,6.21,M,NCD,M,M,M,M,M,M,M,M,M,M,M,M,M,M,51.80,COR EGLL 141350Z AUTO 31010KT 280V350 9999 NCD 11/M00 Q1006 NOSIG,M
EGLL,2026-03-14 14:20,51.80,28.40,40.23,300.00,12.00,0.00,29.71,M,6.21,M,NCD,M,M,M,M,M,M,M,M,M,M,M,M,M,M,51.80,COR EGLL 141420Z AUTO 30012KT 270V330 9999 NCD 11/M02 Q1006 RESHGS NOSIG,M
EGLL,2026-03-14 14:50,51.80,28.40,40.23,320.00,9.00,0.00,29.71,M,6.21,M,NCD,M,M,M,M,M,M,M,M,M,M,M,M,M,M,51.80,COR EGLL 141450Z AUTO 32009KT 300V010 9999 NCD 11/M02 Q1006 NOSIG,M
EGLL,2026-03-14 15:20,51.80,28.40,40.23,300.00,10.00,0.00,29.71,M,6.21,M,NCD,M,M,M,M,M,M,M,M,M,M,M,M,M,M,51.80,COR EGLL 141520Z AUTO 30010KT 270V330 9999 NCD 11/M02 Q1006 NOSIG,M
EGLL,2026-03-14 15:50,51.80,26.60,37.36,300.00,9.00,0.00,29.74,M,6.21,M,NCD,M,M,M,M,M,M,M,M,M,M,M,M,M,M,51.80,COR EGLL 141550Z AUTO 30009KT 280V010 9999 NCD 11/M03 Q1007 NOSIG,M
EGLL,2026-03-14 16:20,51.80,24.80,34.67,310.00,10.00,0.00,29.74,M,6.21,M,NCD,M,M,M,M,M,M,M,M,M,M,M,M,M,M,51.80,COR EGLL 141620Z AUTO 31010KT 290V350 9999 NCD 11/M04 Q1007 NOSIG,M
EGLL,2026-03-14 16:50,51.80,26.60,37.36,310.00,8.00,0.00,29.74,M,6.21,M,NCD,M,M,M,M,M,M,M,M,M,M,M,M,M,M,51.80,COR EGLL 141650Z AUTO 31008KT 280V350 9999 NCD 11/M03 Q1007 NOSIG,M
EGLL,2026-03-14 17:20,50.00,26.60,39.93,310.00,6.00,0.00,29.77,M,6.21,M,NCD,M,M,M,M,M,M,M,M,M,M,M,M,M,M,50.00,COR EGLL 141720Z AUTO 31006KT 9999 NCD 10/M03 Q1008 NOSIG,M
EGLL,2026-03-14 17:50,50.00,28.40,43.01,320.00,5.00,0.00,29.77,M,6.21,M,NCD,M,M,M,M,M,M,M,M,M,M,M,M,M,M,50.00,COR EGLL 141750Z AUTO 32005KT 300V360 9999 NCD 10/M02 Q1008 NOSIG,M
EGLL,2026-03-14 18:20,48.20,26.60,42.71,320.00,5.00,0.00,29.80,M,6.21,M,NCD,M,M,M,M,M,M,M,M,M,M,M,M,M,M,45.63,COR EGLL 141820Z AUTO 32005KT 300V030 9999 NCD 09/M03 Q1009 NOSIG,M
EGLL,2026-03-14 18:50,48.20,26.60,42.71,340.00,3.00,0.00,29.80,M,6.21,M,NCD,M,M,M,M,M,M,M,M,M,M,M,M,M,M,47.21,COR EGLL 141850Z AUTO 34003KT 290V020 9999 NCD 09/M03 Q1009 NOSIG,M
EGLL,2026-03-14 19:20,46.40,24.80,42.41,340.00,2.00,0.00,29.80,M,6.21,M,NCD,M,M,M,M,M,M,M,M,M,M,M,M,M,M,46.40,COR EGLL 141920Z AUTO 34002KT 9999 NCD 08/M04 Q1009 NOSIG,M
EGLL,2026-03-14 19:50,44.60,26.60,48.94,300.00,3.00,0.00,29.83,M,6.21,M,NCD,M,M,M,M,M,M,M,M,M,M,M,M,M,M,43.09,COR EGLL 141950Z AUTO 30003KT 250V330 9999 NCD 07/M03 Q1010 NOSIG,M
EGLL,2026-03-14 20:20,42.80,26.60,52.42,290.00,3.00,0.00,29.83,M,6.21,M,NCD,M,M,M,M,M,M,M,M,M,M,M,M,M,M,41.03,COR EGLL 142020Z AUTO 29003KT 9999 NCD 06/M03 Q1010 NOSIG,M
EGLL,2026-03-14 20:50,42.80,28.40,56.46,310.00,2.00,0.00,29.85,M,6.21,M,NCD,M,M,M,M,M,M,M,M,M,M,M,M,M,M,42.80,COR EGLL 142050Z AUTO 31002KT 9999 NCD 06/M02 Q1011 NOSIG,M
EGLL,2026-03-14 21:20,41.00,30.20,65.14,M,2.00,0.00,29.85,M,6.21,M,NCD,M,M,M,M,M,M,M,M,M,M,M,M,M,M,41.00,COR EGLL 142120Z AUTO VRB02KT 9999 NCD 05/M01 Q1011 NOSIG,M
EGLL,2026-03-14 21:50,41.00,30.20,65.14,M,2.00,0.00,29.85,M,6.21,M,NCD,M,M,M,M,M,M,M,M,M,M,M,M,M,M,41.00,COR EGLL 142150Z AUTO VRB02KT 9999 NCD 05/M01 Q1011 NOSIG,M
EGLL,2026-03-14 22:20,41.00,32.00,70.06,270.00,4.00,0.00,29.88,M,6.21,M,NCD,M,M,M,M,M,M,M,M,M,M,M,M,M,M,37.93,COR EGLL 142220Z AUTO 27004KT 240V300 9999 NCD 05/M00 Q1012 NOSIG,M
EGLL,2026-03-14 22:50,39.20,30.20,69.86,300.00,3.00,0.00,29.88,M,6.21,M,NCD,M,M,M,M,M,M,M,M,M,M,M,M,M,M,36.92,COR EGLL 142250Z AUTO 30003KT 9999 NCD 04/M01 Q1012 NOSIG,M
EGLL,2026-03-14 23:20,39.20,30.20,69.86,280.00,1.00,0.00,29.88,M,6.21,M,NCD,M,M,M,M,M,M,M,M,M,M,M,M,M,M,39.20,COR EGLL 142320Z AUTO 28001KT 9999 NCD 04/M01 Q1012 NOSIG,M
EGLL,2026-03-14 23:50,37.40,30.20,74.97,M,1.00,0.00,29.88,M,6.21,M,NCD,M,M,M,M,M,M,M,M,M,M,M,M,M,M,37.40,COR EGLL 142350Z AUTO VRB01KT 9999 NCD 03/M01 Q1012 NOSIG,M
EGLL,2026-03-15 00:20,37.40,30.20,74.97,180.00,2.00,0.00,29.88,M,6.21,M,NCD,M,M,M,M,M,M,M,M,M,M,M,M,M,M,37.40,COR EGLL 150020Z AUTO 18002KT 9999 NCD 03/M01 Q1012 NOSIG,M
EGLL,2026-03-15 00:50,35.60,30.20,80.49,180.00,2.00,0.00,29.88,M,6.21,M,NCD,M,M,M,M,M,M,M,M,M,M,M,M,M,M,35.60,COR EGLL 150050Z AUTO 18002KT 9999 NCD 02/M01 Q1012 NOSIG,M
EGLL,2026-03-15 01:20,37.40,32.00,80.64,180.00,3.00,0.00,29.88,M,6.21,M,NCD,M,M,M,M,M,M,M,M,M,M,M,M,M,M,34.86,COR EGLL 150120Z AUTO 18003KT 9999 NCD 03/M00 Q1012 NOSIG,M
EGLL,2026-03-15 01:50,35.60,30.20,80.49,170.00,2.00,0.00,29.91,M,6.21,M,NCD,M,M,M,M,M,M,M,M,M,M,M,M,M,M,35.60,COR EGLL 150150Z AUTO 17002KT 9999 NCD 02/M01 Q1013 NOSIG,M
EGLL,2026-03-15 02:20,37.40,30.20,74.97,200.00,1.00,0.00,29.91,M,6.21,M,NCD,M,M,M,M,M,M,M,M,M,M,M,M,M,M,37.40,COR EGLL 150220Z AUTO 20001KT 9999 NCD 03/M01 Q1013 NOSIG,M
EGLL,2026-03-15 02:50,37.40,32.00,80.64,220.00,3.00,0.00,29.91,M,6.21,M,NCD,M,M,M,M,M,M,M,M,M,M,M,M,M,M,34.86,COR EGLL 150250Z AUTO 22003KT 9999 NCD 03/M00 Q1013 NOSIG,M
EGLL,2026-03-15 03:20,37.40,30.20,74.97,210.00,3.00,0.00,29.91,M,6.21,M,NCD,M,M,M,M,M,M,M,M,M,M,M,M,M,M,34.86,COR EGLL 150320Z AUTO 21003KT 9999 NCD 03/M01 Q1013 NOSIG,M
EGLL,2026-03-15 03:50,35.60,30.20,80.49,190.00,2.00,0.00,29.91,M,6.21,M,NCD,M,M,M,M,M,M,M,M,M,M,M,M,M,M,35.60,COR EGLL 150350Z AUTO 19002KT 9999 NCD 02/M01 Q1013 NOSIG,M
EGLL,2026-03-15 04:20,37.40,32.00,80.64,220.00,4.00,0.00,29.91,M,6.21,M,NCD,M,M,M,M,M,M,M,M,M,M,M,M,M,M,33.73,COR EGLL 150420Z AUTO 22004KT 9999 NCD 03/00 Q1013 NOSIG,M
EGLL,2026-03-15 04:50,37.40,32.00,80.64,200.00,3.00,0.00,29.94,M,6.21,M,NCD,M,M,M,M,M,M,M,M,M,M,M,M,M,M,34.86,COR EGLL 150450Z AUTO 20003KT 9999 NCD 03/M00 Q1014 NOSIG,M
EGLL,2026-03-15 05:20,37.40,32.00,80.64,190.00,3.00,0.00,29.94,M,6.21,M,NCD,M,M,M,M,M,M,M,M,M,M,M,M,M,M,34.86,COR EGLL 150520Z AUTO 19003KT 9999 NCD 03/00 Q1014 NOSIG,M
EGLL,2026-03-15 05:50,37.40,33.80,86.69,220.00,4.00,0.00,29.94,M,6.21,M,NCD,M,M,M,M,M,M,M,M,M,M,M,M,M,M,33.73,EGLL 150550Z AUTO 22004KT 9999 NCD 03/01 Q1014,M
EGLL,2026-03-15 06:20,37.40,33.80,86.69,220.00,6.00,0.00,29.94,M,6.21,M,NCD,M,M,M,M,M,M,M,M,M,M,M,M,M,M,32.03,COR EGLL 150620Z AUTO 22006KT 180V250 9999 NCD 03/01 Q1014 NOSIG,M
EGLL,2026-03-15 06:50,37.40,33.80,86.69,210.00,7.00,0.00,29.91,M,6.21,M,NCD,M,M,M,M,M,M,M,M,M,M,M,M,M,M,31.36,COR EGLL 150650Z AUTO 21007KT 170V250 9999 NCD 03/01 Q1013 NOSIG,M
EGLL,2026-03-15 07:20,39.20,35.60,86.79,210.00,7.00,0.00,29.91,M,6.21,M,NCD,M,M,M,M,M,M,M,M,M,M,M,M,M,M,33.56,COR EGLL 150720Z AUTO 21007KT 180V250 9999 NCD 04/02 Q1013 NOSIG,M
EGLL,2026-03-15 07:50,41.00,35.60,80.92,210.00,7.00,0.00,29.91,M,6.21,M,NCD,M,M,M,M,M,M,M,M,M,M,M,M,M,M,35.75,COR EGLL 150750Z AUTO 21007KT 190V260 9999 NCD 05/02 Q1013 NOSIG,M
EGLL,2026-03-15 08:20,42.80,35.60,75.49,200.00,9.00,0.00,29.91,M,6.21,M,NCD,M,M,M,M,M,M,M,M,M,M,M,M,M,M,36.94,COR EGLL 150820Z AUTO 20009KT 9999 NCD 06/02 Q1013 NOSIG,M
EGLL,2026-03-15 08:50,46.40,37.40,70.67,210.00,10.00,0.00,29.91,M,6.21,M,NCD,M,M,M,M,M,M,M,M,M,M,M,M,M,M,41.03,COR EGLL 150850Z AUTO 21010KT 160V260 9999 NCD 08/03 Q1013 NOSIG,M
EGLL,2026-03-15 09:20,48.20,37.40,66.04,200.00,10.00,0.00,29.91,M,6.21,M,NCD,M,M,M,M,M,M,M,M,M,M,M,M,M,M,43.28,COR EGLL 150920Z AUTO 20010KT 9999 NCD 09/03 Q1013 NOSIG,M
EGLL,2026-03-15 09:50,48.20,39.20,70.87,210.00,14.00,0.00,29.91,M,6.21,M,FEW,M,M,M,2300.00,M,M,M,M,M,M,M,M,M,M,42.04,COR EGLL 150950Z AUTO 21014KT 9999 FEW023 09/04 Q1013 NOSIG,M
EGLL,2026-03-15 10:20,50.00,39.20,66.26,220.00,16.00,0.00,29.91,M,6.21,M,BKN,BKN,M,M,2600.00,3200.00,M,M,M,M,M,M,M,M,M,50.00,COR EGLL 151020Z AUTO 22016KT 9999 BKN026 BKN032 10/04 Q1013 NOSIG,M
EGLL,2026-03-15 10:50,50.00,39.20,66.26,220.00,16.00,0.00,29.88,M,6.21,M,SCT,SCT,M,M,2800.00,3200.00,M,M,M,M,M,M,M,M,M,50.00,COR EGLL 151050Z AUTO 22016KT 9999 SCT028 SCT032 10/04 Q1012 NOSIG,M
EGLL,2026-03-15 11:20,51.80,37.40,57.76,210.00,16.00,0.00,29.88,M,6.21,M,BKN,M,M,M,3200.00,M,M,M,M,M,M,M,M,M,M,51.80,COR EGLL 151120Z AUTO 21016KT 9999 BKN032 11/03 Q1012 NOSIG,M
EGLL,2026-03-15 11:50,53.60,35.60,50.35,210.00,19.00,0.00,29.85,M,6.21,30.00,SCT,M,M,M,3900.00,M,M,M,M,M,M,M,M,M,M,53.60,COR EGLL 151150Z AUTO 21019G30KT 9999 SCT039 12/02 Q1011 TEMPO 21015KT,M
EGLL,2026-03-15 12:20,53.60,37.40,54.07,220.00,19.00,0.00,29.85,M,6.21,M,FEW,M,M,M,4000.00,M,M,M,M,M,M,M,M,M,M,53.60,COR EGLL 151220Z AUTO 22019KT 9999 FEW040 12/03 Q1011 NOSIG,M
EGLL,2026-03-15 12:50,53.60,37.40,54.07,220.00,21.00,0.00,29.85,M,6.21,M,BKN,M,M,M,3800.00,M,M,M,M,M,M,M,M,M,M,53.60,COR EGLL 151250Z AUTO 22021KT 190V250 9999 BKN038 12/03 Q1011 NOSIG,M
EGLL,2026-03-15 13:20,53.60,39.20,58.02,220.00,21.00,0.00,29.83,M,6.21,M,BKN,M,M,M,3600.00,M,M,M,M,M,M,M,M,M,M,53.60,COR EGLL 151320Z AUTO 22021KT 9999 BKN036 12/04 Q1010 NOSIG,M
EGLL,2026-03-15 13:50,53.60,39.20,58.02,220.00,20.00,0.00,29.83,M,6.21,30.00,BKN,BKN,M,M,3300.00,4900.00,M,M,M,M,M,M,M,M,M,53.60,COR EGLL 151350Z AUTO 22020G30KT 9999 BKN033 BKN049 12/04 Q1010 NOSIG,M
EGLL,2026-03-15 14:20,51.80,39.20,61.99,220.00,23.00,0.00,29.80,M,6.21,34.00,OVC,M,M,M,2900.00,M,M,M,M,M,M,M,M,M,M,51.80,COR EGLL 151420Z AUTO 22023G34KT 9999 OVC029 11/04 Q1009 NOSIG,M
EGLL,2026-03-15 14:50,51.80,41.00,66.48,210.00,19.00,0.00,29.80,M,6.21,29.00,OVC,M,M,M,2500.00,M,M,M,-RA,M,M,M,M,M,M,51.80,COR EGLL 151450Z AUTO 21019G29KT 9999 -RA OVC025 11/05 Q1009 NOSIG,M
EGLL,2026-03-15 15:20,51.80,41.00,66.48,210.00,21.00,0.00,29.77,M,6.21,31.00,BKN,M,M,M,2400.00,M,M,M,M,M,M,M,M,M,M,51.80,COR EGLL 151520Z AUTO 21021G31KT 180V240 9999 BKN024 11/05 Q1008 NOSIG,M
EGLL,2026-03-15 15:50,51.80,42.80,71.26,220.00,20.00,0.00,29.77,M,6.21,M,OVC,M,M,M,2100.00,M,M,M,M,M,M,M,M,M,M,51.80,COR EGLL 151550Z AUTO 22020KT 9999 OVC021 11/06 Q1008 TEMPO RA,M
EGLL,2026-03-15 16:20,50.00,44.60,81.60,210.00,20.00,0.00,29.74,M,2.49,M,BKN,OVC,M,M,1400.00,2000.00,M,M,-RA,M,M,M,M,M,M,50.00,COR EGLL 151620Z 21020KT 4000 -RA BKN014 OVC020 10/07 Q1007 RERA TEMPO 5000 HZ,M
EGLL,2026-03-15 16:50,48.20,46.40,93.45,210.00,16.00,0.00,29.74,M,2.17,M,BKN,OVC,M,M,700.00,1600.00,M,M,RADZ,M,M,M,M,M,M,41.53,COR EGLL 151650Z 21016KT 3500 RADZ BKN007 OVC016 09/08 Q1007 TEMPO 5000 SCT007,M
EGLL,2026-03-15 17:20,48.20,46.40,93.45,260.00,18.00,0.00,29.77,M,5.59,M,SCT,BKN,M,M,800.00,1400.00,M,M,-RA,M,M,M,M,M,M,41.07,COR EGLL 151720Z 26018KT 9000 -RA SCT008 BKN014 09/08 Q1008 RERA BECMG SCT014 BKN025,M
EGLL,2026-03-15 17:50,48.20,42.80,81.47,260.00,18.00,0.00,29.77,M,6.21,M,FEW,SCT,M,M,1500.00,4500.00,M,M,VCSH,M,M,M,M,M,M,41.07,COR EGLL 151750Z 26018KT 9999 VCSH FEW015 SCT045TCU 09/06 Q1008 NOSIG,M
EGLL,2026-03-15 18:20,48.20,42.80,81.47,260.00,17.00,0.00,29.77,M,6.21,M,FEW,///,M,M,3300.00,M,M,M,M,M,M,M,M,M,M,41.30,COR EGLL 151820Z AUTO 26017KT 9999 FEW033/// //////TCU 09/06 Q1008 NOSIG,M
EGLL,2026-03-15 18:50,48.20,42.80,81.47,270.00,17.00,0.00,29.80,M,6.21,M,SCT,BKN,BKN,///,2900.00,3400.00,4000.00,M,M,M,M,M,M,M,M,41.30,COR EGLL 151850Z AUTO 27017KT 9999 SCT029/// BKN034/// BKN040/// //////CB 09/06 Q1009 TEMPO SHRA,M
EGLL,2026-03-15 19:20,48.20,42.80,81.47,280.00,9.00,0.00,29.80,M,6.21,M,BKN,OVC,///,M,2300.00,2700.00,M,M,-RA,M,M,M,M,M,M,43.66,COR EGLL 151920Z AUTO 28009KT 9999 -RA BKN023/// OVC027/// //////TCU 09/06 Q1009 TEMPO SHRA,M
EGLL,2026-03-15 19:50,46.40,41.00,81.33,260.00,19.00,0.00,29.80,M,6.21,M,FEW,SCT,BKN,M,2400.00,3300.00,4000.00,M,-RA,M,M,M,M,M,M,38.48,COR EGLL 151950Z AUTO 26019KT 9999 -RA FEW024 SCT033 BKN040 08/05 Q1009 NOSIG,M
EGLL,2026-03-15 20:20,46.40,41.00,81.33,250.00,14.00,0.00,29.80,M,6.21,M,FEW,SCT,M,M,2600.00,3300.00,M,M,M,M,M,M,M,M,M,39.72,COR EGLL 152020Z AUTO 25014KT 9999 FEW026 SCT033 08/05 Q1009 NOSIG,M
EGLL,2026-03-15 20:50,46.40,41.00,81.33,260.00,16.00,0.00,29.83,M,6.21,M,NCD,M,M,M,M,M,M,M,M,M,M,M,M,M,M,39.19,COR EGLL 152050Z AUTO 26016KT 9999 NCD 08/05 Q1010 NOSIG,M
EGLL,2026-03-15 21:20,46.40,39.20,75.84,260.00,17.00,0.00,29.83,M,6.21,M,///,M,M,M,M,M,M,M,M,M,M,M,M,M,M,38.94,COR EGLL 152120Z AUTO 26017KT 9999 //////TCU 08/04 Q1010 TEMPO SHRA,M
EGLL,2026-03-15 21:50,46.40,39.20,75.84,260.00,18.00,0.00,29.85,M,6.21,M,NCD,M,M,M,M,M,M,M,M,M,M,M,M,M,M,38.70,COR EGLL 152150Z AUTO 26018KT 9999 NCD 08/04 Q1011 TEMPO SHRA,M
EGLL,2026-03-15 22:20,44.60,39.20,81.20,260.00,16.00,0.00,29.85,M,6.21,M,NCD,M,M,M,M,M,M,M,M,M,M,M,M,M,M,36.84,COR EGLL 152220Z AUTO 26016KT 9999 NCD 07/04 Q1011 TEMPO SHRA,M
EGLL,2026-03-15 22:50,46.40,39.20,75.84,260.00,16.00,0.00,29.85,M,6.21,M,NCD,M,M,M,M,M,M,M,M,M,M,M,M,M,M,39.19,COR EGLL 152250Z AUTO 26016KT 9999 NCD 08/04 Q1011 TEMPO SHRA,M
EGLL,2026-03-15 23:20,46.40,39.20,75.84,260.00,14.00,0.00,29.85,M,6.21,M,NCD,M,M,M,M,M,M,M,M,M,M,M,M,M,M,39.72,COR EGLL 152320Z AUTO 26014KT 9999 NCD 08/04 Q1011 TEMPO SHRA,M
EGLL,2026-03-15 23:50,44.60,39.20,81.20,250.00,16.00,0.00,29.88,M,6.21,M,NCD,M,M,M,M,M,M,M,M,M,M,M,M,M,M,36.84,COR EGLL 152350Z AUTO 25016KT 9999 NCD 07/04 Q1012 TEMPO SHRA,M
EGLL,2026-03-16 00:20,44.60,37.40,75.67,250.00,12.00,0.00,29.88,M,6.21,M,NCD,M,M,M,M,M,M,M,M,M,M,M,M,M,M,38.04,COR EGLL 160020Z AUTO 25012KT 9999 NCD 07/03 Q1012 TEMPO SHRA,M
EGLL,2026-03-16 00:50,44.60,37.40,75.67,260.00,13.00,0.00,29.88,M,6.21,M,///,M,M,M,M,M,M,M,M,M,M,M,M,M,M,37.71,COR EGLL 160050Z AUTO 26013KT 9999 //////TCU 07/03 Q1012 NOSIG,M
EGLL,2026-03-16 01:20,42.80,35.60,75.49,260.00,12.00,0.00,29.88,M,6.21,M,NCD,M,M,M,M,M,M,M,M,M,M,M,M,M,M,35.75,COR EGLL 160120Z AUTO 26012KT 9999 NCD 06/02 Q1012 NOSIG,M
EGLL,2026-03-16 01:50,42.80,35.60,75.49,260.00,10.00,0.00,29.88,M,6.21,M,NCD,M,M,M,M,M,M,M,M,M,M,M,M,M,M,36.51,COR EGLL 160150Z AUTO 26010KT 9999 NCD 06/02 Q1012 NOSIG,M
EGLL,2026-03-16 02:20,42.80,35.60,75.49,260.00,11.00,0.00,29.88,M,6.21,M,NCD,M,M,M,M,M,M,M,M,M,M,M,M,M,M,36.11,COR EGLL 160220Z AUTO 26011KT 9999 NCD 06/02 Q1012 NOSIG,M
EGLL,2026-03-16 02:50,42.80,35.60,75.49,250.00,11.00,0.00,29.88,M,6.21,M,NCD,M,M,M,M,M,M,M,M,M,M,M,M,M,M,36.11,COR EGLL 160250Z AUTO 25011KT 9999 NCD 06/02 Q1012 NOSIG,M
EGLL,2026-03-16 03:20,42.80,35.60,75.49,270.00,7.00,0.00,29.88,M,6.21,M,NCD,M,M,M,M,M,M,M,M,M,M,M,M,M,M,37.94,COR EGLL 160320Z AUTO 27007KT 9999 NCD 06/02 Q1012 NOSIG,M
EGLL,2026-03-16 03:50,41.00,35.60,80.92,250.00,6.00,0.00,29.91,M,6.21,M,NCD,M,M,M,M,M,M,M,M,M,M,M,M,M,M,36.37,COR EGLL 160350Z AUTO 25006KT 9999 NCD 05/02 Q1013 NOSIG,M
EGLL,2026-03-16 04:20,41.00,35.60,80.92,230.00,10.00,0.00,29.91,M,6.21,M,NCD,M,M,M,M,M,M,M,M,M,M,M,M,M,M,34.25,COR EGLL 160420Z AUTO 23010KT 9999 NCD 05/02 Q1013 NOSIG,M
EGLL,2026-03-16 04:50,41.00,35.60,80.92,230.00,10.00,0.00,29.91,M,6.21,M,NCD,M,M,M,M,M,M,M,M,M,M,M,M,M,M,34.25,COR EGLL 160450Z AUTO 23010KT 9999 NCD 05/02 Q1013 NOSIG,M
EGLL,2026-03-16 05:20,42.80,37.40,81.06,250.00,11.00,0.00,29.94,M,6.21,M,NCD,M,M,M,M,M,M,M,M,M,M,M,M,M,M,36.11,COR EGLL 160520Z AUTO 25011KT 9999 NCD 06/03 Q1014 NOSIG,M
EGLL,2026-03-16 05:50,42.80,37.40,81.06,240.00,13.00,0.00,29.94,M,6.21,M,NCD,M,M,M,M,M,M,M,M,M,M,M,M,M,M,35.40,COR EGLL 160550Z AUTO 24013KT 9999 NCD 06/03 Q1014 NOSIG,M
EGLL,2026-03-16 06:20,42.80,37.40,81.06,240.00,14.00,0.00,29.94,M,6.21,M,NCD,M,M,M,M,M,M,M,M,M,M,M,M,M,M,35.08,COR EGLL 160620Z AUTO 24014KT 9999 NCD 06/03 Q1014 NOSIG,M
EGLL,2026-03-16 06:50,42.80,37.40,81.06,240.00,13.00,0.00,29.97,M,6.21,M,NCD,M,M,M,M,M,M,M,M,M,M,M,M,M,M,35.40,COR EGLL 160650Z AUTO 24013KT 9999 NCD 06/03 Q1015 NOSIG,M
EGLL,2026-03-16 07:20,44.60,37.40,75.67,240.00,12.00,0.00,29.97,M,6.21,M,NCD,M,M,M,M,M,M,M,M,M,M,M,M,M,M,38.04,COR EGLL 160720Z AUTO 24012KT 9999 NCD 07/03 Q1015 NOSIG,M
EGLL,2026-03-16 07:50,44.60,37.40,75.67,230.00,14.00,0.00,29.97,M,6.21,M,NCD,M,M,M,M,M,M,M,M,M,M,M,M,M,M,37.40,COR EGLL 160750Z AUTO 23014KT 9999 NCD 07/03 Q1015 NOSIG,M
EGLL,2026-03-16 08:20,44.60,39.20,81.20,230.00,14.00,0.00,29.97,M,6.21,M,NCD,M,M,M,M,M,M,M,M,M,M,M,M,M,M,37.40,COR EGLL 160820Z AUTO 23014KT 9999 NCD 07/04 Q1015 NOSIG,M
EGLL,2026-03-16 08:50,46.40,39.20,75.84,240.00,14.00,0.00,29.97,M,6.21,M,NCD,M,M,M,M,M,M,M,M,M,M,M,M,M,M,39.72,COR EGLL 160850Z AUTO 24014KT 9999 NCD 08/04 Q1015 NOSIG,M
EGLL,2026-03-16 09:20,46.40,39.20,75.84,240.00,12.00,0.00,30.00,M,6.21,M,NCD,M,M,M,M,M,M,M,M,M,M,M,M,M,M,40.33,COR EGLL 160920Z AUTO 24012KT 9999 NCD 08/04 Q1016 NOSIG,M
EGLL,2026-03-16 09:50,48.20,39.20,70.87,250.00,15.00,0.00,30.00,M,6.21,M,NCD,M,M,M,M,M,M,M,M,M,M,M,M,M,M,41.78,COR EGLL 160950Z AUTO 25015KT 9999 NCD 09/04 Q1016 NOSIG,M
EGLL,2026-03-16 10:20,48.20,39.20,70.87,250.00,16.00,0.00,30.00,M,6.21,M,NCD,M,M,M,M,M,M,M,M,M,M,M,M,M,M,41.53,COR EGLL 161020Z AUTO 25016KT 9999 NCD 09/04 Q1016 NOSIG,M
EGLL,2026-03-16 10:50,48.20,39.20,70.87,250.00,17.00,0.00,30.00,M,6.21,M,NCD,M,M,M,M,M,M,M,M,M,M,M,M,M,M,41.30,COR EGLL 161050Z AUTO 25017KT 9999 NCD 09/04 Q1016 NOSIG,M
EGLL,2026-03-16 11:20,50.00,41.00,71.06,250.00,15.00,0.00,30.00,M,6.21,M,NCD,M,M,M,M,M,M,M,M,M,M,M,M,M,M,50.00,COR EGLL 161120Z AUTO 25015KT 9999 NCD 10/05 Q1016 NOSIG,M
EGLL,2026-03-16 11:50,50.00,41.00,71.06,260.00,16.00,0.00,30.00,M,6.21,M,SCT,M,M,M,2100.00,M,M,M,M,M,M,M,M,M,M,50.00,COR EGLL 161150Z AUTO 26016KT 9999 SCT021 10/05 Q1016 NOSIG,M
EGLL,2026-03-16 12:20,51.80,41.00,66.48,270.00,18.00,0.00,30.00,M,6.21,M,FEW,M,M,M,2600.00,M,M,M,M,M,M,M,M,M,M,51.80,COR EGLL 161220Z AUTO 27018KT 9999 FEW026 11/05 Q1016 NOSIG,M
EGLL,2026-03-16 12:50,51.80,41.00,66.48,260.00,19.00,0.00,30.00,M,6.21,M,FEW,BKN,M,M,2800.00,3600.00,M,M,M,M,M,M,M,M,M,51.80,COR EGLL 161250Z AUTO 26019KT 9999 FEW028 BKN036 11/05 Q1016 NOSIG,M
EGLL,2026-03-16 13:20,53.60,41.00,62.22,270.00,20.00,0.00,30.00,M,6.21,M,SCT,BKN,M,M,3400.00,4200.00,M,M,M,M,M,M,M,M,M,53.60,COR EGLL 161320Z AUTO 27020KT 9999 SCT034 BKN042 12/05 Q1016 NOSIG,M
EGLL,2026-03-16 13:50,53.60,41.00,62.22,260.00,20.00,0.00,30.00,M,6.21,M,SCT,BKN,M,M,3200.00,3800.00,M,M,M,M,M,M,M,M,M,53.60,EGLL 161350Z AUTO 26020KT 9999 SCT032 BKN038 12/05 Q1016,M
EGLL,2026-03-16 14:20,53.60,41.00,62.22,250.00,17.00,0.00,30.00,M,6.21,M,SCT,BKN,M,M,3200.00,4900.00,M,M,M,M,M,M,M,M,M,53.60,EGLL 161420Z AUTO 25017KT 9999 SCT032 BKN049 12/05 Q1016,M
EGLL,2026-03-16 14:50,53.60,41.00,62.22,260.00,16.00,0.00,30.00,M,6.21,M,BKN,M,M,M,3400.00,M,M,M,M,M,M,M,M,M,M,53.60,COR EGLL 161450Z AUTO 26016KT 9999 BKN034 12/05 Q1016 NOSIG,M
EGLL,2026-03-16 15:20,53.60,41.00,62.22,260.00,17.00,0.00,30.00,M,6.21,M,BKN,BKN,M,M,3200.00,3900.00,M,M,M,M,M,M,M,M,M,53.60,COR EGLL 161520Z AUTO 26017KT 9999 BKN032 BKN039 12/05 Q1016 NOSIG,M
EGLL,2026-03-16 15:50,53.60,42.80,66.70,260.00,13.00,0.00,30.00,M,6.21,M,FEW,BKN,M,M,3000.00,4000.00,M,M,M,M,M,M,M,M,M,53.60,COR EGLL 161550Z AUTO 26013KT 9999 FEW030 BKN040 12/06 Q1016 NOSIG,M
EGLL,2026-03-16 16:20,53.60,42.80,66.70,270.00,15.00,0.00,30.00,M,6.21,M,FEW,M,M,M,3500.00,M,M,M,M,M,M,M,M,M,M,53.60,COR EGLL 161620Z AUTO 27015KT 9999 FEW035 12/06 Q1016 NOSIG,M
EGLL,2026-03-16 16:50,53.60,42.80,66.70,240.00,11.00,0.00,30.00,M,6.21,M,NCD,M,M,M,M,M,M,M,M,M,M,M,M,M,M,53.60,COR EGLL 161650Z AUTO 24011KT 9999 NCD 12/06 Q1016 NOSIG,M
EGLL,2026-03-16 17:20,53.60,42.80,66.70,240.00,11.00,0.00,30.00,M,6.21,M,NCD,M,M,M,M,M,M,M,M,M,M,M,M,M,M,53.60,COR EGLL 161720Z AUTO 24011KT 9999 NCD 12/06 Q1016 NOSIG,M
EGLL,2026-03-16 17:50,53.60,42.80,66.70,230.00,11.00,0.00,30.00,M,6.21,M,NCD,M,M,M,M,M,M,M,M,M,M,M,M,M,M,53.60,COR EGLL 161750Z AUTO 23011KT 9999 NCD 12/06 Q1016 NOSIG,M
EGLL,2026-03-16 18:20,53.60,42.80,66.70,220.00,12.00,0.00,30.00,M,6.21,M,BKN,M,M,M,3800.00,M,M,M,M,M,M,M,M,M,M,53.60,COR EGLL 161820Z AUTO 22012KT 9999 BKN038 12/06 Q1016 NOSIG,M
EGLL,2026-03-16 18:50,51.80,42.80,71.26,230.00,13.00,0.00,30.00,M,6.21,M,FEW,SCT,M,M,3600.00,4500.00,M,M,M,M,M,M,M,M,M,51.80,COR EGLL 161850Z AUTO 23013KT 9999 FEW036 SCT045 11/06 Q1016 NOSIG,M
EGLL,2026-03-16 19:20,51.80,42.80,71.26,230.00,14.00,0.00,30.00,M,6.21,M,SCT,BKN,M,M,3000.00,4800.00,M,M,-RA,M,M,M,M,M,M,51.80,COR EGLL 161920Z AUTO 23014KT 9999 -RA SCT030 BKN048 11/06 Q1016 NOSIG,M
EGLL,2026-03-16 19:50,51.80,42.80,71.26,230.00,14.00,0.00,30.00,M,6.21,M,BKN,BKN,M,M,2200.00,2700.00,M,M,M,M,M,M,M,M,M,51.80,COR EGLL 161950Z AUTO 23014KT 9999 BKN022 BKN027 11/06 Q1016 NOSIG,M
EGLL,2026-03-16 20:20,51.80,44.60,76.34,230.00,11.00,0.00,30.03,M,6.21,M,OVC,M,M,M,2000.00,M,M,M,M,M,M,M,M,M,M,51.80,COR EGLL 162020Z AUTO 23011KT 9999 OVC020 11/07 Q1017 NOSIG,M
EGLL,2026-03-16 20:50,51.80,44.60,76.34,230.00,13.00,0.00,30.03,M,6.21,M,OVC,M,M,M,1800.00,M,M,M,M,M,M,M,M,M,M,51.80,COR EGLL 162050Z AUTO 23013KT 9999 OVC018 11/07 Q1017 NOSIG,M
EGLL,2026-03-16 21:20,51.80,44.60,76.34,230.00,15.00,0.00,30.03,M,6.21,M,OVC,M,M,M,1700.00,M,M,M,M,M,M,M,M,M,M,51.80,COR EGLL 162120Z AUTO 23015KT 9999 OVC017 11/07 Q1017 NOSIG,M
EGLL,2026-03-16 21:50,51.80,44.60,76.34,220.00,11.00,0.00,30.03,M,6.21,M,OVC,M,M,M,1600.00,M,M,M,M,M,M,M,M,M,M,51.80,COR EGLL 162150Z AUTO 22011KT 190V250 9999 OVC016 11/07 Q1017 TEMPO BKN014,M
EGLL,2026-03-16 22:20,51.80,46.40,81.74,230.00,12.00,0.00,30.03,M,6.21,M,OVC,M,M,M,1500.00,M,M,M,M,M,M,M,M,M,M,51.80,COR EGLL 162220Z AUTO 23012KT 9999 OVC015 11/08 Q1017 TEMPO BKN012,M
EGLL,2026-03-16 22:50,51.80,46.40,81.74,230.00,15.00,0.00,30.03,M,6.21,M,OVC,M,M,M,1500.00,M,M,M,M,M,M,M,M,M,M,51.80,COR EGLL 162250Z AUTO 23015KT 9999 OVC015 11/08 Q1017 TEMPO BKN012,M
EGLL,2026-03-16 23:20,51.80,46.40,81.74,230.00,14.00,0.00,30.03,M,6.21,M,OVC,M,M,M,1400.00,M,M,M,-RA,M,M,M,M,M,M,51.80,COR EGLL 162320Z AUTO 23014KT 9999 -RA OVC014 11/08 Q1017 NOSIG,M
EGLL,2026-03-16 23:50,50.00,46.40,87.37,220.00,12.00,0.00,30.03,M,6.21,M,OVC,M,M,M,1400.00,M,M,M,-RA,M,M,M,M,M,M,50.00,COR EGLL 162350Z AUTO 22012KT 9999 -RA OVC014 10/08 Q1017 NOSIG,M
EGLL,2026-03-17 00:20,50.00,46.40,87.37,220.00,9.00,0.00,30.00,M,6.21,M,OVC,M,M,M,1400.00,M,M,M,-RA,M,M,M,M,M,M,50.00,COR EGLL 170020Z AUTO 22009KT 9999 -RA OVC014 10/08 Q1016 NOSIG,M
EGLL,2026-03-17 00:50,50.00,46.40,87.37,210.00,10.00,0.00,30.00,M,6.21,M,BKN,OVC,M,M,1200.00,1700.00,M,M,-RA,M,M,M,M,M,M,50.00,COR EGLL 170050Z AUTO 21010KT 9999 -RA BKN012 OVC017 10/08 Q1016 NOSIG,M
EGLL,2026-03-17 01:20,50.00,46.40,87.37,210.00,8.00,0.00,30.00,M,6.21,M,BKN,M,M,M,1400.00,M,M,M,-RA,M,M,M,M,M,M,50.00,COR EGLL 170120Z AUTO 21008KT 9999 -RA BKN014 10/08 Q1016 NOSIG,M
EGLL,2026-03-17 01:50,50.00,46.40,87.37,220.00,10.00,0.00,30.00,M,6.21,M,BKN,OVC,M,M,1500.00,2100.00,M,M,M,M,M,M,M,M,M,50.00,COR EGLL 170150Z AUTO 22010KT 9999 BKN015 OVC021 10/08 Q1016 TEMPO BKN014,M
EGLL,2026-03-17 02:20,50.00,46.40,87.37,210.00,8.00,0.00,30.00,M,6.21,M,BKN,OVC,M,M,1300.00,2100.00,M,M,M,M,M,M,M,M,M,50.00,COR EGLL 170220Z AUTO 21008KT 180V240 9999 BKN013 OVC021 10/08 Q1016 TEMPO SCT013,M
EGLL,2026-03-17 02:50,50.00,46.40,87.37,210.00,6.00,0.00,30.00,M,6.21,M,BKN,M,M,M,1200.00,M,M,M,-RA,M,M,M,M,M,M,50.00,COR EGLL 170250Z AUTO 21006KT 170V250 9999 -RA BKN012 10/08 Q1016 NOSIG,M
EGLL,2026-03-17 03:20,50.00,46.40,87.37,210.00,8.00,0.00,30.00,M,6.21,M,BKN,OVC,M,M,1200.00,2200.00,M,M,M,M,M,M,M,M,M,50.00,COR EGLL 170320Z AUTO 21008KT 9999 BKN012 OVC022 10/08 Q1016 NOSIG,M
EGLL,2026-03-17 03:50,50.00,46.40,87.37,210.00,9.00,0.00,29.97,M,6.21,M,SCT,OVC,M,M,1100.00,1800.00,M,M,M,M,M,M,M,M,M,50.00,COR EGLL 170350Z AUTO 21009KT 9999 SCT011 OVC018 10/08 Q1015 TEMPO BKN011,M
EGLL,2026-03-17 04:20,50.00,46.40,87.37,210.00,11.00,0.00,30.00,M,6.21,M,BKN,OVC,M,M,1200.00,1700.00,M,M,M,M,M,M,M,M,M,50.00,COR EGLL 170420Z AUTO 21011KT 9999 BKN012 OVC017 10/08 Q1016 TEMPO SCT012,M
EGLL,2026-03-17 04:50,50.00,44.60,81.60,210.00,10.00,0.00,29.97,M,6.21,M,OVC,M,M,M,1300.00,M,M,M,M,M,M,M,M,M,M,50.00,COR EGLL 170450Z AUTO 21010KT 9999 OVC013 10/07 Q1015 TEMPO SCT013,M
EGLL,2026-03-17 05:20,50.00,44.60,81.60,230.00,10.00,0.00,29.97,M,6.21,M,OVC,M,M,M,1300.00,M,M,M,M,M,M,M,M,M,M,50.00,COR EGLL 170520Z AUTO 23010KT 190V250 9999 OVC013 10/07 Q1015 TEMPO SCT013,M
EGLL,2026-03-17 05:50,50.00,44.60,81.60,210.00,8.00,0.00,30.00,M,6.21,M,OVC,M,M,M,1200.00,M,M,M,M,M,M,M,M,M,M,50.00,COR EGLL 170550Z AUTO 21008KT 9999 OVC012 10/07 Q1016 TEMPO SCT012,M
EGLL,2026-03-17 06:20,50.00,44.60,81.60,220.00,12.00,0.00,30.00,M,6.21,M,OVC,M,M,M,1200.00,M,M,M,M,M,M,M,M,M,M,50.00,COR EGLL 170620Z AUTO 22012KT 9999 OVC012 10/07 Q1016 NOSIG,M
EGLL,2026-03-17 06:50,50.00,44.60,81.60,210.00,13.00,0.00,30.00,M,6.21,M,OVC,M,M,M,1200.00,M,M,M,M,M,M,M,M,M,M,50.00,COR EGLL 170650Z AUTO 21013KT 180V240 9999 OVC012 10/07 Q1016 NOSIG,M
EGLL,2026-03-17 07:20,48.20,44.60,87.28,220.00,11.00,0.00,30.00,M,6.21,M,OVC,M,M,M,1100.00,M,M,M,M,M,M,M,M,M,M,42.94,COR EGLL 170720Z AUTO 22011KT 9999 OVC011 09/07 Q1016 BECMG SCT011,M
EGLL,2026-03-17 07:50,48.20,44.60,87.28,220.00,11.00,0.00,30.00,M,6.21,M,OVC,M,M,M,1100.00,M,M,M,-RA,M,M,M,M,M,M,42.94,COR EGLL 170750Z AUTO 22011KT 9999 -RA OVC011 09/07 Q1016 BECMG SCT011,M
EGLL,2026-03-17 08:20,48.20,44.60,87.28,220.00,11.00,0.00,30.00,M,6.21,M,OVC,M,M,M,1200.00,M,M,M,M,M,M,M,M,M,M,42.94,COR EGLL 170820Z AUTO 22011KT 200V260 9999 OVC012 09/07 Q1016 BECMG SCT012,M
EGLL,2026-03-17 08:50,50.00,44.60,81.60,210.00,10.00,0.00,30.00,M,6.21,M,OVC,M,M,M,1100.00,M,M,M,M,M,M,M,M,M,M,50.00,COR EGLL 170850Z AUTO 21010KT 180V240 9999 OVC011 10/07 Q1016 BECMG SCT011,M
EGLL,2026-03-17 09:20,50.00,44.60,81.60,210.00,12.00,0.00,30.00,M,6.21,M,OVC,M,M,M,1400.00,M,M,M,M,M,M,M,M,M,M,50.00,COR EGLL 170920Z AUTO 21012KT 9999 OVC014 10/07 Q1016 BECMG BKN015,M
EGLL,2026-03-17 09:50,50.00,44.60,81.60,210.00,13.00,0.00,30.00,M,6.21,M,OVC,M,M,M,1500.00,M,M,M,M,M,M,M,M,M,M,50.00,COR EGLL 170950Z AUTO 21013KT 180V240 9999 OVC015 10/07 Q1016 NOSIG,M
EGLL,2026-03-17 10:20,50.00,44.60,81.60,200.00,12.00,0.00,30.00,M,6.21,M,OVC,M,M,M,1600.00,M,M,M,M,M,M,M,M,M,M,50.00,COR EGLL 171020Z AUTO 20012KT 170V240 9999 OVC016 10/07 Q1016 NOSIG,M
EGLL,2026-03-17 10:50,51.80,44.60,76.34,200.00,13.00,0.00,30.00,M,6.21,M,OVC,M,M,M,1700.00,M,M,M,M,M,M,M,M,M,M,51.80,COR EGLL 171050Z AUTO 20013KT 180V240 9999 OVC017 11/07 Q1016 NOSIG,M
EGLL,2026-03-17 11:20,53.60,44.60,71.45,220.00,12.00,0.00,30.00,M,6.21,M,OVC,M,M,M,2000.00,M,M,M,M,M,M,M,M,M,M,53.60,COR EGLL 171120Z AUTO 22012KT 9999 OVC020 12/07 Q1016 NOSIG,M
EGLL,2026-03-17 11:50,55.40,44.60,66.91,190.00,13.00,0.00,30.00,M,6.21,M,BKN,M,M,M,2200.00,M,M,M,M,M,M,M,M,M,M,55.40,COR EGLL 171150Z AUTO 19013KT 160V220 9999 BKN022 13/07 Q1016 NOSIG,M
EGLL,2026-03-17 12:20,57.20,44.60,62.70,200.00,12.00,0.00,29.97,M,6.21,M,FEW,M,M,M,2400.00,M,M,M,M,M,M,M,M,M,M,57.20,COR EGLL 171220Z AUTO 20012KT 170V240 9999 FEW024 14/07 Q1015 NOSIG,M
EGLL,2026-03-17 12:50,57.20,44.60,62.70,200.00,15.00,0.00,29.97,M,6.21,M,NCD,M,M,M,M,M,M,M,M,M,M,M,M,M,M,57.20,COR EGLL 171250Z AUTO 20015KT 170V240 9999 NCD 14/07 Q1015 NOSIG,M
EGLL,2026-03-17 13:20,57.20,44.60,62.70,200.00,15.00,0.00,29.97,M,6.21,M,NCD,M,M,M,M,M,M,M,M,M,M,M,M,M,M,57.20,COR EGLL 171320Z AUTO 20015KT 170V240 9999 NCD 14/07 Q1015 NOSIG,M
EGLL,2026-03-17 13:50,57.20,44.60,62.70,190.00,13.00,0.00,29.97,M,6.21,M,NCD,M,M,M,M,M,M,M,M,M,M,M,M,M,M,57.20,COR EGLL 171350Z AUTO 19013KT 170V240 9999 NCD 14/07 Q1015 NOSIG,M
EGLL,2026-03-17 14:20,57.20,44.60,62.70,180.00,12.00,0.00,29.97,M,6.21,M,NCD,M,M,M,M,M,M,M,M,M,M,M,M,M,M,57.20,COR EGLL 171420Z AUTO 18012KT 150V210 9999 NCD 14/07 Q1015 NOSIG,M
EGLL,2026-03-17 14:50,57.20,44.60,62.70,180.00,14.00,0.00,29.94,M,6.21,M,NCD,M,M,M,M,M,M,M,M,M,M,M,M,M,M,57.20,COR EGLL 171450Z AUTO 18014KT 150V220 9999 NCD 14/07 Q1014 NOSIG,M
EGLL,2026-03-17 15:20,57.20,44.60,62.70,170.00,14.00,0.00,29.94,M,6.21,M,NCD,M,M,M,M,M,M,M,M,M,M,M,M,M,M,57.20,COR EGLL 171520Z AUTO 17014KT 150V230 9999 NCD 14/07 Q1014 NOSIG,M
EGLL,2026-03-17 15:50,57.20,42.80,58.52,180.00,13.00,0.00,29.94,M,6.21,M,NCD,M,M,M,M,M,M,M,M,M,M,M,M,M,M,57.20,COR EGLL 171550Z AUTO 18013KT 150V210 9999 NCD 14/06 Q1014 NOSIG,M
EGLL,2026-03-17 16:20,57.20,41.00,54.60,200.00,13.00,0.00,29.94,M,6.21,M,NCD,M,M,M,M,M,M,M,M,M,M,M,M,M,M,57.20,COR EGLL 171620Z AUTO 20013KT 9999 NCD 14/05 Q1014 NOSIG,M
EGLL,2026-03-17 16:50,55.40,42.80,62.46,200.00,14.00,0.00,29.94,M,6.21,M,NCD,M,M,M,M,M,M,M,M,M,M,M,M,M,M,55.40,COR EGLL 171650Z AUTO 20014KT 9999 NCD 13/06 Q1014 NOSIG,M
EGLL,2026-03-17 17:20,55.40,42.80,62.46,180.00,10.00,0.00,29.97,M,6.21,20.00,NCD,M,M,M,M,M,M,M,M,M,M,M,M,M,M,55.40,COR EGLL 171720Z AUTO 18010G20KT 150V220 9999 NCD 13/06 Q1015 NOSIG,M
EGLL,2026-03-17 17:50,55.40,42.80,62.46,180.00,10.00,0.00,29.97,M,6.21,M,NCD,M,M,M,M,M,M,M,M,M,M,M,M,M,M,55.40,COR EGLL 171750Z AUTO 18010KT 150V230 9999 NCD 13/06 Q1015 NOSIG,M
EGLL,2026-03-17 18:20,53.60,42.80,66.70,160.00,6.00,0.00,29.97,M,6.21,M,NCD,M,M,M,M,M,M,M,M,M,M,M,M,M,M,53.60,COR EGLL 171820Z AUTO 16006KT 130V190 9999 NCD 12/06 Q1015 NOSIG,M
EGLL,2026-03-17 18:50,51.80,42.80,71.26,170.00,5.00,0.00,29.97,M,6.21,M,NCD,M,M,M,M,M,M,M,M,M,M,M,M,M,M,51.80,COR EGLL 171850Z AUTO 17005KT 090V210 9999 NCD 11/06 Q1015 NOSIG,M
EGLL,2026-03-17 19:20,53.60,42.80,66.70,150.00,7.00,0.00,29.97,M,6.21,M,NCD,M,M,M,M,M,M,M,M,M,M,M,M,M,M,53.60,EGLL 171920Z AUTO 15007KT 110V190 9999 NCD 12/06 Q1015,M
EGLL,2026-03-17 19:50,50.00,42.80,76.17,140.00,6.00,0.00,29.97,M,6.21,M,NCD,M,M,M,M,M,M,M,M,M,M,M,M,M,M,50.00,COR EGLL 171950Z AUTO 14006KT 110V180 9999 NCD 10/06 Q1015 NOSIG,M
EGLL,2026-03-17 20:20,48.20,42.80,81.47,130.00,6.00,0.00,29.97,M,6.21,M,NCD,M,M,M,M,M,M,M,M,M,M,M,M,M,M,45.04,COR EGLL 172020Z AUTO 13006KT 9999 NCD 09/06 Q1015 NOSIG,M
EGLL,2026-03-17 20:50,50.00,41.00,71.06,140.00,5.00,0.00,29.97,M,6.21,M,NCD,M,M,M,M,M,M,M,M,M,M,M,M,M,M,50.00,COR EGLL 172050Z AUTO 14005KT 110V180 9999 NCD 10/05 Q1015 NOSIG,M
EGLL,2026-03-17 21:20,50.00,42.80,76.17,120.00,5.00,0.00,29.97,M,6.21,M,NCD,M,M,M,M,M,M,M,M,M,M,M,M,M,M,50.00,COR EGLL 172120Z AUTO 12005KT 9999 NCD 10/06 Q1015 NOSIG,M
EGLL,2026-03-17 21:50,46.40,41.00,81.33,110.00,4.00,0.00,29.97,M,6.21,M,NCD,M,M,M,M,M,M,M,M,M,M,M,M,M,M,44.24,COR EGLL 172150Z AUTO 11004KT 090V150 9999 NCD 08/05 Q1015 NOSIG,M
EGLL,2026-03-17 22:20,48.20,42.80,81.47,80.00,3.00,0.00,29.97,M,6.21,M,NCD,M,M,M,M,M,M,M,M,M,M,M,M,M,M,47.21,COR EGLL 172220Z AUTO 08003KT 9999 NCD 09/06 Q1015 NOSIG,M
EGLL,2026-03-17 22:50,46.40,41.00,81.33,70.00,4.00,0.00,29.97,M,6.21,M,NCD,M,M,M,M,M,M,M,M,M,M,M,M,M,M,44.24,COR EGLL 172250Z AUTO 07004KT 9999 NCD 08/05 Q1015 NOSIG,M
EGLL,2026-03-17 23:20,44.60,39.20,81.20,100.00,5.00,0.00,29.97,M,6.21,M,NCD,M,M,M,M,M,M,M,M,M,M,M,M,M,M,41.36,COR EGLL 172320Z AUTO 10005KT 9999 NCD 07/04 Q1015 NOSIG,M
EGLL,2026-03-17 23:50,48.20,42.80,81.47,130.00,7.00,0.00,29.97,M,6.21,M,NCD,M,M,M,M,M,M,M,M,M,M,M,M,M,M,44.53,COR EGLL 172350Z AUTO 13007KT 9999 NCD 09/06 Q1015 NOSIG,M
EGLL,2026-03-18 00:20,46.40,41.00,81.33,130.00,6.00,0.00,29.97,M,6.21,M,NCD,M,M,M,M,M,M,M,M,M,M,M,M,M,M,42.87,COR EGLL 180020Z AUTO 13006KT 9999 NCD 08/05 Q1015 NOSIG,M
EGLL,2026-03-18 00:50,46.40,42.80,87.18,130.00,7.00,0.00,30.00,M,6.21,M,NCD,M,M,M,M,M,M,M,M,M,M,M,M,M,M,42.33,COR EGLL 180050Z AUTO 13007KT 9999 NCD 08/06 Q1016 NOSIG,M
EGLL,2026-03-18 01:20,46.40,41.00,81.33,130.00,5.00,0.00,30.00,M,6.21,M,NCD,M,M,M,M,M,M,M,M,M,M,M,M,M,M,43.50,COR EGLL 180120Z AUTO 13005KT 9999 NCD 08/05 Q1016 NOSIG,M
EGLL,2026-03-18 01:50,44.60,42.80,93.35,140.00,6.00,0.00,30.00,M,6.21,M,NCD,M,M,M,M,M,M,M,M,M,M,M,M,M,M,40.71,COR EGLL 180150Z AUTO 14006KT 9999 NCD 07/06 Q1016 NOSIG,M
EGLL,2026-03-18 02:20,46.40,42.80,87.18,100.00,4.00,0.00,30.00,M,6.21,M,NCD,M,M,M,M,M,M,M,M,M,M,M,M,M,M,44.24,COR EGLL 180220Z AUTO 10004KT 080V140 9999 NCD 08/06 Q1016 NOSIG,M
EGLL,2026-03-18 02:50,44.60,41.00,87.08,90.00,4.00,0.00,30.00,M,6.21,M,NCD,M,M,M,M,M,M,M,M,M,M,M,M,M,M,42.13,COR EGLL 180250Z AUTO 09004KT 9999 NCD 07/05 Q1016 NOSIG,M
EGLL,2026-03-18 03:20,44.60,41.00,87.08,80.00,4.00,0.00,30.00,M,6.21,M,NCD,M,M,M,M,M,M,M,M,M,M,M,M,M,M,42.13,COR EGLL 180320Z AUTO 08004KT 9999 NCD 07/05 Q1016 NOSIG,M
EGLL,2026-03-18 03:50,44.60,42.80,93.35,80.00,4.00,0.00,30.03,M,6.21,M,NCD,M,M,M,M,M,M,M,M,M,M,M,M,M,M,42.13,COR EGLL 180350Z AUTO 08004KT 9999 NCD 07/06 Q1017 NOSIG,M
EGLL,2026-03-18 04:20,42.80,41.00,93.29,90.00,5.00,0.00,30.03,M,6.21,M,NCD,M,M,M,M,M,M,M,M,M,M,M,M,M,M,39.22,COR EGLL 180420Z AUTO 09005KT 9999 NCD 06/05 Q1017 NOSIG,M
EGLL,2026-03-18 04:50,44.60,41.00,87.08,90.00,5.00,0.00,30.03,M,6.21,M,NCD,M,M,M,M,M,M,M,M,M,M,M,M,M,M,41.36,COR EGLL 180450Z AUTO 09005KT 9999 NCD 07/05 Q1017 NOSIG,M
EGLL,2026-03-18 05:20,42.80,41.00,93.29,90.00,5.00,0.00,30.06,M,6.21,M,NCD,M,M,M,M,M,M,M,M,M,M,M,M,M,M,39.22,COR EGLL 180520Z AUTO 09005KT 9999 NCD 06/05 Q1018 NOSIG,M
EGLL,2026-03-18 05:50,42.80,41.00,93.29,100.00,5.00,0.00,30.06,M,6.21,M,NCD,M,M,M,M,M,M,M,M,M,M,M,M,M,M,39.22,COR EGLL 180550Z AUTO 10005KT 9999 NCD 06/05 Q1018 NOSIG,M
EGLL,2026-03-18 06:20,42.80,41.00,93.29,70.00,4.00,0.00,30.09,M,6.21,M,NCD,M,M,M,M,M,M,M,M,M,M,M,M,M,M,40.03,COR EGLL 180620Z AUTO 07004KT 9999 NCD 06/05 Q1019 NOSIG,M
EGLL,2026-03-18 06:50,44.60,42.80,93.35,70.00,3.00,0.00,30.09,M,6.21,M,NCD,M,M,M,M,M,M,M,M,M,M,M,M,M,M,43.09,COR EGLL 180650Z AUTO 07003KT 9999 NCD 07/06 Q1019 NOSIG,M
EGLL,2026-03-18 07:20,46.40,42.80,87.18,90.00,4.00,0.00,30.09,M,6.21,M,NCD,M,M,M,M,M,M,M,M,M,M,M,M,M,M,44.24,COR EGLL 180720Z AUTO 09004KT 9999 NCD 08/06 Q1019 NOSIG,M
EGLL,2026-03-18 07:50,50.00,44.60,81.60,100.00,5.00,0.00,30.12,M,6.21,M,NCD,M,M,M,M,M,M,M,M,M,M,M,M,M,M,50.00,COR EGLL 180750Z AUTO 10005KT 9999 NCD 10/07 Q1020 NOSIG,M
EGLL,2026-03-18 08:20,51.80,46.40,81.74,100.00,6.00,0.00,30.12,M,6.21,M,NCD,M,M,M,M,M,M,M,M,M,M,M,M,M,M,51.80,COR EGLL 180820Z AUTO 10006KT 9999 NCD 11/08 Q1020 NOSIG,M
EGLL,2026-03-18 08:50,53.60,46.40,76.51,100.00,7.00,0.00,30.12,M,6.21,M,NCD,M,M,M,M,M,M,M,M,M,M,M,M,M,M,53.60,COR EGLL 180850Z AUTO 10007KT 9999 NCD 12/08 Q1020 NOSIG,M
EGLL,2026-03-18 09:20,57.20,46.40,67.13,110.00,5.00,0.00,30.12,M,6.21,M,NCD,M,M,M,M,M,M,M,M,M,M,M,M,M,M,57.20,COR EGLL 180920Z AUTO 11005KT 080V140 9999 NCD 14/08 Q1020 NOSIG,M
EGLL,2026-03-18 09:50,57.20,44.60,62.70,130.00,10.00,0.00,30.15,M,6.21,M,NCD,M,M,M,M,M,M,M,M,M,M,M,M,M,M,57.20,COR EGLL 180950Z AUTO 13010KT 090V160 9999 NCD 14/07 Q1021 NOSIG,M
EGLL,2026-03-18 10:20,59.00,42.80,54.86,140.00,11.00,0.00,30.15,M,6.21,M,NCD,M,M,M,M,M,M,M,M,M,M,M,M,M,M,59.00,COR EGLL 181020Z AUTO 14011KT 120V180 9999 NCD 15/06 Q1021 NOSIG,M
EGLL,2026-03-18 10:50,60.80,42.80,51.46,140.00,12.00,0.00,30.15,M,6.21,M,NCD,M,M,M,M,M,M,M,M,M,M,M,M,M,M,60.80,COR EGLL 181050Z AUTO 14012KT 9999 NCD 16/06 Q1021 NOSIG,M
EGLL,2026-03-18 11:20,60.80,44.60,55.13,130.00,11.00,0.00,30.15,M,6.21,M,NCD,M,M,M,M,M,M,M,M,M,M,M,M,M,M,60.80,COR EGLL 181120Z AUTO 13011KT 9999 NCD 16/07 Q1021 NOSIG,M
EGLL,2026-03-18 11:50,62.60,44.60,51.73,130.00,12.00,0.00,30.15,M,6.21,M,NCD,M,M,M,M,M,M,M,M,M,M,M,M,M,M,62.60,COR EGLL 181150Z AUTO 13012KT 100V160 9999 NCD 17/07 Q1021 NOSIG,M
EGLL,2026-03-18 12:20,62.60,44.60,51.73,120.00,8.00,0.00,30.15,M,6.21,M,NCD,M,M,M,M,M,M,M,M,M,M,M,M,M,M,62.60,COR EGLL 181220Z AUTO 12008KT 090V160 9999 NCD 17/07 Q1021 NOSIG,M
EGLL,2026-03-18 12:50,62.60,42.80,48.29,130.00,10.00,0.00,30.15,M,6.21,M,NCD,M,M,M,M,M,M,M,M,M,M,M,M,M,M,62.60,COR EGLL 181250Z AUTO 13010KT 090V150 9999 NCD 17/06 Q1021 NOSIG,M
EGLL,2026-03-18 13:20,64.40,42.80,45.34,130.00,10.00,0.00,30.12,M,6.21,M,NCD,M,M,M,M,M,M,M,M,M,M,M,M,M,M,64.40,COR EGLL 181320Z AUTO 13010KT 9999 NCD 18/06 Q1020 NOSIG,M
EGLL,2026-03-18 13:50,64.40,41.00,42.30,110.00,9.00,0.00,30.15,M,6.21,M,NCD,M,M,M,M,M,M,M,M,M,M,M,M,M,M,64.40,COR EGLL 181350Z AUTO 11009KT 080V140 9999 NCD 18/05 Q1021 NOSIG,M
EGLL,2026-03-18 14:20,64.40,42.80,45.34,120.00,11.00,0.00,30.12,M,6.21,M,NCD,M,M,M,M,M,M,M,M,M,M,M,M,M,M,64.40,COR EGLL 181420Z AUTO 12011KT 9999 NCD 18/06 Q1020 NOSIG,M
EGLL,2026-03-18 14:50,64.40,42.80,45.34,100.00,13.00,0.00,30.12,M,6.21,M,NCD,M,M,M,M,M,M,M,M,M,M,M,M,M,M,64.40,COR EGLL 181450Z AUTO 10013KT 9999 NCD 18/06 Q1020 NOSIG,M
EGLL,2026-03-18 15:20,64.40,39.20,39.44,110.00,9.00,0.00,30.15,M,6.21,M,NCD,M,M,M,M,M,M,M,M,M,M,M,M,M,M,64.40,COR EGLL 181520Z AUTO 11009KT 080V150 9999 NCD 18/04 Q1021 NOSIG,M
EGLL,2026-03-18 15:50,64.40,42.80,45.34,110.00,10.00,0.00,30.15,M,6.21,M,NCD,M,M,M,M,M,M,M,M,M,M,M,M,M,M,64.40,COR EGLL 181550Z AUTO 11010KT 9999 NCD 18/06 Q1021 NOSIG,M
EGLL,2026-03-18 16:20,62.60,44.60,51.73,70.00,9.00,0.00,30.15,M,6.21,M,NCD,M,M,M,M,M,M,M,M,M,M,M,M,M,M,62.60,COR EGLL 181620Z AUTO 07009KT 050V110 9999 NCD 17/07 Q1021 NOSIG,M
EGLL,2026-03-18 16:50,60.80,42.80,51.46,100.00,10.00,0.00,30.15,M,6.21,M,NCD,M,M,M,M,M,M,M,M,M,M,M,M,M,M,60.80,COR EGLL 181650Z AUTO 10010KT 9999 NCD 16/06 Q1021 NOSIG,M
EGLL,2026-03-18 17:20,59.00,42.80,54.86,100.00,12.00,0.00,30.18,M,6.21,M,NCD,M,M,M,M,M,M,M,M,M,M,M,M,M,M,59.00,COR EGLL 181720Z AUTO 10012KT 9999 NCD 15/06 Q1022 NOSIG,M
EGLL,2026-03-18 17:50,57.20,41.00,54.60,100.00,11.00,0.00,30.18,M,6.21,M,NCD,M,M,M,M,M,M,M,M,M,M,M,M,M,M,57.20,COR EGLL 181750Z AUTO 10011KT 9999 NCD 14/05 Q1022 NOSIG,M
EGLL,2026-03-18 18:20,55.40,37.40,50.63,80.00,8.00,0.00,30.18,M,6.21,M,NCD,M,M,M,M,M,M,M,M,M,M,M,M,M,M,55.40,COR EGLL 181820Z AUTO 08008KT 9999 NCD 13/03 Q1022 NOSIG,M
EGLL,2026-03-18 18:50,53.60,35.60,50.35,80.00,8.00,0.00,30.21,M,6.21,M,NCD,M,M,M,M,M,M,M,M,M,M,M,M,M,M,53.60,COR EGLL 181850Z AUTO 08008KT 9999 NCD 12/02 Q1023 NOSIG,M
EGLL,2026-03-18 19:20,51.80,35.60,53.80,80.00,8.00,0.00,30.21,M,6.21,M,NCD,M,M,M,M,M,M,M,M,M,M,M,M,M,M,51.80,COR EGLL 181920Z AUTO 08008KT 9999 NCD 11/02 Q1023 NOSIG,M
EGLL,2026-03-18 19:50,50.00,35.60,57.51,90.00,5.00,0.00,30.24,M,6.21,M,NCD,M,M,M,M,M,M,M,M,M,M,M,M,M,M,50.00,COR EGLL 181950Z AUTO 09005KT 9999 NCD 10/02 Q1024 NOSIG,M
EGLL,2026-03-18 20:20,48.20,35.60,61.50,100.00,5.00,0.00,30.24,M,6.21,M,NCD,M,M,M,M,M,M,M,M,M,M,M,M,M,M,45.63,COR EGLL 182020Z AUTO 10005KT 9999 NCD 09/02 Q1024 NOSIG,M
EGLL,2026-03-18 20:50,50.00,35.60,57.51,90.00,7.00,0.00,30.24,M,6.21,M,NCD,M,M,M,M,M,M,M,M,M,M,M,M,M,M,50.00,COR EGLL 182050Z AUTO 09007KT 9999 NCD 10/02 Q1024 NOSIG,M
EGLL,2026-03-18 21:20,48.20,35.60,61.50,80.00,6.00,0.00,30.24,M,6.21,M,NCD,M,M,M,M,M,M,M,M,M,M,M,M,M,M,45.04,COR EGLL 182120Z AUTO 08006KT 9999 NCD 09/02 Q1024 NOSIG,M
EGLL,2026-03-18 21:50,48.20,35.60,61.50,90.00,5.00,0.00,30.27,M,6.21,M,NCD,M,M,M,M,M,M,M,M,M,M,M,M,M,M,45.63,COR EGLL 182150Z AUTO 09005KT 9999 NCD 09/02 Q1025 NOSIG,M
EGLL,2026-03-18 22:20,46.40,35.60,65.82,90.00,5.00,0.00,30.27,M,6.21,M,NCD,M,M,M,M,M,M,M,M,M,M,M,M,M,M,43.50,COR EGLL 182220Z AUTO 09005KT 9999 NCD 08/02 Q1025 NOSIG,M
EGLL,2026-03-18 22:50,46.40,35.60,65.82,60.00,3.00,0.00,30.27,M,6.21,M,NCD,M,M,M,M,M,M,M,M,M,M,M,M,M,M,45.15,COR EGLL 182250Z AUTO 06003KT 9999 NCD 08/02 Q1025 NOSIG,M
EGLL,2026-03-18 23:20,46.40,35.60,65.82,M,2.00,0.00,30.27,M,6.21,M,NCD,M,M,M,M,M,M,M,M,M,M,M,M,M,M,46.40,COR EGLL 182320Z AUTO VRB02KT 9999 NCD 08/02 Q1025 NOSIG,M
EGLL,2026-03-18 23:50,44.60,35.60,70.47,70.00,4.00,0.00,30.27,M,6.21,M,NCD,M,M,M,M,M,M,M,M,M,M,M,M,M,M,42.13,COR EGLL 182350Z AUTO 07004KT 9999 NCD 07/02 Q1025 NOSIG,M
EGLL,2026-03-19 00:20,46.40,35.60,65.82,40.00,4.00,0.00,30.27,M,6.21,M,NCD,M,M,M,M,M,M,M,M,M,M,M,M,M,M,44.24,COR EGLL 190020Z AUTO 04004KT 9999 NCD 08/02 Q1025 NOSIG,M
EGLL,2026-03-19 00:50,42.80,35.60,75.49,40.00,5.00,0.00,30.27,M,6.21,M,NCD,M,M,M,M,M,M,M,M,M,M,M,M,M,M,39.22,COR EGLL 190050Z AUTO 04005KT 9999 NCD 06/02 Q1025 NOSIG,M
EGLL,2026-03-19 01:20,42.80,35.60,75.49,40.00,4.00,0.00,30.27,M,6.21,M,NCD,M,M,M,M,M,M,M,M,M,M,M,M,M,M,40.03,COR EGLL 190120Z AUTO 04004KT 9999 NCD 06/02 Q1025 NOSIG,M
EGLL,2026-03-19 01:50,42.80,35.60,75.49,40.00,5.00,0.00,30.27,M,6.21,M,NCD,M,M,M,M,M,M,M,M,M,M,M,M,M,M,39.22,COR EGLL 190150Z AUTO 04005KT 9999 NCD 06/02 Q1025 NOSIG,M
EGLL,2026-03-19 02:20,42.80,35.60,75.49,40.00,5.00,0.00,30.27,M,6.21,M,NCD,M,M,M,M,M,M,M,M,M,M,M,M,M,M,39.22,COR EGLL 190220Z AUTO 04005KT 9999 NCD 06/02 Q1025 NOSIG,M
EGLL,2026-03-19 02:50,42.80,35.60,75.49,60.00,3.00,0.00,30.27,M,6.21,M,NCD,M,M,M,M,M,M,M,M,M,M,M,M,M,M,41.03,COR EGLL 190250Z AUTO 06003KT 9999 NCD 06/02 Q1025 NOSIG,M
EGLL,2026-03-19 03:20,42.80,35.60,75.49,70.00,3.00,0.00,30.27,M,6.21,M,NCD,M,M,M,M,M,M,M,M,M,M,M,M,M,M,41.03,COR EGLL 190320Z AUTO 07003KT 9999 NCD 06/02 Q1025 NOSIG,M
EGLL,2026-03-19 03:50,41.00,35.60,80.92,70.00,3.00,0.00,30.27,M,6.21,M,NCD,M,M,M,M,M,M,M,M,M,M,M,M,M,M,38.98,COR EGLL 190350Z AUTO 07003KT 9999 NCD 05/02 Q1025 NOSIG,M
EGLL,2026-03-19 04:20,41.00,35.60,80.92,70.00,3.00,0.00,30.27,M,6.21,M,NCD,M,M,M,M,M,M,M,M,M,M,M,M,M,M,38.98,COR EGLL 190420Z AUTO 07003KT 9999 NCD 05/02 Q1025 NOSIG,M
EGLL,2026-03-19 04:50,41.00,35.60,80.92,350.00,5.00,0.00,30.30,M,6.21,M,NCD,M,M,M,M,M,M,M,M,M,M,M,M,M,M,37.08,COR EGLL 190450Z AUTO 35005KT 320V020 9999 NCD 05/02 Q1026 NOSIG,M
EGLL,2026-03-19 05:20,41.00,35.60,80.92,10.00,5.00,0.00,30.30,M,6.21,M,NCD,M,M,M,M,M,M,M,M,M,M,M,M,M,M,37.08,COR EGLL 190520Z AUTO 01005KT 9999 NCD 05/02 Q1026 NOSIG,M
EGLL,2026-03-19 05:50,39.20,35.60,86.79,30.00,4.00,0.00,30.30,M,6.21,M,NCD,M,M,M,M,M,M,M,M,M,M,M,M,M,M,35.83,COR EGLL 190550Z AUTO 03004KT 9999 NCD 04/02 Q1026 NOSIG,M
EGLL,2026-03-19 06:20,41.00,35.60,80.92,20.00,4.00,0.00,30.30,M,6.21,M,NCD,M,M,M,M,M,M,M,M,M,M,M,M,M,M,37.93,COR EGLL 190620Z AUTO 02004KT 360V060 9999 NCD 05/02 Q1026 NOSIG,M
EGLL,2026-03-19 06:50,41.00,35.60,80.92,30.00,3.00,0.00,30.33,M,6.21,M,NCD,M,M,M,M,M,M,M,M,M,M,M,M,M,M,38.98,COR EGLL 190650Z AUTO 03003KT 9999 NCD 05/02 Q1027 NOSIG,M
EGLL,2026-03-19 07:20,42.80,37.40,81.06,30.00,3.00,0.00,30.33,M,6.21,M,NCD,M,M,M,M,M,M,M,M,M,M,M,M,M,M,41.03,COR EGLL 190720Z AUTO 03003KT 350V070 9999 NCD 06/03 Q1027 NOSIG,M
EGLL,2026-03-19 07:50,44.60,39.20,81.20,60.00,4.00,0.00,30.33,M,6.21,M,NCD,M,M,M,M,M,M,M,M,M,M,M,M,M,M,42.13,EGLL 190750Z AUTO 06004KT 9999 NCD 07/04 Q1027,M
EGLL,2026-03-19 08:20,48.20,41.00,76.01,90.00,7.00,0.00,30.33,M,6.21,M,NCD,M,M,M,M,M,M,M,M,M,M,M,M,M,M,44.53,COR EGLL 190820Z AUTO 09007KT 9999 NCD 09/05 Q1027 NOSIG,M
EGLL,2026-03-19 08:50,50.00,41.00,71.06,70.00,7.00,0.00,30.33,M,6.21,M,NCD,M,M,M,M,M,M,M,M,M,M,M,M,M,M,50.00,COR EGLL 190850Z AUTO 07007KT 9999 NCD 10/05 Q1027 NOSIG,M
EGLL,2026-03-19 09:20,51.80,41.00,66.48,90.00,6.00,0.00,30.33,M,6.21,M,NCD,M,M,M,M,M,M,M,M,M,M,M,M,M,M,51.80,COR EGLL 190920Z AUTO 09006KT 9999 NCD 11/05 Q1027 NOSIG,M
EGLL,2026-03-19 09:50,55.40,41.00,58.27,90.00,5.00,0.00,30.33,M,6.21,M,NCD,M,M,M,M,M,M,M,M,M,M,M,M,M,M,55.40,COR EGLL 190950Z AUTO 09005KT 030V120 9999 NCD 13/05 Q1027 NOSIG,M
EGLL,2026-03-19 10:20,55.40,39.20,54.33,90.00,7.00,0.00,30.33,M,6.21,M,NCD,M,M,M,M,M,M,M,M,M,M,M,M,M,M,55.40,COR EGLL 191020Z AUTO 09007KT 060V120 9999 NCD 13/04 Q1027 NOSIG,M
EGLL,2026-03-19 10:50,57.20,41.00,54.60,90.00,8.00,0.00,30.33,M,6.21,M,NCD,M,M,M,M,M,M,M,M,M,M,M,M,M,M,57.20,COR EGLL 191050Z AUTO 09008KT 030V120 9999 NCD 14/05 Q1027 NOSIG,M
EGLL,2026-03-19 11:20,59.00,39.20,47.72,80.00,9.00,0.00,30.33,M,6.21,M,NCD,M,M,M,M,M,M,M,M,M,M,M,M,M,M,59.00,COR EGLL 191120Z AUTO 08009KT 050V110 9999 NCD 15/04 Q1027 NOSIG,M
EGLL,2026-03-19 11:50,60.80,37.40,41.71,70.00,9.00,0.00,30.33,M,6.21,M,NCD,M,M,M,M,M,M,M,M,M,M,M,M,M,M,60.80,COR EGLL 191150Z AUTO 07009KT 040V110 9999 NCD 16/03 Q1027 NOSIG,M
EGLL,2026-03-19 12:20,60.80,37.40,41.71,110.00,13.00,0.00,30.30,M,6.21,M,NCD,M,M,M,M,M,M,M,M,M,M,M,M,M,M,60.80,COR EGLL 191220Z AUTO 11013KT 080V140 9999 NCD 16/03 Q1026 NOSIG,M
EGLL,2026-03-19 12:50,60.80,35.60,38.85,100.00,13.00,0.00,30.30,M,6.21,M,NCD,M,M,M,M,M,M,M,M,M,M,M,M,M,M,60.80,COR EGLL 191250Z AUTO 10013KT 9999 NCD 16/02 Q1026 NOSIG,M
EGLL,2026-03-19 13:20,60.80,37.40,41.71,80.00,11.00,0.00,30.30,M,6.21,M,NCD,M,M,M,M,M,M,M,M,M,M,M,M,M,M,60.80,COR EGLL 191320Z AUTO 08011KT 050V110 9999 NCD 16/03 Q1026 NOSIG,M
EGLL,2026-03-19 13:50,60.80,37.40,41.71,100.00,10.00,0.00,30.27,M,6.21,M,NCD,M,M,M,M,M,M,M,M,M,M,M,M,M,M,60.80,COR EGLL 191350Z AUTO 10010KT 9999 NCD 16/03 Q1025 NOSIG,M
EGLL,2026-03-19 14:20,62.60,37.40,39.14,70.00,9.00,0.00,30.27,M,6.21,M,NCD,M,M,M,M,M,M,M,M,M,M,M,M,M,M,62.60,COR EGLL 191420Z AUTO 07009KT 030V100 9999 NCD 17/03 Q1025 NOSIG,M
EGLL,2026-03-19 14:50,60.80,35.60,38.85,70.00,8.00,0.00,30.27,M,6.21,M,NCD,M,M,M,M,M,M,M,M,M,M,M,M,M,M,60.80,EGLL 191450Z AUTO 07008KT 040V100 9999 NCD 16/02 Q1025,M
EGLL,2026-03-19 15:20,60.80,33.80,36.16,90.00,10.00,0.00,30.27,M,6.21,M,NCD,M,M,M,M,M,M,M,M,M,M,M,M,M,M,60.80,COR EGLL 191520Z AUTO 09010KT 9999 NCD 16/01 Q1025 NOSIG,M
EGLL,2026-03-19 15:50,60.80,33.80,36.16,80.00,9.00,0.00,30.24,M,6.21,M,NCD,M,M,M,M,M,M,M,M,M,M,M,M,M,M,60.80,COR EGLL 191550Z AUTO 08009KT 9999 NCD 16/01 Q1024 NOSIG,M
EGLL,2026-03-19 16:20,59.00,35.60,41.42,110.00,10.00,0.00,30.24,M,6.21,M,NCD,M,M,M,M,M,M,M,M,M,M,M,M,M,M,59.00,COR EGLL 191620Z AUTO 11010KT 9999 NCD 15/02 Q1024 NOSIG,M
EGLL,2026-03-19 16:50,59.00,35.60,41.42,100.00,10.00,0.00,30.24,M,6.21,M,NCD,M,M,M,M,M,M,M,M,M,M,M,M,M,M,59.00,COR EGLL 191650Z AUTO 10010KT 9999 NCD 15/02 Q1024 NOSIG,M
EGLL,2026-03-19 17:20,59.00,35.60,41.42,70.00,9.00,0.00,30.27,M,6.21,M,NCD,M,M,M,M,M,M,M,M,M,M,M,M,M,M,59.00,COR EGLL 191720Z AUTO 07009KT 9999 NCD 15/02 Q1025 NOSIG,M
EGLL,2026-03-19 17:50,55.40,33.80,43.89,70.00,6.00,0.00,30.27,M,6.21,M,NCD,M,M,M,M,M,M,M,M,M,M,M,M,M,M,55.40,COR EGLL 191750Z AUTO 07006KT 9999 NCD 13/01 Q1025 NOSIG,M
EGLL,2026-03-19 18:20,55.40,33.80,43.89,70.00,6.00,0.00,30.27,M,6.21,M,NCD,M,M,M,M,M,M,M,M,M,M,M,M,M,M,55.40,COR EGLL 191820Z AUTO 07006KT 9999 NCD 13/01 Q1025 NOSIG,M
EGLL,2026-03-19 18:50,53.60,33.80,46.87,90.00,2.00,0.00,30.27,M,6.21,M,NCD,M,M,M,M,M,M,M,M,M,M,M,M,M,M,53.60,COR EGLL 191850Z AUTO 09002KT 9999 NCD 12/01 Q1025 NOSIG,M
EGLL,2026-03-19 19:20,51.80,33.80,50.07,110.00,5.00,0.00,30.27,M,6.21,M,NCD,M,M,M,M,M,M,M,M,M,M,M,M,M,M,51.80,COR EGLL 191920Z AUTO 11005KT 9999 NCD 11/01 Q1025 NOSIG,M
EGLL,2026-03-19 19:50,50.00,33.80,53.52,100.00,5.00,0.00,30.27,M,6.21,M,NCD,M,M,M,M,M,M,M,M,M,M,M,M,M,M,50.00,COR EGLL 191950Z AUTO 10005KT 9999 NCD 10/01 Q1025 NOSIG,M
EGLL,2026-03-19 20:20,48.20,33.80,57.25,110.00,6.00,0.00,30.27,M,6.21,M,NCD,M,M,M,M,M,M,M,M,M,M,M,M,M,M,45.04,COR EGLL 192020Z AUTO 11006KT 9999 NCD 09/01 Q1025 NOSIG,M
EGLL,2026-03-19 20:50,50.00,35.60,57.51,100.00,6.00,0.00,30.27,M,6.21,M,NCD,M,M,M,M,M,M,M,M,M,M,M,M,M,M,50.00,COR EGLL 192050Z AUTO 10006KT 9999 NCD 10/02 Q1025 NOSIG,M
EGLL,2026-03-19 21:20,50.00,35.60,57.51,80.00,2.00,0.00,30.27,M,6.21,M,NCD,M,M,M,M,M,M,M,M,M,M,M,M,M,M,50.00,COR EGLL 192120Z AUTO 08002KT 9999 NCD 10/02 Q1025 NOSIG,M
EGLL,2026-03-19 21:50,48.20,35.60,61.50,60.00,1.00,0.00,30.27,M,6.21,M,NCD,M,M,M,M,M,M,M,M,M,M,M,M,M,M,48.20,COR EGLL 192150Z AUTO 06001KT 9999 NCD 09/02 Q1025 NOSIG,M
EGLL,2026-03-19 22:20,50.00,35.60,57.51,50.00,2.00,0.00,30.27,M,6.21,M,NCD,M,M,M,M,M,M,M,M,M,M,M,M,M,M,50.00,COR EGLL 192220Z AUTO 05002KT 9999 NCD 10/02 Q1025 NOSIG,M
EGLL,2026-03-19 22:50,48.20,33.80,57.25,40.00,3.00,0.00,30.27,M,6.21,M,NCD,M,M,M,M,M,M,M,M,M,M,M,M,M,M,47.21,COR EGLL 192250Z AUTO 04003KT 9999 NCD 09/01 Q1025 NOSIG,M
EGLL,2026-03-19 23:20,46.40,33.80,61.26,20.00,3.00,0.00,30.27,M,6.21,M,NCD,M,M,M,M,M,M,M,M,M,M,M,M,M,M,45.15,COR EGLL 192320Z AUTO 02003KT 350V050 9999 NCD 08/01 Q1025 NOSIG,M
EGLL,2026-03-19 23:50,44.60,33.80,65.59,40.00,4.00,0.00,30.27,M,6.21,M,NCD,M,M,M,M,M,M,M,M,M,M,M,M,M,M,42.13,COR EGLL 192350Z AUTO 04004KT 9999 NCD 07/01 Q1025 NOSIG,M
EGLL,2026-03-20 00:20,44.60,33.80,65.59,40.00,5.00,0.00,30.27,M,6.21,M,NCD,M,M,M,M,M,M,M,M,M,M,M,M,M,M,41.36,COR EGLL 200020Z AUTO 04005KT 9999 NCD 07/01 Q1025 NOSIG,M
EGLL,2026-03-20 00:50,44.60,33.80,65.59,40.00,4.00,0.00,30.24,M,6.21,M,NCD,M,M,M,M,M,M,M,M,M,M,M,M,M,M,42.13,COR EGLL 200050Z AUTO 04004KT 9999 NCD 07/01 Q1024 NOSIG,M
EGLL,2026-03-20 01:20,42.80,33.80,70.27,20.00,3.00,0.00,30.24,M,6.21,M,NCD,M,M,M,M,M,M,M,M,M,M,M,M,M,M,41.03,COR EGLL 200120Z AUTO 02003KT 9999 NCD 06/01 Q1024 NOSIG,M
EGLL,2026-03-20 01:50,42.80,33.80,70.27,10.00,3.00,0.00,30.24,M,6.21,M,NCD,M,M,M,M,M,M,M,M,M,M,M,M,M,M,41.03,COR EGLL 200150Z AUTO 01003KT 9999 NCD 06/01 Q1024 NOSIG,M
EGLL,2026-03-20 02:20,42.80,33.80,70.27,10.00,4.00,0.00,30.24,M,6.21,M,NCD,M,M,M,M,M,M,M,M,M,M,M,M,M,M,40.03,COR EGLL 200220Z AUTO 01004KT 9999 NCD 06/01 Q1024 NOSIG,M
EGLL,2026-03-20 02:50,41.00,33.80,75.32,360.00,3.00,0.00,30.21,M,6.21,M,NCD,M,M,M,M,M,M,M,M,M,M,M,M,M,M,38.98,COR EGLL 200250Z AUTO 36003KT 9999 NCD 05/01 Q1023 NOSIG,M
EGLL,2026-03-20 03:20,41.00,33.80,75.32,360.00,4.00,0.00,30.21,M,6.21,M,NCD,M,M,M,M,M,M,M,M,M,M,M,M,M,M,37.93,COR EGLL 200320Z AUTO 36004KT 9999 NCD 05/01 Q1023 NOSIG,M
EGLL,2026-03-20 03:50,39.20,33.80,80.78,10.00,5.00,0.00,30.21,M,6.21,M,NCD,M,M,M,M,M,M,M,M,M,M,M,M,M,M,34.95,COR EGLL 200350Z AUTO 01005KT 9999 NCD 04/01 Q1023 NOSIG,M
EGLL,2026-03-20 04:20,39.20,33.80,80.78,10.00,3.00,0.00,30.21,M,6.21,M,NCD,M,M,M,M,M,M,M,M,M,M,M,M,M,M,36.92,COR EGLL 200420Z AUTO 01003KT 9999 NCD 04/01 Q1023 NOSIG,M
EGLL,2026-03-20 04:50,39.20,33.80,80.78,30.00,3.00,0.00,30.21,M,6.21,M,NCD,M,M,M,M,M,M,M,M,M,M,M,M,M,M,36.92,COR EGLL 200450Z AUTO 03003KT 9999 NCD 04/01 Q1023 NOSIG,M
EGLL,2026-03-20 05:20,39.20,33.80,80.78,20.00,3.00,0.00,30.21,M,6.21,M,NCD,M,M,M,M,M,M,M,M,M,M,M,M,M,M,36.92,COR EGLL 200520Z AUTO 02003KT 350V050 9999 NCD 04/01 Q1023 NOSIG,M
EGLL,2026-03-20 05:50,39.20,33.80,80.78,20.00,3.00,0.00,30.21,M,6.21,M,NCD,M,M,M,M,M,M,M,M,M,M,M,M,M,M,36.92,COR EGLL 200550Z AUTO 02003KT 9999 NCD 04/01 Q1023 NOSIG,M
EGLL,2026-03-20 06:20,39.20,33.80,80.78,M,2.00,0.00,30.21,M,6.21,M,NCD,M,M,M,M,M,M,M,M,M,M,M,M,M,M,39.20,COR EGLL 200620Z AUTO VRB02KT 9999 NCD 04/01 Q1023 NOSIG,M
EGLL,2026-03-20 06:50,39.20,33.80,80.78,M,2.00,0.00,30.21,M,5.59,M,NCD,M,M,M,M,M,M,M,M,M,M,M,M,M,M,39.20,COR EGLL 200650Z AUTO VRB02KT 9000 NCD 04/01 Q1023 NOSIG,M
EGLL,2026-03-20 07:20,39.20,35.60,86.79,M,2.00,0.00,30.21,M,5.59,M,NCD,M,M,M,M,M,M,M,M,M,M,M,M,M,M,39.20,COR EGLL 200720Z AUTO VRB02KT 9000 NCD 04/02 Q1023 NOSIG,M
EGLL,2026-03-20 07:50,41.00,35.60,80.92,20.00,3.00,0.00,30.21,M,6.21,M,NCD,M,M,M,M,M,M,M,M,M,M,M,M,M,M,38.98,COR EGLL 200750Z AUTO 02003KT 350V050 9999 NCD 05/02 Q1023 NOSIG,M
EGLL,2026-03-20 08:20,42.80,37.40,81.06,30.00,5.00,0.00,30.24,M,6.21,M,NCD,M,M,M,M,M,M,M,M,M,M,M,M,M,M,39.22,COR EGLL 200820Z AUTO 03005KT 360V060 9999 NCD 06/03 Q1024 NOSIG,M
EGLL,2026-03-20 08:50,46.40,37.40,70.67,50.00,5.00,0.00,30.24,M,6.21,M,NCD,M,M,M,M,M,M,M,M,M,M,M,M,M,M,43.50,COR EGLL 200850Z AUTO 05005KT 010V090 9999 NCD 08/03 Q1024 NOSIG,M
EGLL,2026-03-20 09:20,46.40,37.40,70.67,50.00,7.00,0.00,30.21,M,6.21,M,NCD,M,M,M,M,M,M,M,M,M,M,M,M,M,M,42.33,COR EGLL 200920Z AUTO 05007KT 010V070 9999 NCD 08/03 Q1023 NOSIG,M
EGLL,2026-03-20 09:50,48.20,39.20,70.87,50.00,6.00,0.00,30.21,M,6.21,M,NCD,M,M,M,M,M,M,M,M,M,M,M,M,M,M,45.04,COR EGLL 200950Z AUTO 05006KT 020V090 9999 NCD 09/04 Q1023 NOSIG,M
EGLL,2026-03-20 10:20,50.00,39.20,66.26,40.00,6.00,0.00,30.21,M,6.21,M,NCD,M,M,M,M,M,M,M,M,M,M,M,M,M,M,50.00,COR EGLL 201020Z AUTO 04006KT 020V090 9999 NCD 10/04 Q1023 NOSIG,M
EGLL,2026-03-20 10:50,50.00,39.20,66.26,50.00,4.00,0.00,30.21,M,6.21,M,NCD,M,M,M,M,M,M,M,M,M,M,M,M,M,M,50.00,COR EGLL 201050Z AUTO 05004KT 340V110 9999 NCD 10/04 Q1023 NOSIG,M
EGLL,2026-03-20 11:20,51.80,39.20,61.99,50.00,4.00,0.00,30.21,M,6.21,M,NCD,M,M,M,M,M,M,M,M,M,M,M,M,M,M,51.80,COR EGLL 201120Z AUTO 05004KT 340V100 9999 NCD 11/04 Q1023 NOSIG,M
EGLL,2026-03-20 11:50,53.60,39.20,58.02,70.00,8.00,0.00,30.21,M,6.21,M,NCD,M,M,M,M,M,M,M,M,M,M,M,M,M,M,53.60,COR EGLL 201150Z AUTO 07008KT 9999 NCD 12/04 Q1023 NOSIG,M
EGLL,2026-03-20 12:20,53.60,39.20,58.02,50.00,6.00,0.00,30.18,M,6.21,M,NCD,M,M,M,M,M,M,M,M,M,M,M,M,M,M,53.60,COR EGLL 201220Z AUTO 05006KT 020V090 9999 NCD 12/04 Q1022 NOSIG,M
EGLL,2026-03-20 12:50,55.40,37.40,50.63,40.00,6.00,0.00,30.18,M,6.21,M,NCD,M,M,M,M,M,M,M,M,M,M,M,M,M,M,55.40,COR EGLL 201250Z AUTO 04006KT 350V090 9999 NCD 13/03 Q1022 NOSIG,M
EGLL,2026-03-20 13:20,55.40,37.40,50.63,60.00,6.00,0.00,30.15,M,6.21,M,NCD,M,M,M,M,M,M,M,M,M,M,M,M,M,M,55.40,COR EGLL 201320Z AUTO 06006KT 020V090 9999 NCD 13/03 Q1021 NOSIG,M
EGLL,2026-03-20 13:50,57.20,37.40,47.44,60.00,6.00,0.00,30.15,M,6.21,M,NCD,M,M,M,M,M,M,M,M,M,M,M,M,M,M,57.20,COR EGLL 201350Z AUTO 06006KT 020V120 9999 NCD 14/03 Q1021 NOSIG,M
EGLL,2026-03-20 14:20,57.20,39.20,50.91,60.00,6.00,0.00,30.15,M,6.21,M,NCD,M,M,M,M,M,M,M,M,M,M,M,M,M,M,57.20,COR EGLL 201420Z AUTO 06006KT 010V110 9999 NCD 14/04 Q1021 NOSIG,M
EGLL,2026-03-20 14:50,57.20,37.40,47.44,50.00,6.00,0.00,30.15,M,6.21,M,NCD,M,M,M,M,M,M,M,M,M,M,M,M,M,M,57.20,COR EGLL 201450Z AUTO 05006KT 010V100 9999 NCD 14/03 Q1021 NOSIG,M
EGLL,2026-03-20 15:20,55.40,37.40,50.63,60.00,7.00,0.00,30.15,M,6.21,M,NCD,M,M,M,M,M,M,M,M,M,M,M,M,M,M,55.40,COR EGLL 201520Z AUTO 06007KT 020V100 9999 NCD 13/03 Q1021 NOSIG,M
EGLL,2026-03-20 15:50,57.20,39.20,50.91,80.00,9.00,0.00,30.12,M,6.21,M,NCD,M,M,M,M,M,M,M,M,M,M,M,M,M,M,57.20,COR EGLL 201550Z AUTO 08009KT 9999 NCD 14/04 Q1020 NOSIG,M
EGLL,2026-03-20 16:20,55.40,41.00,58.27,90.00,8.00,0.00,30.12,M,6.21,M,NCD,M,M,M,M,M,M,M,M,M,M,M,M,M,M,55.40,COR EGLL 201620Z AUTO 09008KT 9999 NCD 13/05 Q1020 NOSIG,M
EGLL,2026-03-20 16:50,55.40,42.80,62.46,80.00,9.00,0.00,30.12,M,6.21,M,NCD,M,M,M,M,M,M,M,M,M,M,M,M,M,M,55.40,COR EGLL 201650Z AUTO 08009KT 9999 NCD 13/06 Q1020 NOSIG,M
EGLL,2026-03-20 17:20,55.40,42.80,62.46,60.00,7.00,0.00,30.12,M,6.21,M,NCD,M,M,M,M,M,M,M,M,M,M,M,M,M,M,55.40,COR EGLL 201720Z AUTO 06007KT 030V090 9999 NCD 13/06 Q1020 NOSIG,M
EGLL,2026-03-20 17:50,53.60,42.80,66.70,60.00,6.00,0.00,30.12,M,6.21,M,NCD,M,M,M,M,M,M,M,M,M,M,M,M,M,M,53.60,COR EGLL 201750Z AUTO 06006KT 030V090 9999 NCD 12/06 Q1020 NOSIG,M
EGLL,2026-03-20 18:20,53.60,42.80,66.70,60.00,5.00,0.00,30.12,M,6.21,M,NCD,M,M,M,M,M,M,M,M,M,M,M,M,M,M,53.60,COR EGLL 201820Z AUTO 06005KT 9999 NCD 12/06 Q1020 NOSIG,M
EGLL,2026-03-20 18:50,51.80,42.80,71.26,90.00,5.00,0.00,30.12,M,6.21,M,BKN,M,M,M,3100.00,M,M,M,M,M,M,M,M,M,M,51.80,COR EGLL 201850Z AUTO 09005KT 9999 BKN031 11/06 Q1020 NOSIG,M
EGLL,2026-03-20 19:20,51.80,41.00,66.48,120.00,8.00,0.00,30.12,M,6.21,M,OVC,M,M,M,3100.00,M,M,M,M,M,M,M,M,M,M,51.80,COR EGLL 201920Z AUTO 12008KT 9999 OVC031 11/05 Q1020 NOSIG,M
EGLL,2026-03-20 19:50,50.00,39.20,66.26,100.00,8.00,0.00,30.12,M,6.21,M,BKN,M,M,M,3100.00,M,M,M,M,M,M,M,M,M,M,50.00,COR EGLL 201950Z AUTO 10008KT 9999 BKN031 10/04 Q1020 NOSIG,M
EGLL,2026-03-20 20:20,48.20,39.20,70.87,100.00,7.00,0.00,30.15,M,6.21,M,NCD,M,M,M,M,M,M,M,M,M,M,M,M,M,M,44.53,COR EGLL 202020Z AUTO 10007KT 9999 NCD 09/04 Q1021 NOSIG,M
EGLL,2026-03-20 20:50,46.40,39.20,75.84,100.00,6.00,0.00,30.15,M,6.21,M,NCD,M,M,M,M,M,M,M,M,M,M,M,M,M,M,42.87,COR EGLL 202050Z AUTO 10006KT 9999 NCD 08/04 Q1021 NOSIG,M
EGLL,2026-03-20 21:20,46.40,39.20,75.84,90.00,6.00,0.00,30.15,M,6.21,M,NCD,M,M,M,M,M,M,M,M,M,M,M,M,M,M,42.87,COR EGLL 202120Z AUTO 09006KT 9999 NCD 08/04 Q1021 NOSIG,M
EGLL,2026-03-20 21:50,46.40,37.40,70.67,90.00,6.00,0.00,30.15,M,6.21,M,NCD,M,M,M,M,M,M,M,M,M,M,M,M,M,M,42.87,COR EGLL 202150Z AUTO 09006KT 9999 NCD 08/03 Q1021 NOSIG,M
EGLL,2026-03-20 22:20,46.40,39.20,75.84,70.00,4.00,0.00,30.15,M,6.21,M,NCD,M,M,M,M,M,M,M,M,M,M,M,M,M,M,44.24,COR EGLL 202220Z AUTO 07004KT 9999 NCD 08/04 Q1021 NOSIG,M
EGLL,2026-03-20 22:50,44.60,39.20,81.20,70.00,5.00,0.00,30.15,M,6.21,M,NCD,M,M,M,M,M,M,M,M,M,M,M,M,M,M,41.36,COR EGLL 202250Z AUTO 07005KT 9999 NCD 07/04 Q1021 NOSIG,M
EGLL,2026-03-20 23:20,44.60,37.40,75.67,40.00,4.00,0.00,30.15,M,6.21,M,NCD,M,M,M,M,M,M,M,M,M,M,M,M,M,M,42.13,COR EGLL 202320Z AUTO 04004KT 9999 NCD 07/03 Q1021 NOSIG,M
EGLL,2026-03-20 23:50,44.60,39.20,81.20,50.00,4.00,0.00,30.15,M,6.21,M,NCD,M,M,M,M,M,M,M,M,M,M,M,M,M,M,42.13,COR EGLL 202350Z AUTO 05004KT 9999 NCD 07/04 Q1021 NOSIG,M
EGLL,2026-03-21 00:20,42.80,37.40,81.06,60.00,4.00,0.00,30.12,M,6.21,M,NCD,M,M,M,M,M,M,M,M,M,M,M,M,M,M,40.03,COR EGLL 210020Z AUTO 06004KT 9999 NCD 06/03 Q1020 NOSIG,M
EGLL,2026-03-21 00:50,42.80,39.20,86.99,50.00,4.00,0.00,30.12,M,6.21,M,NCD,M,M,M,M,M,M,M,M,M,M,M,M,M,M,40.03,COR EGLL 210050Z AUTO 05004KT 9999 NCD 06/04 Q1020 NOSIG,M
EGLL,2026-03-21 01:20,42.80,37.40,81.06,30.00,3.00,0.00,30.12,M,6.21,M,NCD,M,M,M,M,M,M,M,M,M,M,M,M,M,M,41.03,COR EGLL 210120Z AUTO 03003KT 9999 NCD 06/03 Q1020 NOSIG,M
EGLL,2026-03-21 01:50,41.00,37.40,86.89,10.00,4.00,0.00,30.12,M,6.21,M,NCD,M,M,M,M,M,M,M,M,M,M,M,M,M,M,37.93,COR EGLL 210150Z AUTO 01004KT 9999 NCD 05/03 Q1020 NOSIG,M
EGLL,2026-03-21 02:20,41.00,37.40,86.89,350.00,4.00,0.00,30.12,M,6.21,M,NCD,M,M,M,M,M,M,M,M,M,M,M,M,M,M,37.93,COR EGLL 210220Z AUTO 35004KT 9999 NCD 05/03 Q1020 NOSIG,M
EGLL,2026-03-21 02:50,41.00,35.60,80.92,10.00,3.00,0.00,30.12,M,6.21,M,NCD,M,M,M,M,M,M,M,M,M,M,M,M,M,M,38.98,COR EGLL 210250Z AUTO 01003KT 9999 NCD 05/02 Q1020 NOSIG,M
EGLL,2026-03-21 03:20,39.20,35.60,86.79,M,2.00,0.00,30.12,M,6.21,M,NCD,M,M,M,M,M,M,M,M,M,M,M,M,M,M,39.20,COR EGLL 210320Z AUTO VRB02KT 9999 NCD 04/02 Q1020 NOSIG,M
EGLL,2026-03-21 03:50,39.20,35.60,86.79,10.00,3.00,0.00,30.12,M,6.21,M,NCD,M,M,M,M,M,M,M,M,M,M,M,M,M,M,36.92,COR EGLL 210350Z AUTO 01003KT 9999 NCD 04/02 Q1020 NOSIG,M
EGLL,2026-03-21 04:20,39.20,35.60,86.79,360.00,4.00,0.00,30.12,M,6.21,M,NCD,M,M,M,M,M,M,M,M,M,M,M,M,M,M,35.83,COR EGLL 210420Z AUTO 36004KT 9999 NCD 04/02 Q1020 NOSIG,M
EGLL,2026-03-21 04:50,39.20,35.60,86.79,360.00,3.00,0.00,30.12,M,6.21,M,NCD,M,M,M,M,M,M,M,M,M,M,M,M,M,M,36.92,COR EGLL 210450Z AUTO 36003KT 330V030 9999 NCD 04/02 Q1020 NOSIG,M
EGLL,2026-03-21 05:20,39.20,35.60,86.79,M,2.00,0.00,30.12,M,6.21,M,NCD,M,M,M,M,M,M,M,M,M,M,M,M,M,M,39.20,COR EGLL 210520Z AUTO VRB02KT 9999 NCD 04/02 Q1020 NOSIG,M
EGLL,2026-03-21 05:50,37.40,33.80,86.69,20.00,3.00,0.00,30.12,M,6.21,M,NCD,M,M,M,M,M,M,M,M,M,M,M,M,M,M,34.86,COR EGLL 210550Z AUTO 02003KT 9999 NCD 03/01 Q1020 NOSIG,M
EGLL,2026-03-21 06:20,37.40,33.80,86.69,10.00,3.00,0.00,30.12,M,6.21,M,NCD,M,M,M,M,M,M,M,M,M,M,M,M,M,M,34.86,COR EGLL 210620Z AUTO 01003KT 9999 NCD 03/01 Q1020 NOSIG,M
EGLL,2026-03-21 06:50,37.40,35.60,93.13,20.00,3.00,0.00,30.12,M,6.21,M,NCD,M,M,M,M,M,M,M,M,M,M,M,M,M,M,34.86,COR EGLL 210650Z AUTO 02003KT 350V050 9999 NCD 03/02 Q1020 NOSIG,M
EGLL,2026-03-21 07:20,39.20,37.40,93.19,M,2.00,0.00,30.12,M,6.21,M,NCD,M,M,M,M,M,M,M,M,M,M,M,M,M,M,39.20,COR EGLL 210720Z AUTO VRB02KT 9999 NCD 04/03 Q1020 NOSIG,M
EGLL,2026-03-21 07:50,41.00,37.40,86.89,10.00,3.00,0.00,30.12,M,6.21,M,NCD,M,M,M,M,M,M,M,M,M,M,M,M,M,M,38.98,EGLL 210750Z AUTO 01003KT 330V060 9999 NCD 05/03 Q1020,M
EGLL,2026-03-21 08:20,42.80,39.20,86.99,40.00,4.00,0.00,30.12,M,6.21,M,NCD,M,M,M,M,M,M,M,M,M,M,M,M,M,M,40.03,EGLL 210820Z AUTO 04004KT 340V090 9999 NCD 06/04 Q1020,M
EGLL,2026-03-21 08:50,44.60,39.20,81.20,40.00,5.00,0.00,30.12,M,6.21,M,NCD,M,M,M,M,M,M,M,M,M,M,M,M,M,M,41.36,COR EGLL 210850Z AUTO 04005KT 010V070 9999 NCD 07/04 Q1020 NOSIG,M
EGLL,2026-03-21 09:20,44.60,39.20,81.20,20.00,6.00,0.00,30.12,M,6.21,M,NCD,M,M,M,M,M,M,M,M,M,M,M,M,M,M,40.71,COR EGLL 210920Z AUTO 02006KT 340V070 9999 NCD 07/04 Q1020 NOSIG,M
EGLL,2026-03-21 09:50,46.40,35.60,65.82,40.00,6.00,0.00,30.12,M,6.21,M,NCD,M,M,M,M,M,M,M,M,M,M,M,M,M,M,42.87,COR EGLL 210950Z AUTO 04006KT 320V090 9999 NCD 08/02 Q1020 NOSIG,M
EGLL,2026-03-21 10:20,48.20,33.80,57.25,40.00,7.00,0.00,30.12,M,6.21,M,NCD,M,M,M,M,M,M,M,M,M,M,M,M,M,M,44.53,COR EGLL 211020Z AUTO 04007KT 010V090 9999 NCD 09/01 Q1020 NOSIG,M
EGLL,2026-03-21 10:50,50.00,30.20,46.29,70.00,8.00,0.00,30.12,M,6.21,M,NCD,M,M,M,M,M,M,M,M,M,M,M,M,M,M,50.00,COR EGLL 211050Z AUTO 07008KT 020V110 9999 NCD 10/M01 Q1020 NOSIG,M
EGLL,2026-03-21 11:20,50.00,28.40,43.01,50.00,6.00,0.00,30.12,M,6.21,M,NCD,M,M,M,M,M,M,M,M,M,M,M,M,M,M,50.00,COR EGLL 211120Z AUTO 05006KT 010V100 9999 NCD 10/M02 Q1020 NOSIG,M
EGLL,2026-03-21 11:50,51.80,28.40,40.23,80.00,9.00,0.00,30.12,M,6.21,M,NCD,M,M,M,M,M,M,M,M,M,M,M,M,M,M,51.80,COR EGLL 211150Z AUTO 08009KT 040V100 9999 NCD 11/M02 Q1020 NOSIG,M
EGLL,2026-03-21 12:20,53.60,26.60,34.97,60.00,7.00,0.00,30.09,M,6.21,M,NCD,M,M,M,M,M,M,M,M,M,M,M,M,M,M,53.60,COR EGLL 211220Z AUTO 06007KT 030V090 9999 NCD 12/M03 Q1019 NOSIG,M
EGLL,2026-03-21 12:50,53.60,24.80,32.45,70.00,8.00,0.00,30.09,M,6.21,M,NCD,M,M,M,M,M,M,M,M,M,M,M,M,M,M,53.60,COR EGLL 211250Z AUTO 07008KT 020V110 9999 NCD 12/M04 Q1019 NOSIG,M
EGLL,2026-03-21 13:20,55.40,24.80,30.39,80.00,6.00,0.00,30.09,M,6.21,M,NCD,M,M,M,M,M,M,M,M,M,M,M,M,M,M,55.40,COR EGLL 211320Z AUTO 08006KT 040V130 9999 NCD 13/M04 Q1019 NOSIG,M
EGLL,2026-03-21 13:50,55.40,26.60,32.75,90.00,8.00,0.00,30.06,M,6.21,M,NCD,M,M,M,M,M,M,M,M,M,M,M,M,M,M,55.40,COR EGLL 211350Z AUTO 09008KT 030V130 9999 NCD 13/M03 Q1018 NOSIG,M
EGLL,2026-03-21 14:20,55.40,24.80,30.39,90.00,7.00,0.00,30.06,M,6.21,M,NCD,M,M,M,M,M,M,M,M,M,M,M,M,M,M,55.40,COR EGLL 211420Z AUTO 09007KT 050V130 9999 NCD 13/M04 Q1018 NOSIG,M
EGLL,2026-03-21 14:50,57.20,23.00,26.40,90.00,6.00,0.00,30.06,M,6.21,M,NCD,M,M,M,M,M,M,M,M,M,M,M,M,M,M,57.20,COR EGLL 211450Z AUTO 09006KT 040V140 9999 NCD 14/M05 Q1018 NOSIG,M
EGLL,2026-03-21 15:20,57.20,23.00,26.40,70.00,6.00,0.00,30.06,M,6.21,M,NCD,M,M,M,M,M,M,M,M,M,M,M,M,M,M,57.20,COR EGLL 211520Z AUTO 07006KT 030V090 9999 NCD 14/M05 Q1018 NOSIG,M
EGLL,2026-03-21 15:50,57.20,24.80,28.47,40.00,5.00,0.00,30.06,M,6.21,M,NCD,M,M,M,M,M,M,M,M,M,M,M,M,M,M,57.20,COR EGLL 211550Z AUTO 04005KT 350V080 9999 NCD 14/M04 Q1018 NOSIG,M
EGLL,2026-03-21 16:20,55.40,26.60,32.75,60.00,7.00,0.00,30.03,M,6.21,M,NCD,M,M,M,M,M,M,M,M,M,M,M,M,M,M,55.40,COR EGLL 211620Z AUTO 06007KT 030V100 9999 NCD 13/M03 Q1017 NOSIG,M
EGLL,2026-03-21 16:50,55.40,24.80,30.39,50.00,7.00,0.00,30.03,M,6.21,M,NCD,M,M,M,M,M,M,M,M,M,M,M,M,M,M,55.40,COR EGLL 211650Z AUTO 05007KT 9999 NCD 13/M04 Q1017 NOSIG,M
EGLL,2026-03-21 17:20,55.40,26.60,32.75,60.00,7.00,0.00,30.03,M,6.21,M,NCD,M,M,M,M,M,M,M,M,M,M,M,M,M,M,55.40,COR EGLL 211720Z AUTO 06007KT 030V090 9999 NCD 13/M03 Q1017 NOSIG,M
EGLL,2026-03-21 17:50,53.60,28.40,37.66,60.00,5.00,0.00,30.03,M,6.21,M,NCD,M,M,M,M,M,M,M,M,M,M,M,M,M,M,53.60,COR EGLL 211750Z AUTO 06005KT 9999 NCD 12/M02 Q1017 NOSIG,M
EGLL,2026-03-21 18:20,53.60,26.60,34.97,40.00,5.00,0.00,30.06,M,6.21,M,NCD,M,M,M,M,M,M,M,M,M,M,M,M,M,M,53.60,COR EGLL 211820Z AUTO 04005KT 9999 NCD 12/M03 Q1018 NOSIG,M
EGLL,2026-03-21 18:50,51.80,28.40,40.23,40.00,4.00,0.00,30.06,M,6.21,M,NCD,M,M,M,M,M,M,M,M,M,M,M,M,M,M,51.80,COR EGLL 211850Z AUTO 04004KT 9999 NCD 11/M02 Q1018 NOSIG,M
EGLL,2026-03-21 19:20,51.80,28.40,40.23,10.00,3.00,0.00,30.06,M,6.21,M,NCD,M,M,M,M,M,M,M,M,M,M,M,M,M,M,51.80,COR EGLL 211920Z AUTO 01003KT 330V040 9999 NCD 11/M02 Q1018 NOSIG,M
EGLL,2026-03-21 19:50,50.00,28.40,43.01,30.00,3.00,0.00,30.06,M,6.21,M,NCD,M,M,M,M,M,M,M,M,M,M,M,M,M,M,50.00,COR EGLL 211950Z AUTO 03003KT 350V050 9999 NCD 10/M02 Q1018 NOSIG,M
EGLL,2026-03-21 20:20,48.20,32.00,53.25,80.00,3.00,0.00,30.06,M,6.21,M,NCD,M,M,M,M,M,M,M,M,M,M,M,M,M,M,47.21,COR EGLL 212020Z AUTO 08003KT 030V120 9999 NCD 09/00 Q1018 NOSIG,M
EGLL,2026-03-21 20:50,46.40,35.60,65.82,100.00,3.00,0.00,30.06,M,6.21,M,NCD,M,M,M,M,M,M,M,M,M,M,M,M,M,M,45.15,COR EGLL 212050Z AUTO 10003KT 9999 NCD 08/02 Q1018 NOSIG,M
EGLL,2026-03-21 21:20,46.40,35.60,65.82,130.00,6.00,0.00,30.06,M,6.21,M,NCD,M,M,M,M,M,M,M,M,M,M,M,M,M,M,42.87,COR EGLL 212120Z AUTO 13006KT 9999 NCD 08/02 Q1018 NOSIG,M
EGLL,2026-03-21 21:50,42.80,33.80,70.27,110.00,5.00,0.00,30.06,M,6.21,M,NCD,M,M,M,M,M,M,M,M,M,M,M,M,M,M,39.22,COR EGLL 212150Z AUTO 11005KT 9999 NCD 06/01 Q1018 NOSIG,M
EGLL,2026-03-21 22:20,42.80,37.40,81.06,110.00,4.00,0.00,30.06,M,6.21,M,NCD,M,M,M,M,M,M,M,M,M,M,M,M,M,M,40.03,COR EGLL 212220Z AUTO 11004KT 9999 NCD 06/03 Q1018 NOSIG,M
EGLL,2026-03-21 22:50,41.00,37.40,86.89,110.00,4.00,0.00,30.06,M,6.21,M,NCD,M,M,M,M,M,M,M,M,M,M,M,M,M,M,37.93,COR EGLL 212250Z AUTO 11004KT 9999 NCD 05/03 Q1018 NOSIG,M
EGLL,2026-03-21 23:20,41.00,35.60,80.92,90.00,4.00,0.00,30.06,M,6.21,M,NCD,M,M,M,M,M,M,M,M,M,M,M,M,M,M,37.93,COR EGLL 212320Z AUTO 09004KT 9999 NCD 05/02 Q1018 NOSIG,M
EGLL,2026-03-21 23:50,39.20,37.40,93.19,90.00,4.00,0.00,30.03,M,6.21,M,NCD,M,M,M,M,M,M,M,M,M,M,M,M,M,M,35.83,COR EGLL 212350Z AUTO 09004KT 9999 NCD 04/03 Q1017 NOSIG,M
EGLL,2026-03-22 00:20,41.00,37.40,86.89,90.00,1.00,0.00,30.03,M,6.21,M,NCD,M,M,M,M,M,M,M,M,M,M,M,M,M,M,41.00,COR EGLL 220020Z AUTO 09001KT 9999 NCD 05/03 Q1017 NOSIG,M
EGLL,2026-03-22 00:50,41.00,37.40,86.89,60.00,3.00,0.00,30.03,M,6.21,M,NCD,M,M,M,M,M,M,M,M,M,M,M,M,M,M,38.98,COR EGLL 220050Z AUTO 06003KT 9999 NCD 05/03 Q1017 NOSIG,M
EGLL,2026-03-22 01:20,39.20,37.40,93.19,60.00,2.00,0.00,30.03,M,6.21,M,NCD,M,M,M,M,M,M,M,M,M,M,M,M,M,M,39.20,COR EGLL 220120Z AUTO 06002KT 9999 NCD 04/03 Q1017 TEMPO 3500 BR BKN006,M
EGLL,2026-03-22 01:50,39.20,37.40,93.19,30.00,2.00,0.00,30.03,M,6.21,M,NCD,M,M,M,M,M,M,M,M,M,M,M,M,M,M,39.20,COR EGLL 220150Z AUTO 03002KT 9999 NCD 04/03 Q1017 TEMPO 3500 BR BKN006,M
EGLL,2026-03-22 02:20,39.20,35.60,86.79,340.00,3.00,0.00,30.03,M,6.21,M,NCD,M,M,M,M,M,M,M,M,M,M,M,M,M,M,36.92,COR EGLL 220220Z AUTO 34003KT 9999 NCD 04/02 Q1017 TEMPO 3500 BR BKN006,M
EGLL,2026-03-22 02:50,39.20,35.60,86.79,10.00,3.00,0.00,30.03,M,6.21,M,NCD,M,M,M,M,M,M,M,M,M,M,M,M,M,M,36.92,COR EGLL 220250Z AUTO 01003KT 9999 NCD 04/02 Q1017 TEMPO 3500 BR BKN006,M
EGLL,2026-03-22 03:20,37.40,35.60,93.13,20.00,3.00,0.00,30.03,M,6.21,M,NCD,M,M,M,M,M,M,M,M,M,M,M,M,M,M,34.86,COR EGLL 220320Z AUTO 02003KT 340V040 9999 NCD 03/02 Q1017 TEMPO 3500 BR BKN006,M
EGLL,2026-03-22 03:50,39.20,35.60,86.79,30.00,1.00,0.00,30.03,M,6.21,M,NCD,M,M,M,M,M,M,M,M,M,M,M,M,M,M,39.20,COR EGLL 220350Z AUTO 03001KT 9999 NCD 04/02 Q1017 TEMPO 3500 BR BKN006,M
EGLL,2026-03-22 04:20,37.40,35.60,93.13,M,2.00,0.00,30.03,M,6.21,M,NCD,M,M,M,M,M,M,M,M,M,M,M,M,M,M,37.40,COR EGLL 220420Z AUTO VRB02KT 9999 NCD 03/02 Q1017 TEMPO 3500 BR BKN006,M
EGLL,2026-03-22 04:50,37.40,33.80,86.69,50.00,1.00,0.00,30.03,M,6.21,M,NCD,M,M,M,M,M,M,M,M,M,M,M,M,M,M,37.40,COR EGLL 220450Z AUTO 05001KT 9999 NCD 03/01 Q1017 TEMPO 3500 BR BKN006,M
EGLL,2026-03-22 05:20,35.60,32.00,86.58,30.00,2.00,0.00,30.00,M,6.21,M,NCD,M,M,M,M,M,M,M,M,M,M,M,M,M,M,35.60,COR EGLL 220520Z AUTO 03002KT 9999 NCD 02/00 Q1016 TEMPO 3500 BR BKN004,M
EGLL,2026-03-22 05:50,37.40,35.60,93.13,M,2.00,0.00,30.00,M,6.21,M,FEW,M,M,M,400.00,M,M,M,M,M,M,M,M,M,M,37.40,COR EGLL 220550Z AUTO VRB02KT 9999 FEW004 03/02 Q1016 TEMPO 3500 BR BKN004,M
EGLL,2026-03-22 06:20,35.60,33.80,93.08,M,1.00,0.00,30.00,M,6.21,M,FEW,M,M,M,500.00,M,M,M,M,M,M,M,M,M,M,35.60,COR EGLL 220620Z AUTO VRB01KT 9999 FEW005 02/01 Q1016 TEMPO BKN005,M
EGLL,2026-03-22 06:50,35.60,33.80,93.08,60.00,5.00,0.00,30.03,M,4.35,M,BKN,M,M,M,600.00,M,M,M,M,M,M,M,M,M,M,30.67,COR EGLL 220650Z AUTO 06005KT 030V090 7000 BKN006 02/01 Q1017 TEMPO 3000 BR BKN004,M
EGLL,2026-03-22 07:20,37.40,35.60,93.13,350.00,3.00,0.00,30.03,M,0.31,M,BKN,OVC,M,M,100.00,300.00,M,M,FG,M,M,M,M,M,M,34.86,COR EGLL 220720Z 35003KT 310V050 0500 R09L/1500D R09R/P1500N FG BKN001 OVC003 03/02 Q1017 TEMPO 1200 BR SCT001,M
EGLL,2026-03-22 07:50,37.40,37.40,100.00,40.00,5.00,0.00,30.03,M,0.19,M,OVC,M,M,M,0.00,M,M,M,FG,M,M,M,M,M,M,32.81,COR EGLL 220750Z 04005KT 350V070 0300 R09L/0700N R09R/0800N FG OVC000 03/03 Q1017 BECMG 9999 NSW SCT004,M
EGLL,2026-03-22 08:20,37.40,37.40,100.00,20.00,4.00,0.00,30.03,M,0.25,M,OVC,M,M,M,0.00,M,M,M,FG,M,M,M,M,M,M,33.73,COR EGLL 220820Z 02004KT 330V060 0400 R09L/0750N R09R/0800N FG OVC000 03/03 Q1017 BECMG 9999 NSW SCT004,M
EGLL,2026-03-22 08:50,39.20,37.40,93.19,M,3.00,0.00,30.03,M,1.24,M,OVC,M,M,M,200.00,M,M,M,BR,M,M,M,M,M,M,36.92,COR EGLL 220850Z VRB03KT 2000 BR OVC002 04/03 Q1017 BECMG 9999 NSW FEW005,M
EGLL,2026-03-22 09:20,41.00,39.20,93.24,M,2.00,0.00,30.03,M,4.97,M,BKN,M,M,M,600.00,M,M,M,M,M,M,M,M,M,M,41.00,COR EGLL 220920Z AUTO VRB02KT 8000 BKN006 05/04 Q1017 BECMG 9999 FEW008,M
EGLL,2026-03-22 09:50,42.80,39.20,86.99,M,2.00,0.00,30.03,M,6.21,M,BKN,M,M,M,800.00,M,M,M,M,M,M,M,M,M,M,42.80,COR EGLL 220950Z AUTO VRB02KT 9999 BKN008 06/04 Q1017 BECMG FEW014,M
EGLL,2026-03-22 10:20,44.60,37.40,75.67,70.00,4.00,0.00,30.03,M,6.21,M,BKN,M,M,M,1100.00,M,M,M,M,M,M,M,M,M,M,42.13,COR EGLL 221020Z AUTO 07004KT 020V100 9999 BKN011 07/03 Q1017 BECMG FEW014,M
EGLL,2026-03-22 10:50,46.40,39.20,75.84,120.00,5.00,0.00,30.03,M,6.21,M,FEW,M,M,M,1500.00,M,M,M,M,M,M,M,M,M,M,43.50,COR EGLL 221050Z 12005KT 040V210 9999 FEW015 08/04 Q1017 NOSIG,M
EGLL,2026-03-22 11:20,48.20,39.20,70.87,M,3.00,0.00,30.03,M,6.21,M,NCD,M,M,M,M,M,M,M,M,M,M,M,M,M,M,47.21,COR EGLL 221120Z AUTO VRB03KT 9999 NCD 09/04 Q1017 NOSIG,M
EGLL,2026-03-22 11:50,50.00,37.40,61.75,M,3.00,0.00,30.03,M,6.21,M,NCD,M,M,M,M,M,M,M,M,M,M,M,M,M,M,50.00,COR EGLL 221150Z AUTO VRB03KT 9999 NCD 10/03 Q1017 NOSIG,M
EGLL,2026-03-22 12:20,51.80,37.40,57.76,M,3.00,0.00,30.00,M,6.21,M,NCD,M,M,M,M,M,M,M,M,M,M,M,M,M,M,51.80,COR EGLL 221220Z AUTO VRB03KT 9999 NCD 11/03 Q1016 NOSIG,M
EGLL,2026-03-22 12:50,51.80,37.40,57.76,180.00,3.00,0.00,30.00,M,6.21,M,NCD,M,M,M,M,M,M,M,M,M,M,M,M,M,M,51.80,COR EGLL 221250Z AUTO 18003KT 070V230 9999 NCD 11/03 Q1016 NOSIG,M
EGLL,2026-03-22 13:20,51.80,35.60,53.80,280.00,3.00,0.00,30.00,M,6.21,M,NCD,M,M,M,M,M,M,M,M,M,M,M,M,M,M,51.80,COR EGLL 221320Z AUTO 28003KT 210V320 9999 NCD 11/02 Q1016 NOSIG,M
EGLL,2026-03-22 13:50,53.60,37.40,54.07,M,4.00,0.00,30.00,M,6.21,M,M,M,M,M,M,M,M,M,M,M,M,M,M,M,M,53.60,COR EGLL 221350Z VRB04KT CAVOK 12/03 Q1016 NOSIG,M
EGLL,2026-03-22 14:20,53.60,33.80,46.87,30.00,3.00,0.00,30.00,M,6.21,M,M,M,M,M,M,M,M,M,M,M,M,M,M,M,M,53.60,COR EGLL 221420Z 03003KT 310V090 CAVOK 12/01 Q1016 NOSIG,M
EGLL,2026-03-22 14:50,53.60,33.80,46.87,M,2.00,0.00,29.97,M,6.21,M,NCD,M,M,M,M,M,M,M,M,M,M,M,M,M,M,53.60,COR EGLL 221450Z AUTO VRB02KT 9999 NCD 12/01 Q1015 NOSIG,M
EGLL,2026-03-22 15:20,53.60,33.80,46.87,310.00,4.00,0.00,29.97,M,6.21,M,NCD,M,M,M,M,M,M,M,M,M,M,M,M,M,M,53.60,COR EGLL 221520Z AUTO 31004KT 270V350 9999 NCD 12/01 Q1015 NOSIG,M
EGLL,2026-03-22 15:50,53.60,35.60,50.35,340.00,3.00,0.00,29.97,M,6.21,M,NCD,M,M,M,M,M,M,M,M,M,M,M,M,M,M,53.60,COR EGLL 221550Z AUTO 34003KT 280V030 9999 NCD 12/02 Q1015 NOSIG,M
EGLL,2026-03-22 16:20,53.60,33.80,46.87,320.00,5.00,0.00,30.00,M,6.21,M,NCD,M,M,M,M,M,M,M,M,M,M,M,M,M,M,53.60,COR EGLL 221620Z AUTO 32005KT 280V360 9999 NCD 12/01 Q1016 NOSIG,M
EGLL,2026-03-22 16:50,53.60,33.80,46.87,320.00,5.00,0.00,30.00,M,6.21,M,NCD,M,M,M,M,M,M,M,M,M,M,M,M,M,M,53.60,COR EGLL 221650Z AUTO 32005KT 290V350 9999 NCD 12/01 Q1016 NOSIG,M
EGLL,2026-03-22 17:20,53.60,32.00,43.60,360.00,4.00,0.00,30.00,M,6.21,M,NCD,M,M,M,M,M,M,M,M,M,M,M,M,M,M,53.60,COR EGLL 221720Z AUTO 36004KT 320V030 9999 NCD 12/M00 Q1016 NOSIG,M
EGLL,2026-03-22 17:50,53.60,33.80,46.87,M,2.00,0.00,30.00,M,6.21,M,NCD,M,M,M,M,M,M,M,M,M,M,M,M,M,M,53.60,COR EGLL 221750Z AUTO VRB02KT 9999 NCD 12/01 Q1016 NOSIG,M
EGLL,2026-03-22 18:20,53.60,33.80,46.87,10.00,3.00,0.00,30.00,M,6.21,M,NCD,M,M,M,M,M,M,M,M,M,M,M,M,M,M,53.60,COR EGLL 221820Z AUTO 01003KT 330V060 9999 NCD 12/01 Q1016 NOSIG,M
EGLL,2026-03-22 18:50,51.80,28.40,40.23,350.00,3.00,0.00,30.00,M,6.21,M,NCD,M,M,M,M,M,M,M,M,M,M,M,M,M,M,51.80,COR EGLL 221850Z AUTO 35003KT 320V040 9999 NCD 11/M02 Q1016 NOSIG,M
EGLL,2026-03-22 19:20,53.60,28.40,37.66,340.00,3.00,0.00,30.03,M,6.21,M,NCD,M,M,M,M,M,M,M,M,M,M,M,M,M,M,53.60,COR EGLL 221920Z AUTO 34003KT 310V010 9999 NCD 12/M02 Q1017 NOSIG,M
EGLL,2026-03-22 19:50,51.80,30.20,43.30,10.00,3.00,0.00,30.03,M,6.21,M,NCD,M,M,M,M,M,M,M,M,M,M,M,M,M,M,51.80,COR EGLL 221950Z AUTO 01003KT 340V070 9999 NCD 11/M01 Q1017 NOSIG,M
EGLL,2026-03-22 20:20,51.80,32.00,46.58,360.00,3.00,0.00,30.03,M,6.21,M,NCD,M,M,M,M,M,M,M,M,M,M,M,M,M,M,51.80,COR EGLL 222020Z AUTO 36003KT 330V040 9999 NCD 11/00 Q1017 NOSIG,M
EGLL,2026-03-22 20:50,51.80,33.80,50.07,350.00,3.00,0.00,30.06,M,6.21,M,NCD,M,M,M,M,M,M,M,-RA,M,M,M,M,M,M,51.80,COR EGLL 222050Z AUTO 35003KT 9999 -RA NCD 11/01 Q1018 NOSIG,M
EGLL,2026-03-22 21:20,50.00,33.80,53.52,M,2.00,0.00,30.03,M,6.21,M,NCD,M,M,M,M,M,M,M,M,M,M,M,M,M,M,50.00,COR EGLL 222120Z AUTO VRB02KT 9999 NCD 10/01 Q1017 NOSIG,M
EGLL,2026-03-22 21:50,50.00,35.60,57.51,M,2.00,0.00,30.03,M,6.21,M,NCD,M,M,M,M,M,M,M,M,M,M,M,M,M,M,50.00,COR EGLL 222150Z AUTO VRB02KT 9999 NCD 10/02 Q1017 NOSIG,M
EGLL,2026-03-22 22:20,48.20,35.60,61.50,M,2.00,0.00,30.06,M,6.21,M,NCD,M,M,M,M,M,M,M,M,M,M,M,M,M,M,48.20,COR EGLL 222220Z AUTO VRB02KT 9999 NCD 09/02 Q1018 NOSIG,M
EGLL,2026-03-22 22:50,48.20,35.60,61.50,340.00,4.00,0.00,30.06,M,6.21,M,NCD,M,M,M,M,M,M,M,M,M,M,M,M,M,M,46.34,COR EGLL 222250Z AUTO 34004KT 320V020 9999 NCD 09/02 Q1018 NOSIG,M
EGLL,2026-03-22 23:20,46.40,35.60,65.82,360.00,4.00,0.00,30.06,M,6.21,M,NCD,M,M,M,M,M,M,M,M,M,M,M,M,M,M,44.24,COR EGLL 222320Z AUTO 36004KT 9999 NCD 08/02 Q1018 NOSIG,M
EGLL,2026-03-22 23:50,44.60,33.80,65.59,10.00,4.00,0.00,30.06,M,6.21,M,NCD,M,M,M,M,M,M,M,M,M,M,M,M,M,M,42.13,COR EGLL 222350Z AUTO 01004KT 9999 NCD 07/01 Q1018 NOSIG,M
EGLL,2026-03-23 00:20,46.40,35.60,65.82,350.00,3.00,0.00,30.09,M,6.21,M,BKN,M,M,M,3700.00,M,M,M,M,M,M,M,M,M,M,45.15,COR EGLL 230020Z AUTO 35003KT 9999 BKN037 08/02 Q1019 NOSIG,M
EGLL,2026-03-23 00:50,46.40,35.60,65.82,350.00,3.00,0.00,30.09,M,6.21,M,OVC,M,M,M,3800.00,M,M,M,M,M,M,M,M,M,M,45.15,COR EGLL 230050Z AUTO 35003KT 320V030 9999 OVC038 08/02 Q1019 NOSIG,M
EGLL,2026-03-23 01:20,46.40,35.60,65.82,360.00,3.00,0.00,30.09,M,6.21,M,BKN,M,M,M,3700.00,M,M,M,M,M,M,M,M,M,M,45.15,COR EGLL 230120Z AUTO 36003KT 9999 BKN037 08/02 Q1019 NOSIG,M
EGLL,2026-03-23 01:50,44.60,33.80,65.59,M,2.00,0.00,30.06,M,6.21,M,NCD,M,M,M,M,M,M,M,M,M,M,M,M,M,M,44.60,COR EGLL 230150Z AUTO VRB02KT 9999 NCD 07/01 Q1018 NOSIG,M
EGLL,2026-03-23 02:20,42.80,32.00,65.36,300.00,3.00,0.00,30.06,M,6.21,M,NCD,M,M,M,M,M,M,M,M,M,M,M,M,M,M,41.03,COR EGLL 230220Z AUTO 30003KT 9999 NCD 06/00 Q1018 NOSIG,M
EGLL,2026-03-23 02:50,42.80,33.80,70.27,320.00,3.00,0.00,30.06,M,6.21,M,NCD,M,M,M,M,M,M,M,M,M,M,M,M,M,M,41.03,COR EGLL 230250Z AUTO 32003KT 9999 NCD 06/01 Q1018 NOSIG,M
EGLL,2026-03-23 03:20,42.80,32.00,65.36,310.00,1.00,0.00,30.09,M,6.21,M,NCD,M,M,M,M,M,M,M,M,M,M,M,M,M,M,42.80,COR EGLL 230320Z AUTO 31001KT 9999 NCD 06/00 Q1019 NOSIG,M
EGLL,2026-03-23 03:50,42.80,32.00,65.36,320.00,1.00,0.00,30.09,M,6.21,M,NCD,M,M,M,M,M,M,M,M,M,M,M,M,M,M,42.80,COR EGLL 230350Z AUTO 32001KT 9999 NCD 06/00 Q1019 NOSIG,M
EGLL,2026-03-23 04:20,41.00,32.00,70.06,290.00,3.00,0.00,30.09,M,6.21,M,NCD,M,M,M,M,M,M,M,M,M,M,M,M,M,M,38.98,COR EGLL 230420Z AUTO 29003KT 9999 NCD 05/00 Q1019 NOSIG,M
EGLL,2026-03-23 04:50,42.80,33.80,70.27,340.00,3.00,0.00,30.09,M,6.21,M,NCD,M,M,M,M,M,M,M,M,M,M,M,M,M,M,41.03,COR EGLL 230450Z AUTO 34003KT 300V040 9999 NCD 06/01 Q1019 NOSIG,M
EGLL,2026-03-23 05:20,41.00,35.60,80.92,310.00,2.00,0.00,30.09,M,6.21,M,NCD,M,M,M,M,M,M,M,M,M,M,M,M,M,M,41.00,COR EGLL 230520Z AUTO 31002KT 9999 NCD 05/02 Q1019 NOSIG,M
EGLL,2026-03-23 05:50,41.00,35.60,80.92,300.00,3.00,0.00,30.12,M,6.21,M,NCD,M,M,M,M,M,M,M,M,M,M,M,M,M,M,38.98,COR EGLL 230550Z AUTO 30003KT 9999 NCD 05/02 Q1020 TEMPO 3000 BR,M
EGLL,2026-03-23 06:20,42.80,37.40,81.06,M,1.00,0.00,30.12,M,6.21,M,NCD,M,M,M,M,M,M,M,M,M,M,M,M,M,M,42.80,COR EGLL 230620Z AUTO VRB01KT 9999 NCD 06/03 Q1020 TEMPO 3000 BR,M
EGLL,2026-03-23 06:50,42.80,39.20,86.99,270.00,1.00,0.00,30.12,M,5.59,M,NCD,M,M,M,M,M,M,M,M,M,M,M,M,M,M,42.80,COR EGLL 230650Z AUTO 27001KT 9000 NCD 06/04 Q1020 TEMPO 3000 BR,M
EGLL,2026-03-23 07:20,44.60,39.20,81.20,M,1.00,0.00,30.12,M,4.97,M,NCD,M,M,M,M,M,M,M,M,M,M,M,M,M,M,44.60,COR EGLL 230720Z AUTO VRB01KT 8000 NCD 07/04 Q1020 NOSIG,M
EGLL,2026-03-23 07:50,44.60,39.20,81.20,M,1.00,0.00,30.15,M,4.35,M,NCD,M,M,M,M,M,M,M,M,M,M,M,M,M,M,44.60,COR EGLL 230750Z AUTO VRB01KT 7000 NCD 07/04 Q1021 NOSIG,M
EGLL,2026-03-23 08:20,46.40,41.00,81.33,M,1.00,0.00,30.15,M,4.35,M,NCD,M,M,M,M,M,M,M,M,M,M,M,M,M,M,46.40,COR EGLL 230820Z AUTO VRB01KT 7000 NCD 08/05 Q1021 NOSIG,M
EGLL,2026-03-23 08:50,46.40,41.00,81.33,M,1.00,0.00,30.15,M,4.35,M,NCD,M,M,M,M,M,M,M,M,M,M,M,M,M,M,46.40,COR EGLL 230850Z AUTO VRB01KT 7000 NCD 08/05 Q1021 NOSIG,M
EGLL,2026-03-23 09:20,48.20,42.80,81.47,M,3.00,0.00,30.15,M,4.35,M,NCD,M,M,M,M,M,M,M,M,M,M,M,M,M,M,47.21,COR EGLL 230920Z AUTO VRB03KT 7000 NCD 09/06 Q1021 NOSIG,M
EGLL,2026-03-23 09:50,50.00,42.80,76.17,170.00,3.00,0.00,30.15,M,4.97,M,NCD,M,M,M,M,M,M,M,M,M,M,M,M,M,M,50.00,COR EGLL 230950Z AUTO 17003KT 130V230 8000 NCD 10/06 Q1021 NOSIG,M
EGLL,2026-03-23 10:20,50.00,42.80,76.17,150.00,3.00,0.00,30.15,M,4.97,M,NCD,M,M,M,M,M,M,M,M,M,M,M,M,M,M,50.00,COR EGLL 231020Z AUTO 15003KT 060V220 8000 NCD 10/06 Q1021 NOSIG,M
EGLL,2026-03-23 10:50,51.80,42.80,71.26,160.00,5.00,0.00,30.15,M,6.21,M,NCD,M,M,M,M,M,M,M,M,M,M,M,M,M,M,51.80,COR EGLL 231050Z AUTO 16005KT 120V200 9999 NCD 11/06 Q1021 NOSIG,M
EGLL,2026-03-23 11:20,53.60,41.00,62.22,140.00,4.00,0.00,30.15,M,4.97,M,NCD,M,M,M,M,M,M,M,M,M,M,M,M,M,M,53.60,COR EGLL 231120Z AUTO 14004KT 100V190 8000 NCD 12/05 Q1021 NOSIG,M
EGLL,2026-03-23 11:50,55.40,42.80,62.46,180.00,5.00,0.00,30.15,M,6.21,15.00,NCD,M,M,M,M,M,M,M,-RA,M,M,M,M,M,M,55.40,COR EGLL 231150Z AUTO 18005G15KT 120V230 9999 -RA NCD 13/06 Q1021 NOSIG,M
EGLL,2026-03-23 12:20,55.40,42.80,62.46,200.00,5.00,0.00,30.15,M,6.21,M,NCD,M,M,M,M,M,M,M,M,M,M,M,M,M,M,55.40,COR EGLL 231220Z AUTO 20005KT 150V260 9999 NCD 13/06 Q1021 NOSIG,M
EGLL,2026-03-23 12:50,57.20,41.00,54.60,220.00,5.00,0.00,30.15,M,6.21,M,NCD,M,M,M,M,M,M,M,M,M,M,M,M,M,M,57.20,COR EGLL 231250Z AUTO 22005KT 170V250 9999 NCD 14/05 Q1021 NOSIG,M
EGLL,2026-03-23 13:20,57.20,41.00,54.60,210.00,6.00,0.00,30.15,M,6.21,M,NCD,M,M,M,M,M,M,M,-RA,M,M,M,M,M,M,57.20,COR EGLL 231320Z AUTO 21006KT 180V260 9999 NCD 14/05 Q1021 NOSIG,M
EGLL,2026-03-23 13:50,59.00,41.00,51.18,240.00,7.00,0.00,30.12,M,6.21,M,NCD,M,M,M,M,M,M,M,M,M,M,M,M,M,M,59.00,COR EGLL 231350Z AUTO 24007KT 170V270 9999 NCD 15/05 Q1020 NOSIG,M
EGLL,2026-03-23 14:20,59.00,39.20,47.72,270.00,5.00,0.00,30.12,M,6.21,M,FEW,M,M,M,4300.00,M,M,M,M,M,M,M,M,M,M,59.00,COR EGLL 231420Z AUTO 27005KT 210V310 9999 FEW043 15/04 Q1020 NOSIG,M
EGLL,2026-03-23 14:50,59.00,41.00,51.18,310.00,4.00,0.00,30.12,M,6.21,M,NCD,M,M,M,M,M,M,M,M,M,M,M,M,M,M,59.00,COR EGLL 231450Z AUTO 31004KT 270V020 9999 NCD 15/05 Q1020 NOSIG,M
EGLL,2026-03-23 15:20,59.00,39.20,47.72,270.00,6.00,0.00,30.12,M,6.21,M,NCD,M,M,M,M,M,M,M,M,M,M,M,M,M,M,59.00,COR EGLL 231520Z AUTO 27006KT 240V300 9999 NCD 15/04 Q1020 NOSIG,M
EGLL,2026-03-23 15:50,59.00,39.20,47.72,230.00,8.00,0.00,30.12,M,6.21,M,NCD,M,M,M,M,M,M,M,M,M,M,M,M,M,M,59.00,COR EGLL 231550Z AUTO 23008KT 9999 NCD 15/04 Q1020 NOSIG,M
EGLL,2026-03-23 16:20,59.00,41.00,51.18,230.00,11.00,0.00,30.12,M,6.21,M,NCD,M,M,M,M,M,M,M,M,M,M,M,M,M,M,59.00,COR EGLL 231620Z AUTO 23011KT 9999 NCD 15/05 Q1020 NOSIG,M
EGLL,2026-03-23 16:50,57.20,41.00,54.60,250.00,11.00,0.00,30.12,M,6.21,M,NCD,M,M,M,M,M,M,M,M,M,M,M,M,M,M,57.20,COR EGLL 231650Z AUTO 25011KT 9999 NCD 14/05 Q1020 NOSIG,M
EGLL,2026-03-23 17:20,57.20,42.80,58.52,250.00,11.00,0.00,30.12,M,6.21,M,NCD,M,M,M,M,M,M,M,M,M,M,M,M,M,M,57.20,COR EGLL 231720Z AUTO 25011KT 9999 NCD 14/06 Q1020 NOSIG,M
EGLL,2026-03-23 17:50,57.20,42.80,58.52,270.00,9.00,0.00,30.12,M,6.21,M,NCD,M,M,M,M,M,M,M,M,M,M,M,M,M,M,57.20,COR EGLL 231750Z AUTO 27009KT 9999 NCD 14/06 Q1020 NOSIG,M
EGLL,2026-03-23 18:20,57.20,42.80,58.52,250.00,9.00,0.00,30.12,M,6.21,M,NCD,M,M,M,M,M,M,M,M,M,M,M,M,M,M,57.20,COR EGLL 231820Z AUTO 25009KT 9999 NCD 14/06 Q1020 NOSIG,M
EGLL,2026-03-23 18:50,57.20,42.80,58.52,240.00,7.00,0.00,30.12,M,6.21,M,NCD,M,M,M,M,M,M,M,M,M,M,M,M,M,M,57.20,COR EGLL 231850Z AUTO 24007KT 9999 NCD 14/06 Q1020 NOSIG,M
EGLL,2026-03-23 19:20,55.40,42.80,62.46,220.00,11.00,0.00,30.09,M,6.21,M,NCD,M,M,M,M,M,M,M,M,M,M,M,M,M,M,55.40,COR EGLL 231920Z AUTO 22011KT 180V250 9999 NCD 13/06 Q1019 NOSIG,M
EGLL,2026-03-23 19:50,53.60,42.80,66.70,220.00,10.00,0.00,30.12,M,6.21,M,NCD,M,M,M,M,M,M,M,M,M,M,M,M,M,M,53.60,COR EGLL 231950Z AUTO 22010KT 9999 NCD 12/06 Q1020 NOSIG,M
EGLL,2026-03-23 20:20,53.60,42.80,66.70,230.00,10.00,0.00,30.12,M,6.21,M,NCD,M,M,M,M,M,M,M,M,M,M,M,M,M,M,53.60,COR EGLL 232020Z AUTO 23010KT 9999 NCD 12/06 Q1020 NOSIG,M
EGLL,2026-03-23 20:50,51.80,42.80,71.26,220.00,10.00,0.00,30.12,M,6.21,M,NCD,M,M,M,M,M,M,M,M,M,M,M,M,M,M,51.80,COR EGLL 232050Z AUTO 22010KT 190V250 9999 NCD 11/06 Q1020 NOSIG,M
EGLL,2026-03-23 21:20,51.80,42.80,71.26,230.00,8.00,0.00,30.12,M,6.21,M,NCD,M,M,M,M,M,M,M,M,M,M,M,M,M,M,51.80,COR EGLL 232120Z AUTO 23008KT 9999 NCD 11/06 Q1020 NOSIG,M
EGLL,2026-03-23 21:50,50.00,42.80,76.17,230.00,10.00,0.00,30.12,M,6.21,M,NCD,M,M,M,M,M,M,M,M,M,M,M,M,M,M,50.00,COR EGLL 232150Z AUTO 23010KT 9999 NCD 10/06 Q1020 NOSIG,M
EGLL,2026-03-23 22:20,50.00,42.80,76.17,220.00,10.00,0.00,30.09,M,6.21,M,NCD,M,M,M,M,M,M,M,M,M,M,M,M,M,M,50.00,COR EGLL 232220Z AUTO 22010KT 190V250 9999 NCD 10/06 Q1019 NOSIG,M
EGLL,2026-03-23 22:50,50.00,41.00,71.06,220.00,8.00,0.00,30.09,M,6.21,M,NCD,M,M,M,M,M,M,M,M,M,M,M,M,M,M,50.00,COR EGLL 232250Z AUTO 22008KT 9999 NCD 10/05 Q1019 NOSIG,M
EGLL,2026-03-23 23:20,50.00,41.00,71.06,210.00,8.00,0.00,30.09,M,6.21,M,NCD,M,M,M,M,M,M,M,M,M,M,M,M,M,M,50.00,COR EGLL 232320Z AUTO 21008KT 9999 NCD 10/05 Q1019 NOSIG,M
EGLL,2026-03-23 23:50,50.00,42.80,76.17,210.00,6.00,0.00,30.09,M,6.21,M,NCD,M,M,M,M,M,M,M,M,M,M,M,M,M,M,50.00,COR EGLL 232350Z AUTO 21006KT 9999 NCD 10/06 Q1019 NOSIG,M
EGLL,2026-03-24 00:20,48.20,42.80,81.47,210.00,6.00,0.00,30.09,M,5.59,M,NCD,M,M,M,M,M,M,M,M,M,M,M,M,M,M,45.04,COR EGLL 240020Z AUTO 21006KT 9000 NCD 09/06 Q1019 NOSIG,M
EGLL,2026-03-24 00:50,48.20,42.80,81.47,200.00,7.00,0.00,30.09,M,5.59,M,NCD,M,M,M,M,M,M,M,M,M,M,M,M,M,M,44.53,COR EGLL 240050Z AUTO 20007KT 9000 NCD 09/06 Q1019 NOSIG,M
EGLL,2026-03-24 01:20,48.20,42.80,81.47,210.00,7.00,0.00,30.09,M,4.97,M,NCD,M,M,M,M,M,M,M,M,M,M,M,M,M,M,44.53,COR EGLL 240120Z AUTO 21007KT 8000 NCD 09/06 Q1019 NOSIG,M
EGLL,2026-03-24 01:50,48.20,42.80,81.47,220.00,8.00,0.00,30.06,M,4.97,M,NCD,M,M,M,M,M,M,M,M,M,M,M,M,M,M,44.07,COR EGLL 240150Z AUTO 22008KT 8000 NCD 09/06 Q1018 NOSIG,M
EGLL,2026-03-24 02:20,48.20,44.60,87.28,230.00,9.00,0.00,30.06,M,4.35,M,NCD,M,M,M,M,M,M,M,M,M,M,M,M,M,M,43.66,COR EGLL 240220Z AUTO 23009KT 7000 NCD 09/07 Q1018 NOSIG,M
EGLL,2026-03-24 02:50,48.20,44.60,87.28,210.00,8.00,0.00,30.03,M,4.35,M,NCD,M,M,M,M,M,M,M,M,M,M,M,M,M,M,44.07,COR EGLL 240250Z AUTO 21008KT 7000 NCD 09/07 Q1017 NOSIG,M
EGLL,2026-03-24 03:20,48.20,44.60,87.28,220.00,7.00,0.00,30.03,M,3.73,M,NCD,M,M,M,M,M,M,M,M,M,M,M,M,M,M,44.53,COR EGLL 240320Z AUTO 22007KT 6000 NCD 09/07 Q1017 NOSIG,M
EGLL,2026-03-24 03:50,48.20,44.60,87.28,230.00,7.00,0.00,30.03,M,3.73,M,SCT,M,M,M,1300.00,M,M,M,M,M,M,M,M,M,M,44.53,COR EGLL 240350Z AUTO 23007KT 6000 SCT013 09/07 Q1017 NOSIG,M
EGLL,2026-03-24 04:20,48.20,44.60,87.28,230.00,9.00,0.00,30.03,M,4.35,M,BKN,M,M,M,1300.00,M,M,M,M,M,M,M,M,M,M,43.66,COR EGLL 240420Z AUTO 23009KT 7000 BKN013 09/07 Q1017 TEMPO SCT013,M
EGLL,2026-03-24 04:50,48.20,44.60,87.28,220.00,7.00,0.00,30.03,M,4.97,M,SCT,M,M,M,1400.00,M,M,M,M,M,M,M,M,M,M,44.53,COR EGLL 240450Z AUTO 22007KT 8000 SCT014 09/07 Q1017 TEMPO BKN014,M
EGLL,2026-03-24 05:20,48.20,44.60,87.28,230.00,10.00,0.00,30.03,M,5.59,M,FEW,M,M,M,1300.00,M,M,M,M,M,M,M,M,M,M,43.28,COR EGLL 240520Z AUTO 23010KT 9000 FEW013 09/07 Q1017 NOSIG,M
EGLL,2026-03-24 05:50,48.20,44.60,87.28,220.00,7.00,0.00,30.03,M,4.97,M,NCD,M,M,M,M,M,M,M,M,M,M,M,M,M,M,44.53,COR EGLL 240550Z AUTO 22007KT 8000 NCD 09/07 Q1017 NOSIG,M
EGLL,2026-03-24 06:20,48.20,44.60,87.28,220.00,10.00,0.00,30.03,M,5.59,M,BKN,M,M,M,1300.00,M,M,M,M,M,M,M,M,M,M,43.28,COR EGLL 240620Z AUTO 22010KT 9000 BKN013 09/07 Q1017 TEMPO SCT013,M
EGLL,2026-03-24 06:50,48.20,44.60,87.28,220.00,10.00,0.00,30.03,M,6.21,M,BKN,M,M,M,1300.00,M,M,M,M,M,M,M,M,M,M,43.28,COR EGLL 240650Z AUTO 22010KT 9999 BKN013 09/07 Q1017 TEMPO BKN009,M
EGLL,2026-03-24 07:20,48.20,44.60,87.28,220.00,11.00,0.00,30.00,M,6.21,M,BKN,M,M,M,1300.00,M,M,M,M,M,M,M,M,M,M,42.94,COR EGLL 240720Z AUTO 22011KT 9999 BKN013 09/07 Q1016 TEMPO SCT015,M
EGLL,2026-03-24 07:50,50.00,44.60,81.60,220.00,12.00,0.00,30.00,M,6.21,M,BKN,M,M,M,1400.00,M,M,M,M,M,M,M,M,M,M,50.00,COR EGLL 240750Z AUTO 22012KT 9999 BKN014 10/07 Q1016 TEMPO BKN016,M
EGLL,2026-03-24 08:20,50.00,44.60,81.60,220.00,13.00,0.00,30.03,M,6.21,M,OVC,M,M,M,1400.00,M,M,M,M,M,M,M,M,M,M,50.00,COR EGLL 240820Z AUTO 22013KT 9999 OVC014 10/07 Q1017 TEMPO BKN016,M
EGLL,2026-03-24 08:50,51.80,44.60,76.34,240.00,16.00,0.00,30.00,M,6.21,M,OVC,M,M,M,1400.00,M,M,M,M,M,M,M,M,M,M,51.80,COR EGLL 240850Z AUTO 24016KT 9999 OVC014 11/07 Q1016 NOSIG,M
EGLL,2026-03-24 09:20,51.80,44.60,76.34,230.00,16.00,0.00,30.00,M,6.21,M,OVC,M,M,M,1400.00,M,M,M,M,M,M,M,M,M,M,51.80,COR EGLL 240920Z AUTO 23016KT 9999 OVC014 11/07 Q1016 NOSIG,M
EGLL,2026-03-24 09:50,51.80,44.60,76.34,230.00,14.00,0.00,30.00,M,6.21,M,OVC,M,M,M,1500.00,M,M,M,M,M,M,M,M,M,M,51.80,COR EGLL 240950Z AUTO 23014KT 9999 OVC015 11/07 Q1016 NOSIG,M
EGLL,2026-03-24 10:20,53.60,46.40,76.51,230.00,16.00,0.00,30.00,M,6.21,M,BKN,M,M,M,1700.00,M,M,M,M,M,M,M,M,M,M,53.60,COR EGLL 241020Z AUTO 23016KT 9999 BKN017 12/08 Q1016 NOSIG,M
EGLL,2026-03-24 10:50,55.40,46.40,71.65,230.00,15.00,0.00,29.97,M,6.21,M,BKN,M,M,M,1900.00,M,M,M,M,M,M,M,M,M,M,55.40,COR EGLL 241050Z AUTO 23015KT 9999 BKN019 13/08 Q1015 NOSIG,M
EGLL,2026-03-24 11:20,53.60,46.40,76.51,220.00,14.00,0.00,29.97,M,6.21,M,BKN,M,M,M,1800.00,M,M,M,M,M,M,M,M,M,M,53.60,COR EGLL 241120Z AUTO 22014KT 9999 BKN018 12/08 Q1015 NOSIG,M
EGLL,2026-03-24 11:50,53.60,46.40,76.51,230.00,13.00,0.00,29.94,M,6.21,M,OVC,M,M,M,1700.00,M,M,M,M,M,M,M,M,M,M,53.60,COR EGLL 241150Z AUTO 23013KT 180V250 9999 OVC017 12/08 Q1014 NOSIG,M
EGLL,2026-03-24 12:20,53.60,46.40,76.51,230.00,14.00,0.00,29.94,M,6.21,M,OVC,M,M,M,1700.00,M,M,M,M,M,M,M,M,M,M,53.60,COR EGLL 241220Z AUTO 23014KT 9999 OVC017 12/08 Q1014 NOSIG,M
EGLL,2026-03-24 12:50,55.40,46.40,71.65,230.00,20.00,0.00,29.91,M,6.21,M,OVC,M,M,M,1800.00,M,M,M,M,M,M,M,M,M,M,55.40,COR EGLL 241250Z AUTO 23020KT 9999 OVC018 13/08 Q1013 NOSIG,M
EGLL,2026-03-24 13:20,55.40,46.40,71.65,230.00,20.00,0.00,29.91,M,6.21,M,OVC,M,M,M,1800.00,M,M,M,-RA,M,M,M,M,M,M,55.40,COR EGLL 241320Z AUTO 23020KT 9999 -RA OVC018 13/08 Q1013 NOSIG,M
EGLL,2026-03-24 13:50,53.60,46.40,76.51,220.00,19.00,0.00,29.88,M,6.21,M,BKN,M,M,M,1700.00,M,M,M,M,M,M,M,M,M,M,53.60,COR EGLL 241350Z AUTO 22019KT 9999 BKN017 12/08 Q1012 NOSIG,M
EGLL,2026-03-24 14:20,53.60,46.40,76.51,220.00,16.00,0.00,29.88,M,6.21,26.00,OVC,M,M,M,1800.00,M,M,M,M,M,M,M,M,M,M,53.60,COR EGLL 241420Z AUTO 22016G26KT 9999 OVC018 12/08 Q1012 NOSIG,M
EGLL,2026-03-24 14:50,53.60,46.40,76.51,210.00,18.00,0.00,29.85,M,6.21,M,OVC,M,M,M,1700.00,M,M,M,M,M,M,M,M,M,M,53.60,COR EGLL 241450Z AUTO 21018KT 9999 OVC017 12/08 Q1011 NOSIG,M
EGLL,2026-03-24 15:20,53.60,46.40,76.51,220.00,16.00,0.00,29.83,M,6.21,28.00,OVC,M,M,M,1600.00,M,M,M,M,M,M,M,M,M,M,53.60,COR EGLL 241520Z AUTO 22016G28KT 190V250 9999 OVC016 12/08 Q1010 NOSIG,M
EGLL,2026-03-24 15:50,53.60,46.40,76.51,230.00,22.00,0.00,29.83,M,6.21,34.00,OVC,M,M,M,1600.00,M,M,M,M,M,M,M,M,M,M,53.60,COR EGLL 241550Z AUTO 23022G34KT 9999 OVC016 12/08 Q1010 NOSIG,M
EGLL,2026-03-24 16:20,53.60,46.40,76.51,230.00,20.00,0.00,29.80,M,6.21,M,OVC,M,M,M,1700.00,M,M,M,M,M,M,M,M,M,M,53.60,COR EGLL 241620Z AUTO 23020KT 9999 OVC017 12/08 Q1009 NOSIG,M
EGLL,2026-03-24 16:50,53.60,46.40,76.51,240.00,21.00,0.00,29.77,M,6.21,32.00,OVC,M,M,M,1700.00,M,M,M,M,M,M,M,M,M,M,53.60,COR EGLL 241650Z AUTO 24021G32KT 9999 OVC017 12/08 Q1008 NOSIG,M
EGLL,2026-03-24 17:20,53.60,46.40,76.51,230.00,21.00,0.00,29.77,M,6.21,31.00,OVC,M,M,M,1400.00,M,M,M,M,M,M,M,M,M,M,53.60,COR EGLL 241720Z AUTO 23021G31KT 9999 OVC014 12/08 Q1008 NOSIG,M
EGLL,2026-03-24 17:50,51.80,48.20,87.47,220.00,19.00,0.00,29.74,M,6.21,M,OVC,M,M,M,1300.00,M,M,M,M,M,M,M,M,M,M,51.80,COR EGLL 241750Z AUTO 22019KT 9999 OVC013 11/09 Q1007 NOSIG,M
EGLL,2026-03-24 18:20,51.80,48.20,87.47,230.00,19.00,0.00,29.74,M,6.21,M,OVC,M,M,M,1300.00,M,M,M,-RADZ,M,M,M,M,M,M,51.80,COR EGLL 241820Z AUTO 23019KT 9999 -RADZ OVC013 11/09 Q1007 NOSIG,M
EGLL,2026-03-24 18:50,51.80,48.20,87.47,220.00,17.00,0.00,29.71,M,6.21,M,OVC,M,M,M,1300.00,M,M,M,M,M,M,M,M,M,M,51.80,COR EGLL 241850Z AUTO 22017KT 9999 OVC013 11/09 Q1006 NOSIG,M
EGLL,2026-03-24 19:20,51.80,48.20,87.47,220.00,17.00,0.00,29.68,M,6.21,28.00,BKN,BKN,BKN,M,1300.00,1800.00,2700.00,M,M,M,M,M,M,M,M,51.80,COR EGLL 241920Z AUTO 22017G28KT 9999 BKN013 BKN018 BKN027 11/09 Q1005 NOSIG,M
EGLL,2026-03-24 19:50,51.80,46.40,81.74,230.00,21.00,0.00,29.65,M,6.21,33.00,BKN,OVC,M,M,1800.00,2500.00,M,M,M,M,M,M,M,M,M,51.80,COR EGLL 241950Z AUTO 23021G33KT 9999 BKN018 OVC025 11/08 Q1004 TEMPO 22016KT,M
EGLL,2026-03-24 20:20,53.60,46.40,76.51,230.00,25.00,0.00,29.62,M,6.21,36.00,BKN,M,M,M,1800.00,M,M,M,M,M,M,M,M,M,M,53.60,COR EGLL 242020Z AUTO 23025G36KT 9999 BKN018 12/08 Q1003 TEMPO 23018KT,M
EGLL,2026-03-24 20:50,51.80,48.20,87.47,230.00,23.00,0.00,29.62,M,6.21,34.00,BKN,M,M,M,1400.00,M,M,M,-RA,M,M,M,M,M,M,51.80,COR EGLL 242050Z AUTO 23023G34KT 9999 -RA BKN014 11/09 Q1003 TEMPO 26024G38KT 3000 +RA BKN008,M
EGLL,2026-03-24 21:20,51.80,48.20,87.47,230.00,23.00,0.00,29.59,M,3.73,33.00,BKN,OVC,///,M,1400.00,2000.00,M,M,-RADZ,M,M,M,M,M,M,51.80,COR EGLL 242120Z AUTO 23023G33KT 6000 -RADZ BKN014/// OVC020/// //////CB 11/09 Q1002 TEMPO 26024G38KT 3000 +RA BKN008,M
EGLL,2026-03-24 21:50,50.00,42.80,76.17,260.00,26.00,0.00,29.62,M,6.21,M,FEW,SCT,///,M,1400.00,4100.00,M,M,-RA,M,M,M,M,M,M,50.00,COR EGLL 242150Z AUTO 26026KT 9999 -RA FEW014/// SCT041/// //////CB 10/06 Q1003 RERA TEMPO 26016KT,M
EGLL,2026-03-24 22:20,50.00,41.00,71.06,260.00,26.00,0.00,29.59,M,6.21,37.00,NCD,M,M,M,M,M,M,M,M,M,M,M,M,M,M,50.00,COR EGLL 242220Z AUTO 26026G37KT 9999 NCD 10/05 Q1002 TEMPO 26016KT,M
EGLL,2026-03-24 22:50,50.00,41.00,71.06,260.00,24.00,0.00,29.62,M,6.21,M,FEW,M,M,M,4900.00,M,M,M,M,M,M,M,M,M,M,50.00,COR EGLL 242250Z AUTO 26024KT 9999 FEW049 10/05 Q1003 NOSIG,M
EGLL,2026-03-24 23:20,48.20,37.40,66.04,270.00,23.00,0.00,29.62,M,6.21,M,NCD,M,M,M,M,M,M,M,M,M,M,M,M,M,M,40.09,COR EGLL 242320Z AUTO 27023KT 9999 NCD 09/03 Q1003 TEMPO 26023G34KT,M
EGLL,2026-03-24 23:50,46.40,37.40,70.67,270.00,23.00,0.00,29.62,M,6.21,M,NCD,M,M,M,M,M,M,M,M,M,M,M,M,M,M,37.67,COR EGLL 242350Z AUTO 27023KT 9999 NCD 08/03 Q1003 NOSIG,M
EGLL,2026-03-25 00:20,46.40,35.60,65.82,270.00,20.00,0.00,29.62,M,6.21,M,NCD,M,M,M,M,M,M,M,M,M,M,M,M,M,M,38.26,COR EGLL 250020Z AUTO 27020KT 9999 NCD 08/02 Q1003 NOSIG,M
EGLL,2026-03-25 00:50,46.40,37.40,70.67,260.00,18.00,0.00,29.62,M,6.21,M,FEW,M,M,M,3500.00,M,M,M,M,M,M,M,M,M,M,38.70,COR EGLL 250050Z AUTO 26018KT 9999 FEW035 08/03 Q1003 NOSIG,M
EGLL,2026-03-25 01:20,44.60,37.40,75.67,260.00,20.00,0.00,29.62,M,6.21,M,FEW,M,M,M,3500.00,M,M,M,M,M,M,M,M,M,M,35.87,COR EGLL 250120Z AUTO 26020KT 9999 FEW035 07/03 Q1003 NOSIG,M
EGLL,2026-03-25 01:50,44.60,35.60,70.47,270.00,17.00,0.00,29.62,M,6.21,M,NCD,M,M,M,M,M,M,M,M,M,M,M,M,M,M,36.58,COR EGLL 250150Z AUTO 27017KT 9999 NCD 07/02 Q1003 NOSIG,M
EGLL,2026-03-25 02:20,44.60,35.60,70.47,260.00,17.00,0.00,29.62,M,6.21,M,NCD,M,M,M,M,M,M,M,M,M,M,M,M,M,M,36.58,COR EGLL 250220Z AUTO 26017KT 9999 NCD 07/02 Q1003 NOSIG,M
EGLL,2026-03-25 02:50,44.60,35.60,70.47,260.00,17.00,0.00,29.62,M,6.21,M,NCD,M,M,M,M,M,M,M,M,M,M,M,M,M,M,36.58,COR EGLL 250250Z AUTO 26017KT 9999 NCD 07/02 Q1003 NOSIG,M
EGLL,2026-03-25 03:20,44.60,35.60,70.47,270.00,16.00,0.00,29.62,M,6.21,M,SCT,M,M,M,4000.00,M,M,M,M,M,M,M,M,M,M,36.84,COR EGLL 250320Z AUTO 27016KT 9999 SCT040 07/02 Q1003 NOSIG,M
EGLL,2026-03-25 03:50,44.60,35.60,70.47,260.00,17.00,0.00,29.62,M,6.21,M,BKN,M,M,M,3600.00,M,M,M,M,M,M,M,M,M,M,36.58,COR EGLL 250350Z AUTO 26017KT 9999 BKN036 07/02 Q1003 NOSIG,M
EGLL,2026-03-25 04:20,44.60,35.60,70.47,270.00,14.00,0.00,29.65,M,6.21,M,BKN,M,M,M,3300.00,M,M,M,M,M,M,M,M,M,M,37.40,COR EGLL 250420Z AUTO 27014KT 9999 BKN033 07/02 Q1004 NOSIG,M
EGLL,2026-03-25 04:50,44.60,35.60,70.47,280.00,14.00,0.00,29.65,M,6.21,M,OVC,M,M,M,3300.00,M,M,M,M,M,M,M,M,M,M,37.40,COR EGLL 250450Z AUTO 28014KT 9999 OVC033 07/02 Q1004 NOSIG,M
EGLL,2026-03-25 05:20,44.60,35.60,70.47,270.00,14.00,0.00,29.65,M,6.21,M,OVC,M,M,M,3300.00,M,M,M,M,M,M,M,M,M,M,37.40,COR EGLL 250520Z AUTO 27014KT 9999 OVC033 07/02 Q1004 NOSIG,M
EGLL,2026-03-25 05:50,44.60,35.60,70.47,270.00,14.00,0.00,29.68,M,6.21,M,OVC,M,M,M,3200.00,M,M,M,M,M,M,M,M,M,M,37.40,COR EGLL 250550Z AUTO 27014KT 9999 OVC032 07/02 Q1005 NOSIG,M
EGLL,2026-03-25 06:20,44.60,35.60,70.47,290.00,13.00,0.00,29.68,M,6.21,M,BKN,OVC,M,M,2600.00,3200.00,M,M,-RA,M,M,M,M,M,M,37.71,EGLL 250620Z AUTO 29013KT 9999 -RA BKN026 OVC032 07/02 Q1005,M
EGLL,2026-03-25 06:50,44.60,37.40,75.67,290.00,10.00,0.00,29.71,M,6.21,M,BKN,BKN,M,M,2300.00,2700.00,M,M,M,M,M,M,M,M,M,38.77,COR EGLL 250650Z AUTO 29010KT 9999 BKN023 BKN027 07/03 Q1006 NOSIG,M
EGLL,2026-03-25 07:20,44.60,35.60,70.47,300.00,13.00,0.00,29.71,M,6.21,M,BKN,M,M,M,2300.00,M,M,M,M,M,M,M,M,M,M,37.71,EGLL 250720Z AUTO 30013KT 9999 BKN023 07/02 Q1006,M
EGLL,2026-03-25 07:50,44.60,35.60,70.47,290.00,12.00,0.00,29.74,M,6.21,M,FEW,SCT,BKN,M,2200.00,3000.00,3600.00,M,-RA,M,M,M,M,M,M,38.04,COR EGLL 250750Z AUTO 29012KT 9999 -RA FEW022 SCT030 BKN036 07/02 Q1007 NOSIG,M
EGLL,2026-03-25 08:20,44.60,35.60,70.47,290.00,16.00,0.00,29.77,M,6.21,M,BKN,BKN,M,M,2300.00,2700.00,M,M,-RA,M,M,M,M,M,M,36.84,COR EGLL 250820Z AUTO 29016KT 9999 -RA BKN023 BKN027 07/02 Q1008 NOSIG,M
EGLL,2026-03-25 08:50,42.80,35.60,75.49,290.00,14.00,0.00,29.77,M,6.21,M,BKN,BKN,M,M,2300.00,2800.00,M,M,-RA,M,M,M,M,M,M,35.08,COR EGLL 250850Z AUTO 29014KT 9999 -RA BKN023 BKN028 06/02 Q1008 NOSIG,M
EGLL,2026-03-25 09:20,44.60,33.80,65.59,300.00,17.00,0.00,29.80,M,6.21,28.00,FEW,BKN,///,M,2500.00,2900.00,M,M,M,M,M,M,M,M,M,36.58,COR EGLL 250920Z AUTO 30017G28KT 270V330 9999 FEW025/// BKN029/// //////TCU 07/01 Q1009 NOSIG,M
EGLL,2026-03-25 09:50,44.60,32.00,61.01,310.00,17.00,0.00,29.80,M,6.21,M,BKN,M,M,M,3200.00,M,M,M,M,M,M,M,M,M,M,36.58,COR EGLL 250950Z AUTO 31017KT 9999 BKN032 07/00 Q1009 NOSIG,M
EGLL,2026-03-25 10:20,44.60,32.00,61.01,310.00,15.00,0.00,29.80,M,6.21,M,BKN,BKN,M,M,3400.00,4100.00,M,M,M,M,M,M,M,M,M,37.11,COR EGLL 251020Z AUTO 31015KT 9999 BKN034 BKN041 07/M00 Q1009 NOSIG,M
EGLL,2026-03-25 10:50,46.40,30.20,52.98,310.00,18.00,0.00,29.83,M,6.21,28.00,BKN,BKN,M,M,3900.00,4700.00,M,M,M,M,M,M,M,M,M,38.70,COR EGLL 251050Z AUTO 31018G28KT 280V340 9999 BKN039 BKN047 08/M01 Q1010 NOSIG,M
EGLL,2026-03-25 11:20,48.20,26.60,42.71,300.00,19.00,0.00,29.83,M,6.21,M,SCT,M,M,M,4400.00,M,M,M,M,M,M,M,M,M,M,40.86,COR EGLL 251120Z AUTO 30019KT 270V350 9999 SCT044 09/M03 Q1010 NOSIG,M
EGLL,2026-03-25 11:50,50.00,28.40,43.01,300.00,17.00,0.00,29.83,M,6.21,M,NCD,M,M,M,M,M,M,M,M,M,M,M,M,M,M,50.00,COR EGLL 251150Z AUTO 30017KT 9999 NCD 10/M02 Q1010 NOSIG,M
EGLL,2026-03-25 12:20,50.00,26.60,39.93,300.00,16.00,0.00,29.83,M,6.21,M,NCD,M,M,M,M,M,M,M,M,M,M,M,M,M,M,50.00,COR EGLL 251220Z AUTO 30016KT 9999 NCD 10/M03 Q1010 NOSIG,M
EGLL,2026-03-25 12:50,48.20,26.60,42.71,280.00,21.00,0.00,29.83,M,6.21,35.00,NCD,M,M,M,M,M,M,M,M,M,M,M,M,M,M,40.46,COR EGLL 251250Z AUTO 28021G35KT 260V320 9999 NCD 09/M03 Q1010 NOSIG,M
EGLL,2026-03-25 13:20,50.00,24.80,37.06,300.00,18.00,0.00,29.83,M,6.21,M,NCD,M,M,M,M,M,M,M,M,M,M,M,M,M,M,50.00,COR EGLL 251320Z AUTO 30018KT 280V340 9999 NCD 10/M04 Q1010 NOSIG,M
EGLL,2026-03-25 13:50,50.00,30.20,46.29,280.00,23.00,0.00,29.85,M,6.21,35.00,///,M,M,M,M,M,M,M,M,M,M,M,M,M,M,50.00,COR EGLL 251350Z AUTO 28023G35KT 9999 //////CB 10/M01 Q1011 NOSIG,M
EGLL,2026-03-25 14:20,46.40,30.20,52.98,340.00,13.00,0.00,29.88,M,6.21,24.00,FEW,///,M,M,3700.00,M,M,M,-RA,M,M,M,M,M,M,40.02,COR EGLL 251420Z AUTO 34013G24KT 300V020 9999 -RA FEW037/// //////CB 08/M01 Q1012 NOSIG,M
EGLL,2026-03-25 14:50,48.20,32.00,53.25,310.00,12.00,0.00,29.88,M,6.21,M,///,M,M,M,M,M,M,M,M,M,M,M,M,M,M,42.62,COR EGLL 251450Z AUTO 31012KT 280V340 9999 //////CB 09/M00 Q1012 NOSIG,M
EGLL,2026-03-25 15:20,42.80,32.00,65.36,340.00,5.00,0.00,29.88,M,6.21,M,FEW,BKN,///,M,4000.00,4600.00,M,M,-RA,M,M,M,M,M,M,39.22,COR EGLL 251520Z AUTO 34005KT 290V020 9999 -RA FEW040/// BKN046/// //////TCU 06/00 Q1012 NOSIG,M
EGLL,2026-03-25 15:50,42.80,33.80,70.27,320.00,13.00,0.00,29.88,M,6.21,23.00,FEW,SCT,M,M,1500.00,4600.00,M,M,-RA,M,M,M,M,M,M,35.40,COR EGLL 251550Z 32013G23KT 290V010 9999 -RA FEW015CB SCT046 06/01 Q1012 TEMPO 6000 SHRA,M
EGLL,2026-03-25 16:20,46.40,32.00,56.99,290.00,12.00,0.00,29.88,M,6.21,M,///,M,M,M,M,M,M,M,M,M,M,M,M,M,M,40.33,COR EGLL 251620Z AUTO 29012KT 9999 //////CB 08/00 Q1012 TEMPO 6000 SHRA,M
EGLL,2026-03-25 16:50,42.80,33.80,70.27,300.00,13.00,0.00,29.91,M,6.21,M,FEW,SCT,///,M,3900.00,4900.00,M,M,M,M,M,M,M,M,M,35.40,EGLL 251650Z AUTO 30013KT 280V340 9999 FEW039/// SCT049/// //////CB 06/01 Q1013,M
EGLL,2026-03-25 17:20,41.00,33.80,75.32,290.00,14.00,0.00,29.91,M,6.21,24.00,///,M,M,M,M,M,M,M,M,M,M,M,M,M,M,32.76,COR EGLL 251720Z AUTO 29014G24KT 9999 //////CB 05/01 Q1013 NOSIG,M
EGLL,2026-03-25 17:50,42.80,33.80,70.27,290.00,13.00,0.00,29.94,M,6.21,M,FEW,M,M,M,2700.00,M,M,M,M,M,M,M,M,M,M,35.40,COR EGLL 251750Z AUTO 29013KT 9999 FEW027 06/01 Q1014 NOSIG,M
EGLL,2026-03-25 18:20,41.00,33.80,75.32,290.00,10.00,0.00,29.94,M,6.21,M,NCD,M,M,M,M,M,M,M,M,M,M,M,M,M,M,34.25,COR EGLL 251820Z AUTO 29010KT 260V320 9999 NCD 05/01 Q1014 NOSIG,M
EGLL,2026-03-25 18:50,41.00,33.80,75.32,290.00,10.00,0.00,29.94,M,6.21,M,NCD,M,M,M,M,M,M,M,M,M,M,M,M,M,M,34.25,COR EGLL 251850Z AUTO 29010KT 9999 NCD 05/01 Q1014 NOSIG,M
EGLL,2026-03-25 19:20,42.80,32.00,65.36,290.00,13.00,0.00,29.97,M,6.21,23.00,NCD,M,M,M,M,M,M,M,M,M,M,M,M,M,M,35.40,COR EGLL 251920Z AUTO 29013G23KT 9999 NCD 06/M00 Q1015 NOSIG,M
EGLL,2026-03-25 19:50,41.00,30.20,65.14,290.00,13.00,0.00,29.97,M,6.21,M,NCD,M,M,M,M,M,M,M,M,M,M,M,M,M,M,33.10,COR EGLL 251950Z AUTO 29013KT 9999 NCD 05/M01 Q1015 NOSIG,M
EGLL,2026-03-25 20:20,41.00,32.00,70.06,290.00,11.00,0.00,30.00,M,6.21,M,NCD,M,M,M,M,M,M,M,M,M,M,M,M,M,M,33.84,COR EGLL 252020Z AUTO 29011KT 9999 NCD 05/M00 Q1016 NOSIG,M
EGLL,2026-03-25 20:50,41.00,32.00,70.06,290.00,10.00,0.00,30.00,M,6.21,M,NCD,M,M,M,M,M,M,M,M,M,M,M,M,M,M,34.25,COR EGLL 252050Z AUTO 29010KT 9999 NCD 05/M00 Q1016 NOSIG,M
EGLL,2026-03-25 21:20,41.00,30.20,65.14,290.00,10.00,0.00,30.00,M,6.21,M,NCD,M,M,M,M,M,M,M,M,M,M,M,M,M,M,34.25,COR EGLL 252120Z AUTO 29010KT 9999 NCD 05/M01 Q1016 NOSIG,M
EGLL,2026-03-25 21:50,39.20,30.20,69.86,290.00,12.00,0.00,30.00,M,6.21,M,NCD,M,M,M,M,M,M,M,M,M,M,M,M,M,M,31.17,COR EGLL 252150Z AUTO 29012KT 9999 NCD 04/M01 Q1016 NOSIG,M
EGLL,2026-03-25 22:20,41.00,30.20,65.14,290.00,10.00,0.00,30.03,M,6.21,M,NCD,M,M,M,M,M,M,M,M,M,M,M,M,M,M,34.25,COR EGLL 252220Z AUTO 29010KT 9999 NCD 05/M01 Q1017 NOSIG,M
EGLL,2026-03-25 22:50,39.20,32.00,75.14,290.00,11.00,0.00,30.03,M,6.21,M,NCD,M,M,M,M,M,M,M,M,M,M,M,M,M,M,31.57,COR EGLL 252250Z AUTO 29011KT 9999 NCD 04/M00 Q1017 NOSIG,M
EGLL,2026-03-25 23:20,39.20,32.00,75.14,290.00,8.00,0.00,30.03,M,6.21,M,NCD,M,M,M,M,M,M,M,M,M,M,M,M,M,M,32.98,COR EGLL 252320Z AUTO 29008KT 270V330 9999 NCD 04/M00 Q1017 NOSIG,M
EGLL,2026-03-25 23:50,39.20,32.00,75.14,300.00,8.00,0.00,30.06,M,6.21,M,NCD,M,M,M,M,M,M,M,M,M,M,M,M,M,M,32.98,COR EGLL 252350Z AUTO 30008KT 9999 NCD 04/M00 Q1018 NOSIG,M
EGLL,2026-03-26 00:20,39.20,32.00,75.14,290.00,6.00,0.00,30.06,M,6.21,M,SCT,M,M,M,4500.00,M,M,M,M,M,M,M,M,M,M,34.20,COR EGLL 260020Z AUTO 29006KT 9999 SCT045 04/M00 Q1018 NOSIG,M
EGLL,2026-03-26 00:50,37.40,32.00,80.64,290.00,6.00,0.00,30.06,M,6.21,M,SCT,M,M,M,4700.00,M,M,M,M,M,M,M,M,M,M,32.03,COR EGLL 260050Z AUTO 29006KT 9999 SCT047 03/M00 Q1018 NOSIG,M
EGLL,2026-03-26 01:20,35.60,30.20,80.49,280.00,9.00,0.00,30.09,M,6.21,M,NCD,M,M,M,M,M,M,M,M,M,M,M,M,M,M,27.99,COR EGLL 260120Z AUTO 28009KT 9999 NCD 02/M01 Q1019 NOSIG,M
EGLL,2026-03-26 01:50,35.60,30.20,80.49,280.00,9.00,0.00,30.09,M,6.21,M,NCD,M,M,M,M,M,M,M,M,M,M,M,M,M,M,27.99,COR EGLL 260150Z AUTO 28009KT 9999 NCD 02/M01 Q1019 NOSIG,M
EGLL,2026-03-26 02:20,35.60,32.00,86.58,280.00,7.00,0.00,30.09,M,6.21,M,NCD,M,M,M,M,M,M,M,M,M,M,M,M,M,M,29.17,COR EGLL 260220Z AUTO 28007KT 9999 NCD 02/M00 Q1019 NOSIG,M
EGLL,2026-03-26 02:50,35.60,30.20,80.49,280.00,7.00,0.00,30.09,M,6.21,M,NCD,M,M,M,M,M,M,M,M,M,M,M,M,M,M,29.17,COR EGLL 260250Z AUTO 28007KT 9999 NCD 02/M01 Q1019 NOSIG,M
EGLL,2026-03-26 03:20,33.80,30.20,86.48,270.00,8.00,0.00,30.09,M,6.21,M,NCD,M,M,M,M,M,M,M,M,M,M,M,M,M,M,26.33,COR EGLL 260320Z AUTO 27008KT 9999 NCD 01/M01 Q1019 NOSIG,M
EGLL,2026-03-26 03:50,33.80,30.20,86.48,280.00,5.00,0.00,30.09,M,6.21,M,NCD,M,M,M,M,M,M,M,M,M,M,M,M,M,M,28.53,COR EGLL 260350Z AUTO 28005KT 9999 NCD 01/M01 Q1019 NOSIG,M
EGLL,2026-03-26 04:20,33.80,30.20,86.48,270.00,7.00,0.00,30.12,M,6.21,M,NCD,M,M,M,M,M,M,M,M,M,M,M,M,M,M,26.97,COR EGLL 260420Z AUTO 27007KT 9999 NCD 01/M01 Q1020 NOSIG,M
EGLL,2026-03-26 04:50,33.80,30.20,86.48,280.00,7.00,0.00,30.12,M,6.21,M,NCD,M,M,M,M,M,M,M,M,M,M,M,M,M,M,26.97,COR EGLL 260450Z AUTO 28007KT 9999 NCD 01/M01 Q1020 NOSIG,M
EGLL,2026-03-26 05:20,33.80,30.20,86.48,280.00,6.00,0.00,30.12,M,6.21,M,NCD,M,M,M,M,M,M,M,M,M,M,M,M,M,M,27.70,COR EGLL 260520Z AUTO 28006KT 9999 NCD 01/M01 Q1020 NOSIG,M
EGLL,2026-03-26 05:50,33.80,30.20,86.48,280.00,7.00,0.00,30.15,M,6.21,M,NCD,M,M,M,M,M,M,M,M,M,M,M,M,M,M,26.97,COR EGLL 260550Z AUTO 28007KT 9999 NCD 01/M01 Q1021 NOSIG,M
EGLL,2026-03-26 06:20,35.60,32.00,86.58,290.00,7.00,0.00,30.15,M,6.21,M,NCD,M,M,M,M,M,M,M,M,M,M,M,M,M,M,29.17,COR EGLL 260620Z AUTO 29007KT 9999 NCD 02/M00 Q1021 NOSIG,M
EGLL,2026-03-26 06:50,37.40,32.00,80.64,300.00,5.00,0.00,30.15,M,6.21,M,NCD,M,M,M,M,M,M,M,M,M,M,M,M,M,M,32.81,COR EGLL 260650Z AUTO 30005KT 9999 NCD 03/00 Q1021 NOSIG,M
EGLL,2026-03-26 07:20,39.20,33.80,80.78,300.00,7.00,0.00,30.18,M,6.21,M,FEW,M,M,M,4200.00,M,M,M,M,M,M,M,M,M,M,33.56,COR EGLL 260720Z AUTO 30007KT 9999 FEW042 04/01 Q1022 NOSIG,M
EGLL,2026-03-26 07:50,41.00,33.80,75.32,320.00,6.00,0.00,30.18,M,6.21,M,FEW,M,M,M,4400.00,M,M,M,M,M,M,M,M,M,M,36.37,COR EGLL 260750Z AUTO 32006KT 290V360 9999 FEW044 05/01 Q1022 NOSIG,M
EGLL,2026-03-26 08:20,41.00,33.80,75.32,320.00,6.00,0.00,30.18,M,6.21,M,NCD,M,M,M,M,M,M,M,M,M,M,M,M,M,M,36.37,COR EGLL 260820Z AUTO 32006KT 290V010 9999 NCD 05/01 Q1022 NOSIG,M
EGLL,2026-03-26 08:50,42.80,32.00,65.36,350.00,6.00,0.00,30.18,M,6.21,M,NCD,M,M,M,M,M,M,M,M,M,M,M,M,M,M,38.54,COR EGLL 260850Z AUTO 35006KT 300V040 9999 NCD 06/00 Q1022 NOSIG,M
EGLL,2026-03-26 09:20,44.60,28.40,52.70,330.00,5.00,0.00,30.18,M,6.21,M,NCD,M,M,M,M,M,M,M,M,M,M,M,M,M,M,41.36,COR EGLL 260920Z AUTO 33005KT 290V030 9999 NCD 07/M02 Q1022 NOSIG,M
EGLL,2026-03-26 09:50,44.60,28.40,52.70,320.00,9.00,0.00,30.21,M,6.21,M,SCT,M,M,M,3900.00,M,M,M,M,M,M,M,M,M,M,39.18,COR EGLL 260950Z AUTO 32009KT 290V350 9999 SCT039 07/M02 Q1023 NOSIG,M
EGLL,2026-03-26 10:20,46.40,28.40,49.22,M,7.00,0.00,30.21,M,6.21,M,FEW,M,M,M,4300.00,M,M,M,M,M,M,M,M,M,M,42.33,COR EGLL 261020Z AUTO VRB07KT 9999 FEW043 08/M02 Q1023 NOSIG,M
EGLL,2026-03-26 10:50,46.40,26.60,45.70,360.00,10.00,0.00,30.21,M,6.21,M,NCD,M,M,M,M,M,M,M,M,M,M,M,M,M,M,41.03,COR EGLL 261050Z AUTO 36010KT 320V040 9999 NCD 08/M03 Q1023 NOSIG,M
EGLL,2026-03-26 11:20,46.40,24.80,42.41,340.00,8.00,0.00,30.21,M,6.21,M,FEW,M,M,M,4600.00,M,M,M,M,M,M,M,M,M,M,41.85,COR EGLL 261120Z AUTO 34008KT 280V020 9999 FEW046 08/M04 Q1023 NOSIG,M
EGLL,2026-03-26 11:50,48.20,26.60,42.71,350.00,7.00,0.00,30.21,M,6.21,M,FEW,M,M,M,4900.00,M,M,M,M,M,M,M,M,M,M,44.53,COR EGLL 261150Z AUTO 35007KT 300V040 9999 FEW049 09/M03 Q1023 NOSIG,M
EGLL,2026-03-26 12:20,48.20,26.60,42.71,310.00,7.00,0.00,30.21,M,6.21,M,NCD,M,M,M,M,M,M,M,M,M,M,M,M,M,M,44.53,COR EGLL 261220Z AUTO 31007KT 270V010 9999 NCD 09/M03 Q1023 NOSIG,M
EGLL,2026-03-26 12:50,48.20,26.60,42.71,10.00,7.00,0.00,30.21,M,6.21,M,NCD,M,M,M,M,M,M,M,M,M,M,M,M,M,M,44.53,COR EGLL 261250Z AUTO 01007KT 320V040 9999 NCD 09/M03 Q1023 NOSIG,M
EGLL,2026-03-26 13:20,50.00,26.60,39.93,320.00,7.00,0.00,30.21,M,6.21,M,NCD,M,M,M,M,M,M,M,M,M,M,M,M,M,M,50.00,COR EGLL 261320Z AUTO 32007KT 270V030 9999 NCD 10/M03 Q1023 NOSIG,M
EGLL,2026-03-26 13:50,50.00,24.80,37.06,310.00,6.00,0.00,30.21,M,6.21,M,NCD,M,M,M,M,M,M,M,M,M,M,M,M,M,M,50.00,COR EGLL 261350Z AUTO 31006KT 270V030 9999 NCD 10/M04 Q1023 NOSIG,M
EGLL,2026-03-26 14:20,50.00,26.60,39.93,320.00,7.00,0.00,30.18,M,6.21,M,NCD,M,M,M,M,M,M,M,M,M,M,M,M,M,M,50.00,COR EGLL 261420Z AUTO 32007KT 290V060 9999 NCD 10/M03 Q1022 NOSIG,M
EGLL,2026-03-26 14:50,50.00,24.80,37.06,320.00,7.00,0.00,30.18,M,6.21,M,NCD,M,M,M,M,M,M,M,M,M,M,M,M,M,M,50.00,COR EGLL 261450Z AUTO 32007KT 260V020 9999 NCD 10/M04 Q1022 NOSIG,M
EGLL,2026-03-26 15:20,50.00,23.00,34.37,330.00,7.00,0.00,30.18,M,6.21,M,NCD,M,M,M,M,M,M,M,M,M,M,M,M,M,M,50.00,COR EGLL 261520Z AUTO 33007KT 280V010 9999 NCD 10/M05 Q1022 NOSIG,M
EGLL,2026-03-26 15:50,50.00,23.00,34.37,310.00,9.00,0.00,30.18,M,6.21,M,NCD,M,M,M,M,M,M,M,M,M,M,M,M,M,M,50.00,COR EGLL 261550Z AUTO 31009KT 280V350 9999 NCD 10/M05 Q1022 NOSIG,M
EGLL,2026-03-26 16:20,50.00,24.80,37.06,310.00,9.00,0.00,30.18,M,6.21,M,NCD,M,M,M,M,M,M,M,M,M,M,M,M,M,M,50.00,COR EGLL 261620Z AUTO 31009KT 280V360 9999 NCD 10/M04 Q1022 NOSIG,M
EGLL,2026-03-26 16:50,48.20,24.80,39.63,310.00,6.00,0.00,30.18,M,6.21,M,NCD,M,M,M,M,M,M,M,M,M,M,M,M,M,M,45.04,COR EGLL 261650Z AUTO 31006KT 9999 NCD 09/M04 Q1022 NOSIG,M
EGLL,2026-03-26 17:20,48.20,24.80,39.63,320.00,6.00,0.00,30.21,M,6.21,M,NCD,M,M,M,M,M,M,M,M,M,M,M,M,M,M,45.04,COR EGLL 261720Z AUTO 32006KT 280V360 9999 NCD 09/M04 Q1023 NOSIG,M
EGLL,2026-03-26 17:50,48.20,24.80,39.63,320.00,6.00,0.00,30.21,M,6.21,M,NCD,M,M,M,M,M,M,M,M,M,M,M,M,M,M,45.04,COR EGLL 261750Z AUTO 32006KT 290V360 9999 NCD 09/M04 Q1023 NOSIG,M
EGLL,2026-03-26 18:20,48.20,24.80,39.63,310.00,7.00,0.00,30.21,M,6.21,M,NCD,M,M,M,M,M,M,M,M,M,M,M,M,M,M,44.53,COR EGLL 261820Z AUTO 31007KT 270V340 9999 NCD 09/M04 Q1023 NOSIG,M
EGLL,2026-03-26 18:50,48.20,24.80,39.63,310.00,4.00,0.00,30.21,M,6.21,M,NCD,M,M,M,M,M,M,M,M,M,M,M,M,M,M,46.34,COR EGLL 261850Z AUTO 31004KT 9999 NCD 09/M04 Q1023 NOSIG,M
EGLL,2026-03-26 19:20,48.20,24.80,39.63,300.00,3.00,0.00,30.21,M,6.21,M,NCD,M,M,M,M,M,M,M,M,M,M,M,M,M,M,47.21,COR EGLL 261920Z AUTO 30003KT 9999 NCD 09/M04 Q1023 NOSIG,M
EGLL,2026-03-26 19:50,48.20,28.40,46.00,300.00,4.00,0.00,30.21,M,6.21,M,NCD,M,M,M,M,M,M,M,M,M,M,M,M,M,M,46.34,COR EGLL 261950Z AUTO 30004KT 9999 NCD 09/M02 Q1023 NOSIG,M
EGLL,2026-03-26 20:20,46.40,28.40,49.22,290.00,3.00,0.00,30.21,M,6.21,M,NCD,M,M,M,M,M,M,M,M,M,M,M,M,M,M,45.15,COR EGLL 262020Z AUTO 29003KT 9999 NCD 08/M02 Q1023 NOSIG,M
EGLL,2026-03-26 20:50,46.40,28.40,49.22,260.00,6.00,0.00,30.21,M,6.21,M,NCD,M,M,M,M,M,M,M,M,M,M,M,M,M,M,42.87,COR EGLL 262050Z AUTO 26006KT 230V290 9999 NCD 08/M02 Q1023 NOSIG,M
EGLL,2026-03-26 21:20,46.40,28.40,49.22,250.00,7.00,0.00,30.21,M,6.21,M,NCD,M,M,M,M,M,M,M,M,M,M,M,M,M,M,42.33,COR EGLL 262120Z AUTO 25007KT 9999 NCD 08/M02 Q1023 NOSIG,M
EGLL,2026-03-26 21:50,46.40,28.40,49.22,250.00,8.00,0.00,30.21,M,6.21,M,NCD,M,M,M,M,M,M,M,M,M,M,M,M,M,M,41.85,COR EGLL 262150Z AUTO 25008KT 9999 NCD 08/M02 Q1023 NOSIG,M
EGLL,2026-03-26 22:20,46.40,28.40,49.22,250.00,7.00,0.00,30.21,M,6.21,M,NCD,M,M,M,M,M,M,M,M,M,M,M,M,M,M,42.33,COR EGLL 262220Z AUTO 25007KT 9999 NCD 08/M02 Q1023 NOSIG,M
EGLL,2026-03-26 22:50,46.40,28.40,49.22,240.00,8.00,0.00,30.18,M,6.21,M,NCD,M,M,M,M,M,M,M,M,M,M,M,M,M,M,41.85,COR EGLL 262250Z AUTO 24008KT 9999 NCD 08/M02 Q1022 NOSIG,M
EGLL,2026-03-26 23:20,46.40,30.20,52.98,230.00,6.00,0.00,30.18,M,6.21,M,NCD,M,M,M,M,M,M,M,M,M,M,M,M,M,M,42.87,EGLL 262320Z AUTO 23006KT 9999 NCD 08/M01 Q1022,M
EGLL,2026-03-26 23:50,44.60,32.00,61.01,230.00,5.00,0.00,30.18,M,6.21,M,NCD,M,M,M,M,M,M,M,M,M,M,M,M,M,M,41.36,COR EGLL 262350Z AUTO 23005KT 9999 NCD 07/00 Q1022 NOSIG,M
