station,valid,tmpf,dwpf,relh,drct,sknt,p01i,alti,mslp,vsby,gust,skyc1,skyc2,skyc3,skyc4,skyl1,skyl2,skyl3,skyl4,wxcodes,ice_accretion_1hr,ice_accretion_3hr,ice_accretion_6hr,peak_wind_gust,peak_wind_drct,peak_wind_time,feel,metar,snowdepth
LFPG,2026-02-25 00:00,50.00,48.20,93.50,130.00,10.00,0.00,30.06,M,6.21,M,M,M,M,M,M,M,M,M,M,M,M,M,M,M,M,50.00,LFPG 250000Z 13010KT CAVOK 10/09 Q1018 NOSIG,M
LFPG,2026-02-25 00:30,50.00,48.20,93.50,130.00,11.00,0.00,30.06,M,6.21,M,M,M,M,M,M,M,M,M,M,M,M,M,M,M,M,50.00,LFPG 250030Z 13011KT CAVOK 10/09 Q1018 NOSIG,M
LFPG,2026-02-25 01:00,50.00,48.20,93.50,130.00,10.00,0.00,30.06,M,6.21,M,M,M,M,M,M,M,M,M,M,M,M,M,M,M,M,50.00,LFPG 250100Z 13010KT CAVOK 10/09 Q1018 NOSIG,M
LFPG,2026-02-25 01:30,50.00,46.40,87.37,130.00,7.00,0.00,30.03,M,6.21,M,M,M,M,M,M,M,M,M,M,M,M,M,M,M,M,50.00,LFPG 250130Z 13007KT CAVOK 10/08 Q1017 NOSIG,M
LFPG,2026-02-25 02:00,48.20,46.40,93.45,130.00,5.00,0.00,30.03,M,6.21,M,M,M,M,M,M,M,M,M,M,M,M,M,M,M,M,45.63,LFPG 250200Z 13005KT CAVOK 09/08 Q1017 NOSIG,M
LFPG,2026-02-25 02:30,48.20,46.40,93.45,140.00,4.00,0.00,30.03,M,6.21,M,M,M,M,M,M,M,M,M,M,M,M,M,M,M,M,46.34,LFPG 250230Z 14004KT CAVOK 09/08 Q1017 NOSIG,M
LFPG,2026-02-25 03:00,50.00,46.40,87.37,130.00,6.00,0.00,30.03,M,6.21,M,M,M,M,M,M,M,M,M,M,M,M,M,M,M,M,50.00,LFPG 250300Z 13006KT CAVOK 10/08 Q1017 NOSIG,M
LFPG,2026-02-25 03:30,48.20,46.40,93.45,120.00,7.00,0.00,30.03,M,4.97,M,NSC,M,M,M,M,M,M,M,M,M,M,M,M,M,M,44.53,LFPG 250330Z 12007KT 8000 NSC 09/08 Q1017 NOSIG,M
LFPG,2026-02-25 04:00,48.20,46.40,93.45,110.00,7.00,0.00,30.03,M,6.21,M,M,M,M,M,M,M,M,M,M,M,M,M,M,M,M,44.53,LFPG 250400Z 11007KT CAVOK 09/08 Q1017 NOSIG,M
LFPG,2026-02-25 04:30,48.20,46.40,93.45,130.00,7.00,0.00,30.03,M,6.21,M,M,M,M,M,M,M,M,M,M,M,M,M,M,M,M,44.53,LFPG 250430Z 13007KT CAVOK 09/08 Q1017 NOSIG,M
LFPG,2026-02-25 05:00,48.20,46.40,93.45,130.00,9.00,0.00,30.03,M,6.21,M,M,M,M,M,M,M,M,M,M,M,M,M,M,M,M,43.66,LFPG 250500Z 13009KT CAVOK 09/08 Q1017 NOSIG,M
LFPG,2026-02-25 05:30,48.20,46.40,93.45,120.00,9.00,0.00,30.03,M,6.21,M,M,M,M,M,M,M,M,M,M,M,M,M,M,M,M,43.66,LFPG 250530Z 12009KT CAVOK 09/08 Q1017 NOSIG,M
LFPG,2026-02-25 06:00,48.20,46.40,93.45,130.00,9.00,0.00,30.03,M,6.21,M,M,M,M,M,M,M,M,M,M,M,M,M,M,M,M,43.66,LFPG 250600Z 13009KT CAVOK 09/08 Q1017 NOSIG,M
LFPG,2026-02-25 06:30,48.20,44.60,87.28,140.00,5.00,0.00,30.06,M,6.21,M,M,M,M,M,M,M,M,M,M,M,M,M,M,M,M,45.63,LFPG 250630Z 14005KT CAVOK 09/07 Q1018 NOSIG,M
LFPG,2026-02-25 07:00,48.20,46.40,93.45,130.00,8.00,0.00,30.06,M,6.21,M,M,M,M,M,M,M,M,M,M,M,M,M,M,M,M,44.07,LFPG 250700Z 13008KT CAVOK 09/08 Q1018 NOSIG,M
LFPG,2026-02-25 07:30,48.20,46.40,93.45,130.00,6.00,0.00,30.06,M,6.21,M,M,M,M,M,M,M,M,M,M,M,M,M,M,M,M,45.04,LFPG 250730Z 13006KT CAVOK 09/08 Q1018 NOSIG,M
LFPG,2026-02-25 08:00,50.00,46.40,87.37,130.00,7.00,0.00,30.06,M,6.21,M,M,M,M,M,M,M,M,M,M,M,M,M,M,M,M,50.00,LFPG 250800Z 13007KT CAVOK 10/08 Q1018 NOSIG,M
LFPG,2026-02-25 08:30,50.00,46.40,87.37,130.00,8.00,0.00,30.06,M,6.21,M,M,M,M,M,M,M,M,M,M,M,M,M,M,M,M,50.00,LFPG 250830Z 13008KT CAVOK 10/08 Q1018 NOSIG,M
LFPG,2026-02-25 09:00,51.80,48.20,87.47,140.00,7.00,0.00,30.06,M,6.21,M,M,M,M,M,M,M,M,M,M,M,M,M,M,M,M,51.80,LFPG 250900Z 14007KT CAVOK 11/09 Q1018 NOSIG,M
LFPG,2026-02-25 09:30,53.60,48.20,81.87,150.00,7.00,0.00,30.06,M,6.21,M,M,M,M,M,M,M,M,M,M,M,M,M,M,M,M,53.60,LFPG 250930Z 15007KT CAVOK 12/09 Q1018 NOSIG,M
LFPG,2026-02-25 10:00,55.40,50.00,82.00,160.00,8.00,0.00,30.06,M,6.21,M,M,M,M,M,M,M,M,M,M,M,M,M,M,M,M,55.40,LFPG 251000Z 16008KT 120V180 CAVOK 13/10 Q1018 NOSIG,M
LFPG,2026-02-25 10:30,57.20,50.00,76.83,140.00,8.00,0.00,30.06,M,6.21,M,M,M,M,M,M,M,M,M,M,M,M,M,M,M,M,57.20,LFPG 251030Z 14008KT CAVOK 14/10 Q1018 NOSIG,M
LFPG,2026-02-25 11:00,59.00,50.00,72.02,160.00,6.00,0.00,30.06,M,6.21,M,M,M,M,M,M,M,M,M,M,M,M,M,M,M,M,59.00,LFPG 251100Z 16006KT 100V200 CAVOK 15/10 Q1018 NOSIG,M
LFPG,2026-02-25 11:30,60.80,50.00,67.55,150.00,6.00,0.00,30.06,M,6.21,M,M,M,M,M,M,M,M,M,M,M,M,M,M,M,M,60.80,LFPG 251130Z 15006KT 100V180 CAVOK 16/10 Q1018 NOSIG,M
LFPG,2026-02-25 12:00,62.60,51.80,67.76,140.00,6.00,0.00,30.06,M,6.21,M,M,M,M,M,M,M,M,M,M,M,M,M,M,M,M,62.60,LFPG 251200Z 14006KT 110V180 CAVOK 17/11 Q1018 NOSIG,M
LFPG,2026-02-25 12:30,64.40,51.80,63.62,160.00,5.00,0.00,30.06,M,6.21,M,M,M,M,M,M,M,M,M,M,M,M,M,M,M,M,64.40,LFPG 251230Z 16005KT 100V200 CAVOK 18/11 Q1018 NOSIG,M
LFPG,2026-02-25 13:00,64.40,51.80,63.62,130.00,7.00,0.00,30.06,M,6.21,M,M,M,M,M,M,M,M,M,M,M,M,M,M,M,M,64.40,LFPG 251300Z 13007KT 080V190 CAVOK 18/11 Q1018 NOSIG,M
LFPG,2026-02-25 13:30,66.20,51.80,59.76,140.00,6.00,0.00,30.06,M,6.21,M,M,M,M,M,M,M,M,M,M,M,M,M,M,M,M,66.20,LFPG 251330Z 14006KT 090V170 CAVOK 19/11 Q1018 NOSIG,M
LFPG,2026-02-25 14:00,68.00,51.80,56.16,M,6.00,0.00,30.06,M,6.21,M,M,M,M,M,M,M,M,M,M,M,M,M,M,M,M,68.00,LFPG 251400Z VRB06KT CAVOK 20/11 Q1018 NOSIG,M
LFPG,2026-02-25 14:30,69.80,48.20,46.19,190.00,6.00,0.00,30.03,M,6.21,M,M,M,M,M,M,M,M,M,M,M,M,M,M,M,M,69.80,LFPG 251430Z 19006KT 150V210 CAVOK 21/09 Q1017 NOSIG,M
LFPG,2026-02-25 15:00,69.80,50.00,49.40,180.00,7.00,0.00,30.03,M,6.21,M,M,M,M,M,M,M,M,M,M,M,M,M,M,M,M,69.80,LFPG 251500Z 18007KT CAVOK 21/10 Q1017 NOSIG,M
LFPG,2026-02-25 15:30,68.00,48.20,49.12,170.00,8.00,0.00,30.03,M,6.21,M,M,M,M,M,M,M,M,M,M,M,M,M,M,M,M,68.00,LFPG 251530Z 17008KT 130V200 CAVOK 20/09 Q1017 NOSIG,M
LFPG,2026-02-25 16:00,68.00,48.20,49.12,160.00,6.00,0.00,30.03,M,6.21,M,M,M,M,M,M,M,M,M,M,M,M,M,M,M,M,68.00,LFPG 251600Z 16006KT CAVOK 20/09 Q1017 NOSIG,M
LFPG,2026-02-25 16:30,66.20,50.00,55.91,140.00,7.00,0.00,30.06,M,6.21,M,M,M,M,M,M,M,M,M,M,M,M,M,M,M,M,66.20,LFPG 251630Z 14007KT 100V160 CAVOK 19/10 Q1018 NOSIG,M
LFPG,2026-02-25 17:00,64.40,50.00,59.52,150.00,6.00,0.00,30.06,M,6.21,M,M,M,M,M,M,M,M,M,M,M,M,M,M,M,M,64.40,LFPG 251700Z 15006KT CAVOK 18/10 Q1018 NOSIG,M
LFPG,2026-02-25 17:30,62.60,50.00,63.39,170.00,7.00,0.00,30.06,M,6.21,M,M,M,M,M,M,M,M,M,M,M,M,M,M,M,M,62.60,LFPG 251730Z 17007KT CAVOK 17/10 Q1018 NOSIG,M
LFPG,2026-02-25 18:00,60.80,51.80,72.21,150.00,7.00,0.00,30.06,M,6.21,M,M,M,M,M,M,M,M,M,M,M,M,M,M,M,M,60.80,LFPG 251800Z 15007KT CAVOK 16/11 Q1018 NOSIG,M
LFPG,2026-02-25 18:30,60.80,51.80,72.21,140.00,6.00,0.00,30.06,M,6.21,M,M,M,M,M,M,M,M,M,M,M,M,M,M,M,M,60.80,LFPG 251830Z 14006KT CAVOK 16/11 Q1018 NOSIG,M
LFPG,2026-02-25 19:00,60.80,51.80,72.21,140.00,7.00,0.00,30.09,M,6.21,M,M,M,M,M,M,M,M,M,M,M,M,M,M,M,M,60.80,LFPG 251900Z 14007KT CAVOK 16/11 Q1019 NOSIG,M
LFPG,2026-02-25 19:30,59.00,51.80,76.99,140.00,7.00,0.00,30.09,M,6.21,M,M,M,M,M,M,M,M,M,M,M,M,M,M,M,M,59.00,LFPG 251930Z 14007KT CAVOK 15/11 Q1019 NOSIG,M
LFPG,2026-02-25 20:00,59.00,51.80,76.99,140.00,9.00,0.00,30.09,M,6.21,M,M,M,M,M,M,M,M,M,M,M,M,M,M,M,M,59.00,LFPG 252000Z 14009KT CAVOK 15/11 Q1019 NOSIG,M
LFPG,2026-02-25 20:30,57.20,51.80,82.13,140.00,7.00,0.00,30.09,M,6.21,M,M,M,M,M,M,M,M,M,M,M,M,M,M,M,M,57.20,LFPG 252030Z 14007KT CAVOK 14/11 Q1019 NOSIG,M
LFPG,2026-02-25 21:00,57.20,50.00,76.83,150.00,7.00,0.00,30.09,M,6.21,M,M,M,M,M,M,M,M,M,M,M,M,M,M,M,M,57.20,LFPG 252100Z 15007KT CAVOK 14/10 Q1019 NOSIG,M
LFPG,2026-02-25 21:30,57.20,51.80,82.13,150.00,6.00,0.00,30.09,M,6.21,M,M,M,M,M,M,M,M,M,M,M,M,M,M,M,M,57.20,LFPG 252130Z 15006KT CAVOK 14/11 Q1019 NOSIG,M
LFPG,2026-02-25 22:00,55.40,51.80,87.65,170.00,3.00,0.00,30.09,M,6.21,M,M,M,M,M,M,M,M,M,M,M,M,M,M,M,M,55.40,LFPG 252200Z 17003KT CAVOK 13/11 Q1019 NOSIG,M
LFPG,2026-02-25 22:30,53.60,50.00,87.56,170.00,4.00,0.00,30.12,M,6.21,M,M,M,M,M,M,M,M,M,M,M,M,M,M,M,M,53.60,LFPG 252230Z 17004KT CAVOK 12/10 Q1020 NOSIG,M
LFPG,2026-02-25 23:00,53.60,50.00,87.56,180.00,7.00,0.00,30.12,M,6.21,M,M,M,M,M,M,M,M,M,M,M,M,M,M,M,M,53.60,LFPG 252300Z 18007KT CAVOK 12/10 Q1020 NOSIG,M
LFPG,2026-02-25 23:30,53.60,50.00,87.56,190.00,7.00,0.00,30.12,M,6.21,M,M,M,M,M,M,M,M,M,M,M,M,M,M,M,M,53.60,LFPG 252330Z 19007KT CAVOK 12/10 Q1020 NOSIG,M
LFPG,2026-02-26 00:00,53.60,48.20,81.87,180.00,7.00,0.00,30.12,M,6.21,M,M,M,M,M,M,M,M,M,M,M,M,M,M,M,M,53.60,LFPG 260000Z 18007KT CAVOK 12/09 Q1020 NOSIG,M
LFPG,2026-02-26 00:30,53.60,48.20,81.87,180.00,6.00,0.00,30.12,M,6.21,M,M,M,M,M,M,M,M,M,M,M,M,M,M,M,M,53.60,LFPG 260030Z 18006KT CAVOK 12/09 Q1020 NOSIG,M
LFPG,2026-02-26 01:00,53.60,48.20,81.87,170.00,6.00,0.00,30.12,M,6.21,M,M,M,M,M,M,M,M,M,M,M,M,M,M,M,M,53.60,LFPG 260100Z 17006KT CAVOK 12/09 Q1020 NOSIG,M
LFPG,2026-02-26 01:30,53.60,46.40,76.51,170.00,7.00,0.00,30.12,M,6.21,M,M,M,M,M,M,M,M,M,M,M,M,M,M,M,M,53.60,LFPG 260130Z 17007KT CAVOK 12/08 Q1020 NOSIG,M
LFPG,2026-02-26 02:00,51.80,46.40,81.74,180.00,6.00,0.00,30.12,M,6.21,M,M,M,M,M,M,M,M,M,M,M,M,M,M,M,M,51.80,LFPG 260200Z 18006KT CAVOK 11/08 Q1020 NOSIG,M
LFPG,2026-02-26 02:30,51.80,46.40,81.74,170.00,6.00,0.00,30.12,M,6.21,M,M,M,M,M,M,M,M,M,M,M,M,M,M,M,M,51.80,LFPG 260230Z 17006KT CAVOK 11/08 Q1020 NOSIG,M
LFPG,2026-02-26 03:00,51.80,46.40,81.74,160.00,4.00,0.00,30.12,M,6.21,M,M,M,M,M,M,M,M,M,M,M,M,M,M,M,M,51.80,LFPG 260300Z 16004KT CAVOK 11/08 Q1020 NOSIG,M
LFPG,2026-02-26 03:30,50.00,46.40,87.37,170.00,3.00,0.00,30.12,M,6.21,M,M,M,M,M,M,M,M,M,M,M,M,M,M,M,M,50.00,LFPG 260330Z 17003KT CAVOK 10/08 Q1020 NOSIG,M
LFPG,2026-02-26 04:00,50.00,46.40,87.37,170.00,4.00,0.00,30.12,M,6.21,M,M,M,M,M,M,M,M,M,M,M,M,M,M,M,M,50.00,LFPG 260400Z 17004KT CAVOK 10/08 Q1020 NOSIG,M
LFPG,2026-02-26 04:30,48.20,46.40,93.45,M,3.00,0.00,30.15,M,6.21,M,M,M,M,M,M,M,M,M,M,M,M,M,M,M,M,47.21,LFPG 260430Z VRB03KT CAVOK 09/08 Q1021 NOSIG,M
LFPG,2026-02-26 05:00,50.00,46.40,87.37,180.00,3.00,0.00,30.15,M,6.21,M,M,M,M,M,M,M,M,M,M,M,M,M,M,M,M,50.00,LFPG 260500Z 18003KT 130V220 CAVOK 10/08 Q1021 NOSIG,M
LFPG,2026-02-26 05:30,48.20,44.60,87.28,M,3.00,0.00,30.15,M,6.21,M,M,M,M,M,M,M,M,M,M,M,M,M,M,M,M,47.21,LFPG 260530Z VRB03KT CAVOK 09/07 Q1021 NOSIG,M
LFPG,2026-02-26 06:00,48.20,46.40,93.45,180.00,6.00,0.00,30.15,M,6.21,M,M,M,M,M,M,M,M,M,M,M,M,M,M,M,M,45.04,LFPG 260600Z 18006KT CAVOK 09/08 Q1021 NOSIG,M
LFPG,2026-02-26 06:30,48.20,44.60,87.28,170.00,7.00,0.00,30.15,M,6.21,M,M,M,M,M,M,M,M,M,M,M,M,M,M,M,M,44.53,LFPG 260630Z 17007KT CAVOK 09/07 Q1021 NOSIG,M
LFPG,2026-02-26 07:00,48.20,44.60,87.28,170.00,5.00,0.00,30.18,M,6.21,M,M,M,M,M,M,M,M,M,M,M,M,M,M,M,M,45.63,LFPG 260700Z 17005KT CAVOK 09/07 Q1022 NOSIG,M
LFPG,2026-02-26 07:30,48.20,46.40,93.45,170.00,5.00,0.00,30.21,M,6.21,M,M,M,M,M,M,M,M,M,M,M,M,M,M,M,M,45.63,LFPG 260730Z 17005KT 150V260 CAVOK 09/08 Q1023 NOSIG,M
LFPG,2026-02-26 08:00,50.00,46.40,87.37,190.00,4.00,0.00,30.21,M,6.21,17.00,M,M,M,M,M,M,M,M,M,M,M,M,M,M,M,50.00,LFPG 260800Z 19004G17KT 160V300 CAVOK 10/08 Q1023 NOSIG,M
LFPG,2026-02-26 08:30,51.80,46.40,81.74,190.00,5.00,0.00,30.21,M,6.21,M,M,M,M,M,M,M,M,M,M,M,M,M,M,M,M,51.80,LFPG 260830Z 19005KT 170V230 CAVOK 11/08 Q1023 NOSIG,M
LFPG,2026-02-26 09:00,53.60,48.20,81.87,210.00,5.00,0.00,30.21,M,6.21,M,M,M,M,M,M,M,M,M,M,M,M,M,M,M,M,53.60,LFPG 260900Z 21005KT CAVOK 12/09 Q1023 NOSIG,M
LFPG,2026-02-26 09:30,55.40,48.20,76.67,210.00,6.00,0.00,30.21,M,6.21,M,M,M,M,M,M,M,M,M,M,M,M,M,M,M,M,55.40,LFPG 260930Z 21006KT 190V250 CAVOK 13/09 Q1023 NOSIG,M
LFPG,2026-02-26 10:00,57.20,48.20,71.84,210.00,10.00,0.00,30.21,M,6.21,M,M,M,M,M,M,M,M,M,M,M,M,M,M,M,M,57.20,LFPG 261000Z 21010KT CAVOK 14/09 Q1023 NOSIG,M
LFPG,2026-02-26 10:30,59.00,50.00,72.02,210.00,10.00,0.00,30.21,M,6.21,M,M,M,M,M,M,M,M,M,M,M,M,M,M,M,M,59.00,LFPG 261030Z 21010KT CAVOK 15/10 Q1023 NOSIG,M
LFPG,2026-02-26 11:00,60.80,50.00,67.55,190.00,10.00,0.00,30.18,M,6.21,M,M,M,M,M,M,M,M,M,M,M,M,M,M,M,M,60.80,LFPG 261100Z 19010KT CAVOK 16/10 Q1022 NOSIG,M
LFPG,2026-02-26 11:30,60.80,50.00,67.55,180.00,10.00,0.00,30.21,M,6.21,M,M,M,M,M,M,M,M,M,M,M,M,M,M,M,M,60.80,LFPG 261130Z 18010KT CAVOK 16/10 Q1023 NOSIG,M
LFPG,2026-02-26 12:00,60.80,50.00,67.55,190.00,11.00,0.00,30.18,M,6.21,M,M,M,M,M,M,M,M,M,M,M,M,M,M,M,M,60.80,LFPG 261200Z 19011KT CAVOK 16/10 Q1022 NOSIG,M
LFPG,2026-02-26 12:30,62.60,50.00,63.39,210.00,14.00,0.00,30.18,M,6.21,M,M,M,M,M,M,M,M,M,M,M,M,M,M,M,M,62.60,LFPG 261230Z 21014KT CAVOK 17/10 Q1022 NOSIG,M
LFPG,2026-02-26 13:00,64.40,50.00,59.52,200.00,11.00,0.00,30.18,M,6.21,M,M,M,M,M,M,M,M,M,M,M,M,M,M,M,M,64.40,LFPG 261300Z 20011KT 170V230 CAVOK 18/10 Q1022 NOSIG,M
LFPG,2026-02-26 13:30,64.40,50.00,59.52,200.00,13.00,0.00,30.18,M,6.21,M,M,M,M,M,M,M,M,M,M,M,M,M,M,M,M,64.40,LFPG 261330Z 20013KT CAVOK 18/10 Q1022 NOSIG,M
LFPG,2026-02-26 14:00,66.20,50.00,55.91,220.00,13.00,0.00,30.18,M,6.21,M,FEW,M,M,M,3600.00,M,M,M,M,M,M,M,M,M,M,66.20,LFPG 261400Z 22013KT 9999 FEW036 19/10 Q1022 NOSIG,M
LFPG,2026-02-26 14:30,64.40,48.20,55.65,220.00,14.00,0.00,30.18,M,6.21,M,FEW,M,M,M,3600.00,M,M,M,M,M,M,M,M,M,M,64.40,LFPG 261430Z 22014KT 9999 FEW036 18/09 Q1022 NOSIG,M
LFPG,2026-02-26 15:00,66.20,48.20,52.27,230.00,13.00,0.00,30.18,M,6.21,M,FEW,BKN,M,M,3600.00,26000.00,M,M,M,M,M,M,M,M,M,66.20,LFPG 261500Z 23013KT 9999 FEW036 BKN260 19/09 Q1022 NOSIG,M
LFPG,2026-02-26 15:30,66.20,48.20,52.27,230.00,12.00,0.00,30.15,M,6.21,M,FEW,BKN,M,M,3600.00,26000.00,M,M,M,M,M,M,M,M,M,66.20,LFPG 261530Z 23012KT 9999 FEW036 BKN260 19/09 Q1021 NOSIG,M
LFPG,2026-02-26 16:00,64.40,48.20,55.65,220.00,13.00,0.00,30.15,M,6.21,M,FEW,BKN,M,M,4300.00,26000.00,M,M,M,M,M,M,M,M,M,64.40,LFPG 261600Z 22013KT 9999 FEW043 BKN260 18/09 Q1021 NOSIG,M
LFPG,2026-02-26 16:30,64.40,46.40,52.00,210.00,13.00,0.00,30.15,M,6.21,M,FEW,BKN,M,M,4300.00,26000.00,M,M,M,M,M,M,M,M,M,64.40,LFPG 261630Z 21013KT 9999 FEW043 BKN260 18/08 Q1021 NOSIG,M
LFPG,2026-02-26 17:00,62.60,46.40,55.39,210.00,14.00,0.00,30.15,M,6.21,M,M,M,M,M,M,M,M,M,M,M,M,M,M,M,M,62.60,LFPG 261700Z 21014KT 190V250 CAVOK 17/08 Q1021 NOSIG,M
LFPG,2026-02-26 17:30,60.80,46.40,59.02,210.00,12.00,0.00,30.15,M,6.21,M,M,M,M,M,M,M,M,M,M,M,M,M,M,M,M,60.80,LFPG 261730Z 21012KT CAVOK 16/08 Q1021 NOSIG,M
LFPG,2026-02-26 18:00,60.80,46.40,59.02,210.00,12.00,0.00,30.15,M,6.21,M,M,M,M,M,M,M,M,M,M,M,M,M,M,M,M,60.80,LFPG 261800Z 21012KT 190V320 CAVOK 16/08 Q1021 NOSIG,M
LFPG,2026-02-26 18:30,59.00,50.00,72.02,190.00,9.00,0.00,30.15,M,6.21,M,M,M,M,M,M,M,M,M,M,M,M,M,M,M,M,59.00,LFPG 261830Z 19009KT CAVOK 15/10 Q1021 NOSIG,M
LFPG,2026-02-26 19:00,59.00,50.00,72.02,190.00,10.00,0.00,30.15,M,6.21,M,M,M,M,M,M,M,M,M,M,M,M,M,M,M,M,59.00,LFPG 261900Z 19010KT CAVOK 15/10 Q1021 NOSIG,M
LFPG,2026-02-26 19:30,57.20,50.00,76.83,190.00,8.00,0.00,30.15,M,6.21,M,M,M,M,M,M,M,M,M,M,M,M,M,M,M,M,57.20,LFPG 261930Z 19008KT CAVOK 14/10 Q1021 NOSIG,M
LFPG,2026-02-26 20:00,57.20,50.00,76.83,190.00,9.00,0.00,30.15,M,6.21,M,M,M,M,M,M,M,M,M,M,M,M,M,M,M,M,57.20,LFPG 262000Z 19009KT 180V260 CAVOK 14/10 Q1021 NOSIG,M
LFPG,2026-02-26 20:30,55.40,48.20,76.67,190.00,8.00,0.00,30.15,M,6.21,M,M,M,M,M,M,M,M,M,M,M,M,M,M,M,M,55.40,LFPG 262030Z 19008KT CAVOK 13/09 Q1021 NOSIG,M
LFPG,2026-02-26 21:00,55.40,48.20,76.67,190.00,7.00,0.00,30.12,M,6.21,M,M,M,M,M,M,M,M,M,M,M,M,M,M,M,M,55.40,LFPG 262100Z 19007KT CAVOK 13/09 Q1020 NOSIG,M
LFPG,2026-02-26 21:30,55.40,48.20,76.67,180.00,9.00,0.00,30.12,M,6.21,M,M,M,M,M,M,M,M,M,M,M,M,M,M,M,M,55.40,LFPG 262130Z 18009KT CAVOK 13/09 Q1020 NOSIG,M
LFPG,2026-02-26 22:00,55.40,48.20,76.67,180.00,9.00,0.00,30.12,M,6.21,M,M,M,M,M,M,M,M,M,M,M,M,M,M,M,M,55.40,LFPG 262200Z 18009KT CAVOK 13/09 Q1020 NOSIG,M
LFPG,2026-02-26 22:30,53.60,48.20,81.87,180.00,9.00,0.00,30.12,M,6.21,M,M,M,M,M,M,M,M,M,M,M,M,M,M,M,M,53.60,LFPG 262230Z 18009KT CAVOK 12/09 Q1020 NOSIG,M
LFPG,2026-02-26 23:00,53.60,48.20,81.87,180.00,9.00,0.00,30.12,M,6.21,M,M,M,M,M,M,M,M,M,M,M,M,M,M,M,M,53.60,LFPG 262300Z 18009KT CAVOK 12/09 Q1020 NOSIG,M
LFPG,2026-02-26 23:30,53.60,48.20,81.87,170.00,7.00,0.00,30.09,M,6.21,M,M,M,M,M,M,M,M,M,M,M,M,M,M,M,M,53.60,LFPG 262330Z 17007KT CAVOK 12/09 Q1019 NOSIG,M
LFPG,2026-02-27 00:00,51.80,48.20,87.47,170.00,7.00,0.00,30.09,M,6.21,M,M,M,M,M,M,M,M,M,M,M,M,M,M,M,M,51.80,LFPG 270000Z 17007KT CAVOK 11/09 Q1019 NOSIG,M
LFPG,2026-02-27 00:30,51.80,46.40,81.74,170.00,6.00,0.00,30.09,M,6.21,M,M,M,M,M,M,M,M,M,M,M,M,M,M,M,M,51.80,LFPG 270030Z 17006KT CAVOK 11/08 Q1019 NOSIG,M
LFPG,2026-02-27 01:00,50.00,46.40,87.37,180.00,6.00,0.00,30.09,M,6.21,M,M,M,M,M,M,M,M,M,M,M,M,M,M,M,M,50.00,LFPG 270100Z 18006KT CAVOK 10/08 Q1019 NOSIG,M
LFPG,2026-02-27 01:30,50.00,46.40,87.37,160.00,7.00,0.00,30.06,M,6.21,M,M,M,M,M,M,M,M,M,M,M,M,M,M,M,M,50.00,LFPG 270130Z 16007KT CAVOK 10/08 Q1018 NOSIG,M
LFPG,2026-02-27 02:00,50.00,46.40,87.37,160.00,8.00,0.00,30.06,M,6.21,M,M,M,M,M,M,M,M,M,M,M,M,M,M,M,M,50.00,LFPG 270200Z 16008KT CAVOK 10/08 Q1018 NOSIG,M
LFPG,2026-02-27 02:30,48.20,46.40,93.45,160.00,8.00,0.00,30.06,M,6.21,M,M,M,M,M,M,M,M,M,M,M,M,M,M,M,M,44.07,LFPG 270230Z 16008KT CAVOK 09/08 Q1018 NOSIG,M
LFPG,2026-02-27 03:00,48.20,46.40,93.45,170.00,8.00,0.00,30.03,M,6.21,M,M,M,M,M,M,M,M,M,M,M,M,M,M,M,M,44.07,LFPG 270300Z 17008KT CAVOK 09/08 Q1017 NOSIG,M
LFPG,2026-02-27 03:30,50.00,46.40,87.37,170.00,8.00,0.00,30.03,M,6.21,M,M,M,M,M,M,M,M,M,M,M,M,M,M,M,M,50.00,LFPG 270330Z 17008KT CAVOK 10/08 Q1017 NOSIG,M
LFPG,2026-02-27 04:00,50.00,46.40,87.37,170.00,9.00,0.00,30.00,M,6.21,M,M,M,M,M,M,M,M,M,M,M,M,M,M,M,M,50.00,LFPG 270400Z 17009KT CAVOK 10/08 Q1016 NOSIG,M
LFPG,2026-02-27 04:30,48.20,46.40,93.45,180.00,8.00,0.00,30.00,M,6.21,M,M,M,M,M,M,M,M,M,M,M,M,M,M,M,M,44.07,LFPG 270430Z 18008KT CAVOK 09/08 Q1016 NOSIG,M
LFPG,2026-02-27 05:00,48.20,46.40,93.45,170.00,9.00,0.00,30.00,M,6.21,M,M,M,M,M,M,M,M,M,M,M,M,M,M,M,M,43.66,LFPG 270500Z 17009KT CAVOK 09/08 Q1016 NOSIG,M
LFPG,2026-02-27 05:30,48.20,46.40,93.45,170.00,12.00,0.00,30.00,M,6.21,M,M,M,M,M,M,M,M,M,M,M,M,M,M,M,M,42.62,LFPG 270530Z 17012KT CAVOK 09/08 Q1016 NOSIG,M
LFPG,2026-02-27 06:00,48.20,46.40,93.45,170.00,13.00,0.00,30.00,M,6.21,M,M,M,M,M,M,M,M,M,M,M,M,M,M,M,M,42.32,LFPG 270600Z 17013KT CAVOK 09/08 Q1016 NOSIG,M
LFPG,2026-02-27 06:30,48.20,46.40,93.45,180.00,12.00,0.00,30.00,M,4.97,M,NSC,M,M,M,M,M,M,M,M,M,M,M,M,M,M,42.62,LFPG 270630Z 18012KT 8000 NSC 09/08 Q1016 NOSIG,M
LFPG,2026-02-27 07:00,48.20,46.40,93.45,180.00,10.00,0.00,30.00,M,4.97,M,NSC,M,M,M,M,M,M,M,M,M,M,M,M,M,M,43.28,LFPG 270700Z 18010KT 8000 NSC 09/08 Q1016 NOSIG,M
LFPG,2026-02-27 07:30,50.00,46.40,87.37,180.00,12.00,0.00,30.00,M,4.97,M,NSC,M,M,M,M,M,M,M,M,M,M,M,M,M,M,50.00,LFPG 270730Z 18012KT 8000 NSC 10/08 Q1016 NOSIG,M
LFPG,2026-02-27 08:00,50.00,48.20,93.50,190.00,11.00,0.00,30.00,M,4.97,M,NSC,M,M,M,M,M,M,M,M,M,M,M,M,M,M,50.00,LFPG 270800Z 19011KT 170V300 8000 NSC 10/09 Q1016 NOSIG,M
LFPG,2026-02-27 08:30,51.80,48.20,87.47,190.00,12.00,0.00,30.00,M,4.97,M,NSC,M,M,M,M,M,M,M,M,M,M,M,M,M,M,51.80,LFPG 270830Z 19012KT 8000 NSC 11/09 Q1016 NOSIG,M
LFPG,2026-02-27 09:00,53.60,48.20,81.87,200.00,14.00,0.00,30.00,M,4.97,M,SCT,M,M,M,1300.00,M,M,M,M,M,M,M,M,M,M,53.60,LFPG 270900Z 20014KT 8000 SCT013 12/09 Q1016 NOSIG,M
LFPG,2026-02-27 09:30,53.60,48.20,81.87,200.00,12.00,0.00,30.00,M,4.97,M,SCT,M,M,M,1300.00,M,M,M,M,M,M,M,M,M,M,53.60,LFPG 270930Z 20012KT 8000 SCT013 12/09 Q1016 NOSIG,M
LFPG,2026-02-27 10:00,55.40,48.20,76.67,210.00,11.00,0.00,30.00,M,6.21,M,M,M,M,M,M,M,M,M,M,M,M,M,M,M,M,55.40,LFPG 271000Z 21011KT CAVOK 13/09 Q1016 NOSIG,M
LFPG,2026-02-27 10:30,57.20,46.40,67.13,220.00,13.00,0.00,30.03,M,6.21,M,M,M,M,M,M,M,M,M,M,M,M,M,M,M,M,57.20,LFPG 271030Z 22013KT CAVOK 14/08 Q1017 NOSIG,M
LFPG,2026-02-27 11:00,59.00,46.40,62.93,210.00,13.00,0.00,30.03,M,6.21,M,M,M,M,M,M,M,M,M,M,M,M,M,M,M,M,59.00,LFPG 271100Z 21013KT 190V250 CAVOK 15/08 Q1017 TEMPO 22015G25KT,M
LFPG,2026-02-27 11:30,57.20,46.40,67.13,210.00,12.00,0.00,30.00,M,6.21,M,M,M,M,M,M,M,M,M,M,M,M,M,M,M,M,57.20,LFPG 271130Z 21012KT CAVOK 14/08 Q1016 TEMPO 22015G25KT,M
LFPG,2026-02-27 12:00,57.20,46.40,67.13,200.00,11.00,0.00,30.00,M,6.21,M,M,M,M,M,M,M,M,M,M,M,M,M,M,M,M,57.20,LFPG 271200Z 20011KT CAVOK 14/08 Q1016 TEMPO 22015G25KT,M
LFPG,2026-02-27 12:30,59.00,46.40,62.93,200.00,12.00,0.00,30.00,M,6.21,M,M,M,M,M,M,M,M,M,M,M,M,M,M,M,M,59.00,LFPG 271230Z 20012KT CAVOK 15/08 Q1016 TEMPO 22015G25KT,M
LFPG,2026-02-27 13:00,59.00,46.40,62.93,200.00,12.00,0.00,30.00,M,6.21,M,M,M,M,M,M,M,M,M,M,M,M,M,M,M,M,59.00,LFPG 271300Z 20012KT CAVOK 15/08 Q1016 TEMPO 22015G25KT,M
LFPG,2026-02-27 13:30,59.00,46.40,62.93,210.00,17.00,0.00,30.00,M,6.21,M,SCT,SCT,BKN,M,3200.00,5600.00,26000.00,M,-RA,M,M,M,M,M,M,59.00,LFPG 271330Z 21017KT 9999 -RA SCT032 SCT056 BKN260 15/08 Q1016 TEMPO 22015G25KT,M
LFPG,2026-02-27 14:00,57.20,48.20,71.84,210.00,16.00,0.00,30.00,M,4.97,M,FEW,OVC,M,M,3200.00,6300.00,M,M,-RA,M,M,M,M,M,M,57.20,LFPG 271400Z 21016KT 190V250 8000 -RA FEW032 OVC063 14/09 Q1016 TEMPO 20015G25KT 4500 BKN012,M
LFPG,2026-02-27 14:30,55.40,48.20,76.67,200.00,18.00,0.00,29.97,M,4.97,M,FEW,OVC,M,M,4900.00,6200.00,M,M,-RA,M,M,M,M,M,M,55.40,LFPG 271430Z 20018KT 8000 -RA FEW049 OVC062 13/09 Q1015 TEMPO 20015G25KT 4500 BKN012,M
LFPG,2026-02-27 15:00,55.40,48.20,76.67,210.00,17.00,0.00,29.97,M,4.97,M,NSC,M,M,M,M,M,M,M,-RA,M,M,M,M,M,M,55.40,LFPG 271500Z 21017KT 8000 -RA NSC 13/09 Q1015 TEMPO 20015G25KT 4500 BKN012,M
LFPG,2026-02-27 15:30,55.40,50.00,82.00,190.00,14.00,0.00,29.97,M,4.97,M,NSC,M,M,M,M,M,M,M,-RA,M,M,M,M,M,M,55.40,LFPG 271530Z 19014KT 8000 -RA NSC 13/10 Q1015 NOSIG,M
LFPG,2026-02-27 16:00,53.60,48.20,81.87,190.00,15.00,0.00,29.97,M,4.97,M,NSC,M,M,M,M,M,M,M,-RA,M,M,M,M,M,M,53.60,LFPG 271600Z 19015KT 8000 -RA NSC 12/09 Q1015 NOSIG,M
LFPG,2026-02-27 16:30,55.40,48.20,76.67,190.00,14.00,0.00,29.97,M,4.97,M,NSC,M,M,M,M,M,M,M,-RA,M,M,M,M,M,M,55.40,LFPG 271630Z 19014KT 8000 -RA NSC 13/09 Q1015 NOSIG,M
LFPG,2026-02-27 17:00,53.60,48.20,81.87,200.00,12.00,0.00,29.97,M,4.35,M,NSC,M,M,M,M,M,M,M,-RA,M,M,M,M,M,M,53.60,LFPG 271700Z 20012KT 7000 -RA NSC 12/09 Q1015 NOSIG,M
LFPG,2026-02-27 17:30,53.60,50.00,87.56,200.00,11.00,0.00,29.97,M,4.35,M,BKN,M,M,M,3000.00,M,M,M,-RA,M,M,M,M,M,M,53.60,LFPG 271730Z 20011KT 7000 -RA BKN030 12/10 Q1015 NOSIG,M
LFPG,2026-02-27 18:00,55.40,50.00,82.00,210.00,17.00,0.00,29.97,M,4.35,M,BKN,M,M,M,2700.00,M,M,M,-RA,M,M,M,M,M,M,55.40,LFPG 271800Z 21017KT 7000 -RA BKN027 13/10 Q1015 NOSIG,M
LFPG,2026-02-27 18:30,53.60,50.00,87.56,210.00,13.00,0.00,30.00,M,4.35,M,BKN,M,M,M,2600.00,M,M,M,-RA,M,M,M,M,M,M,53.60,LFPG 271830Z 21013KT 7000 -RA BKN026 12/10 Q1016 NOSIG,M
LFPG,2026-02-27 19:00,53.60,50.00,87.56,200.00,14.00,0.00,30.00,M,4.35,M,BKN,BKN,M,M,1800.00,2600.00,M,M,-RA,M,M,M,M,M,M,53.60,LFPG 271900Z 20014KT 7000 -RA BKN018 BKN026 12/10 Q1016 NOSIG,M
LFPG,2026-02-27 19:30,53.60,51.80,93.60,200.00,12.00,0.00,30.00,M,4.35,M,BKN,BKN,BKN,M,1500.00,2800.00,5000.00,M,-RA,M,M,M,M,M,M,53.60,LFPG 271930Z 20012KT 7000 -RA BKN015 BKN028 BKN050 12/11 Q1016 NOSIG,M
LFPG,2026-02-27 20:00,53.60,51.80,93.60,200.00,13.00,0.00,30.00,M,4.35,M,BKN,BKN,BKN,M,1500.00,2500.00,3000.00,M,-RA,M,M,M,M,M,M,53.60,LFPG 272000Z 20013KT 7000 -RA BKN015 BKN025 BKN030 12/11 Q1016 NOSIG,M
LFPG,2026-02-27 20:30,53.60,51.80,93.60,210.00,16.00,0.00,30.00,M,6.21,M,BKN,M,M,M,1300.00,M,M,M,-RA,M,M,M,M,M,M,53.60,LFPG 272030Z 21016KT 9999 -RA BKN013 12/11 Q1016 NOSIG,M
LFPG,2026-02-27 21:00,53.60,50.00,87.56,220.00,15.00,0.00,30.00,M,6.21,M,BKN,M,M,M,1300.00,M,M,M,M,M,M,M,M,M,M,53.60,LFPG 272100Z 22015KT 9999 BKN013 12/10 Q1016 NOSIG,M
LFPG,2026-02-27 21:30,53.60,50.00,87.56,210.00,14.00,0.00,30.00,M,6.21,M,SCT,BKN,M,M,1500.00,4600.00,M,M,M,M,M,M,M,M,M,53.60,LFPG 272130Z 21014KT 9999 SCT015 BKN046 12/10 Q1016 NOSIG,M
LFPG,2026-02-27 22:00,53.60,48.20,81.87,210.00,13.00,0.00,30.00,M,6.21,M,BKN,BKN,M,M,2000.00,10000.00,M,M,M,M,M,M,M,M,M,53.60,LFPG 272200Z 21013KT 9999 BKN020 BKN100 12/09 Q1016 NOSIG,M
LFPG,2026-02-27 22:30,53.60,48.20,81.87,210.00,17.00,0.00,30.00,M,6.21,27.00,SCT,BKN,BKN,M,2000.00,5000.00,13000.00,M,M,M,M,M,M,M,M,53.60,LFPG 272230Z 21017G27KT 9999 SCT020 BKN050 BKN130 12/09 Q1016 NOSIG,M
LFPG,2026-02-27 23:00,51.80,46.40,81.74,220.00,16.00,0.00,30.00,M,6.21,M,SCT,BKN,M,M,2100.00,2900.00,M,M,M,M,M,M,M,M,M,51.80,LFPG 272300Z 22016KT 9999 SCT021 BKN029 11/08 Q1016 NOSIG,M
LFPG,2026-02-27 23:30,51.80,46.40,81.74,210.00,16.00,0.00,30.00,M,6.21,M,SCT,BKN,BKN,M,2300.00,3200.00,20000.00,M,M,M,M,M,M,M,M,51.80,LFPG 272330Z 21016KT 9999 SCT023 BKN032 BKN200 11/08 Q1016 NOSIG,M
LFPG,2026-02-28 00:00,51.80,46.40,81.74,210.00,15.00,0.00,30.00,M,6.21,M,BKN,BKN,M,M,2300.00,4000.00,M,M,M,M,M,M,M,M,M,51.80,LFPG 280000Z 21015KT 9999 BKN023 BKN040 11/08 Q1016 NOSIG,M
LFPG,2026-02-28 00:30,51.80,44.60,76.34,210.00,16.00,0.00,30.03,M,6.21,M,BKN,SCT,BKN,M,2300.00,3000.00,20000.00,M,M,M,M,M,M,M,M,51.80,LFPG 280030Z 21016KT 9999 BKN023 SCT030 BKN200 11/07 Q1017 NOSIG,M
LFPG,2026-02-28 01:00,51.80,44.60,76.34,210.00,17.00,0.00,30.00,M,6.21,M,BKN,BKN,M,M,2200.00,2900.00,M,M,M,M,M,M,M,M,M,51.80,LFPG 280100Z 21017KT 9999 BKN022 BKN029 11/07 Q1016 NOSIG,M
LFPG,2026-02-28 01:30,51.80,44.60,76.34,210.00,18.00,0.00,30.03,M,6.21,M,BKN,BKN,BKN,M,2000.00,2500.00,3300.00,M,M,M,M,M,M,M,M,51.80,LFPG 280130Z 21018KT 9999 BKN020 BKN025 BKN033 11/07 Q1017 NOSIG,M
LFPG,2026-02-28 02:00,51.80,44.60,76.34,210.00,17.00,0.00,30.00,M,6.21,M,BKN,BKN,BKN,M,1800.00,2600.00,3300.00,M,M,M,M,M,M,M,M,51.80,LFPG 280200Z 21017KT 9999 BKN018 BKN026 BKN033 11/07 Q1016 NOSIG,M
LFPG,2026-02-28 02:30,50.00,46.40,87.37,210.00,17.00,0.00,30.03,M,6.21,M,BKN,BKN,BKN,M,1800.00,2600.00,3600.00,M,M,M,M,M,M,M,M,50.00,LFPG 280230Z 21017KT 9999 BKN018 BKN026 BKN036 10/08 Q1017 NOSIG,M
LFPG,2026-02-28 03:00,50.00,44.60,81.60,210.00,19.00,0.00,30.03,M,6.21,M,BKN,BKN,BKN,M,1600.00,2500.00,3100.00,M,M,M,M,M,M,M,M,50.00,LFPG 280300Z 21019KT 9999 BKN016 BKN025 BKN031 10/07 Q1017 NOSIG,M
LFPG,2026-02-28 03:30,50.00,44.60,81.60,210.00,19.00,0.00,30.03,M,6.21,M,BKN,BKN,BKN,M,1800.00,2500.00,3300.00,M,M,M,M,M,M,M,M,50.00,LFPG 280330Z 21019KT 9999 BKN018 BKN025 BKN033 10/07 Q1017 NOSIG,M
LFPG,2026-02-28 04:00,50.00,42.80,76.17,210.00,17.00,0.00,30.03,M,6.21,M,BKN,BKN,BKN,M,2100.00,3300.00,21000.00,M,M,M,M,M,M,M,M,50.00,LFPG 280400Z 21017KT 9999 BKN021 BKN033 BKN210 10/06 Q1017 NOSIG,M
LFPG,2026-02-28 04:30,50.00,42.80,76.17,210.00,18.00,0.00,30.03,M,6.21,M,BKN,BKN,M,M,2000.00,3600.00,M,M,M,M,M,M,M,M,M,50.00,LFPG 280430Z 21018KT 9999 BKN020 BKN036 10/06 Q1017 NOSIG,M
LFPG,2026-02-28 05:00,50.00,42.80,76.17,210.00,16.00,0.00,30.03,M,6.21,M,BKN,BKN,M,M,2100.00,4000.00,M,M,M,M,M,M,M,M,M,50.00,LFPG 280500Z 21016KT 9999 BKN021 BKN040 10/06 Q1017 NOSIG,M
LFPG,2026-02-28 05:30,50.00,42.80,76.17,220.00,16.00,0.00,30.03,M,6.21,M,BKN,BKN,M,M,2100.00,4000.00,M,M,M,M,M,M,M,M,M,50.00,LFPG 280530Z 22016KT 9999 BKN021 BKN040 10/06 Q1017 NOSIG,M
LFPG,2026-02-28 06:00,48.20,42.80,81.47,230.00,15.00,0.00,30.06,M,6.21,M,BKN,BKN,BKN,M,1600.00,2600.00,3300.00,M,M,M,M,M,M,M,M,41.78,LFPG 280600Z 23015KT 9999 BKN016 BKN026 BKN033 09/06 Q1018 NOSIG,M
LFPG,2026-02-28 06:30,48.20,41.00,76.01,230.00,17.00,0.00,30.06,M,6.21,M,BKN,M,M,M,2500.00,M,M,M,M,M,M,M,M,M,M,41.30,LFPG 280630Z 23017KT 9999 BKN025 09/05 Q1018 NOSIG,M
LFPG,2026-02-28 07:00,48.20,41.00,76.01,220.00,17.00,0.00,30.06,M,6.21,M,BKN,M,M,M,2700.00,M,M,M,M,M,M,M,M,M,M,41.30,LFPG 280700Z 22017KT 9999 BKN027 09/05 Q1018 NOSIG,M
LFPG,2026-02-28 07:30,48.20,41.00,76.01,220.00,18.00,0.00,30.09,M,6.21,M,BKN,M,M,M,3600.00,M,M,M,M,M,M,M,M,M,M,41.07,LFPG 280730Z 22018KT 9999 BKN036 09/05 Q1019 TEMPO 22018G30KT,M
LFPG,2026-02-28 08:00,48.20,39.20,70.87,230.00,18.00,0.00,30.09,M,6.21,M,SCT,BKN,M,M,3100.00,3600.00,M,M,M,M,M,M,M,M,M,41.07,LFPG 280800Z 23018KT 9999 SCT031 BKN036 09/04 Q1019 TEMPO 22018G30KT,M
LFPG,2026-02-28 08:30,50.00,41.00,71.06,220.00,19.00,0.00,30.09,M,6.21,M,BKN,M,M,M,3200.00,M,M,M,M,M,M,M,M,M,M,50.00,LFPG 280830Z 22019KT 9999 BKN032 10/05 Q1019 TEMPO 22018G30KT,M
LFPG,2026-02-28 09:00,50.00,39.20,66.26,230.00,17.00,0.00,30.12,M,6.21,M,BKN,M,M,M,3000.00,M,M,M,M,M,M,M,M,M,M,50.00,LFPG 280900Z 23017KT 9999 BKN030 10/04 Q1020 TEMPO 22018G30KT,M
LFPG,2026-02-28 09:30,50.00,41.00,71.06,230.00,18.00,0.00,30.12,M,6.21,M,BKN,M,M,M,2900.00,M,M,M,M,M,M,M,M,M,M,50.00,LFPG 280930Z 23018KT 9999 BKN029 10/05 Q1020 TEMPO 22018G30KT,M
LFPG,2026-02-28 10:00,50.00,39.20,66.26,240.00,17.00,0.00,30.12,M,6.21,M,BKN,M,M,M,3000.00,M,M,M,M,M,M,M,M,M,M,50.00,LFPG 281000Z 24017KT 9999 BKN030 10/04 Q1020 TEMPO 22018G30KT,M
LFPG,2026-02-28 10:30,50.00,39.20,66.26,250.00,17.00,0.00,30.15,M,6.21,M,BKN,M,M,M,3200.00,M,M,M,M,M,M,M,M,M,M,50.00,LFPG 281030Z 25017KT 220V280 9999 BKN032 10/04 Q1021 TEMPO 22018G30KT,M
LFPG,2026-02-28 11:00,51.80,39.20,61.99,240.00,19.00,0.00,30.15,M,6.21,M,BKN,M,M,M,3200.00,M,M,M,M,M,M,M,M,M,M,51.80,LFPG 281100Z 24019KT 9999 BKN032 11/04 Q1021 TEMPO 22018G30KT,M
LFPG,2026-02-28 11:30,51.80,39.20,61.99,250.00,17.00,0.00,30.18,M,6.21,M,BKN,M,M,M,3300.00,M,M,M,M,M,M,M,M,M,M,51.80,LFPG 281130Z 25017KT 9999 BKN033 11/04 Q1022 TEMPO 22018G30KT,M
LFPG,2026-02-28 12:00,53.60,39.20,58.02,250.00,17.00,0.00,30.18,M,6.21,M,BKN,M,M,M,3500.00,M,M,M,M,M,M,M,M,M,M,53.60,LFPG 281200Z 25017KT 9999 BKN035 12/04 Q1022 TEMPO 22018G30KT,M
LFPG,2026-02-28 12:30,51.80,39.20,61.99,260.00,14.00,0.00,30.18,M,6.21,M,BKN,M,M,M,3600.00,M,M,M,M,M,M,M,M,M,M,51.80,LFPG 281230Z 26014KT 9999 BKN036 11/04 Q1022 TEMPO 22018G30KT,M
LFPG,2026-02-28 13:00,53.60,39.20,58.02,260.00,18.00,0.00,30.18,M,6.21,M,FEW,BKN,M,M,3300.00,4600.00,M,M,M,M,M,M,M,M,M,53.60,LFPG 281300Z 26018KT 9999 FEW033 BKN046 12/04 Q1022 TEMPO 22018G30KT,M
LFPG,2026-02-28 13:30,55.40,37.40,50.63,250.00,16.00,0.00,30.18,M,6.21,M,M,M,M,M,M,M,M,M,M,M,M,M,M,M,M,55.40,LFPG 281330Z 25016KT CAVOK 13/03 Q1022 TEMPO 22018G30KT SCT020TCU,M
LFPG,2026-02-28 14:00,57.20,39.20,50.91,260.00,12.00,0.00,30.18,M,6.21,M,BKN,BKN,M,M,4600.00,26000.00,M,M,M,M,M,M,M,M,M,57.20,LFPG 281400Z 26012KT 9999 BKN046 BKN260 14/04 Q1022 TEMPO 22018G30KT SCT020TCU,M
LFPG,2026-02-28 14:30,57.20,35.60,44.18,240.00,16.00,0.00,30.18,M,6.21,M,BKN,BKN,M,M,4600.00,26000.00,M,M,M,M,M,M,M,M,M,57.20,LFPG 281430Z 24016KT 9999 BKN046 BKN260 14/02 Q1022 TEMPO 22018G30KT SCT020TCU,M
LFPG,2026-02-28 15:00,53.60,39.20,58.02,280.00,16.00,0.00,30.21,M,6.21,M,FEW,BKN,M,M,3300.00,4600.00,M,M,M,M,M,M,M,M,M,53.60,LFPG 281500Z 28016KT 240V320 9999 FEW033 BKN046 12/04 Q1023 TEMPO 22018G30KT SCT020TCU,M
LFPG,2026-02-28 15:30,53.60,41.00,62.22,300.00,10.00,0.00,30.21,M,6.21,M,M,M,M,M,M,M,M,M,M,M,M,M,M,M,M,53.60,LFPG 281530Z 30010KT CAVOK 12/05 Q1023 TEMPO 22018G30KT SCT020TCU,M
LFPG,2026-02-28 16:00,53.60,39.20,58.02,290.00,7.00,0.00,30.21,M,6.21,M,BKN,M,M,M,3300.00,M,M,M,M,M,M,M,M,M,M,53.60,LFPG 281600Z 29007KT 9999 BKN033 12/04 Q1023 TEMPO 22018G30KT SCT020TCU,M
LFPG,2026-02-28 16:30,53.60,39.20,58.02,290.00,7.00,0.00,30.21,M,6.21,M,M,M,M,M,M,M,M,M,M,M,M,M,M,M,M,53.60,LFPG 281630Z 29007KT 240V320 CAVOK 12/04 Q1023 NOSIG,M
LFPG,2026-02-28 17:00,51.80,41.00,66.48,320.00,10.00,0.00,30.21,M,6.21,M,FEW,BKN,M,M,4300.00,6800.00,M,M,M,M,M,M,M,M,M,51.80,LFPG 281700Z 32010KT 9999 FEW043 BKN068 11/05 Q1023 NOSIG,M
LFPG,2026-02-28 17:30,50.00,39.20,66.26,330.00,3.00,0.00,30.21,M,6.21,M,M,M,M,M,M,M,M,M,M,M,M,M,M,M,M,50.00,LFPG 281730Z 33003KT CAVOK 10/04 Q1023 NOSIG,M
LFPG,2026-02-28 18:00,48.20,39.20,70.87,320.00,4.00,0.00,30.24,M,6.21,M,M,M,M,M,M,M,M,M,M,M,M,M,M,M,M,46.34,LFPG 281800Z 32004KT CAVOK 09/04 Q1024 NOSIG,M
LFPG,2026-02-28 18:30,46.40,39.20,75.84,320.00,4.00,0.00,30.24,M,6.21,M,M,M,M,M,M,M,M,M,M,M,M,M,M,M,M,44.24,LFPG 281830Z 32004KT CAVOK 08/04 Q1024 NOSIG,M
LFPG,2026-02-28 19:00,46.40,39.20,75.84,330.00,3.00,0.00,30.24,M,6.21,M,M,M,M,M,M,M,M,M,M,M,M,M,M,M,M,45.15,LFPG 281900Z 33003KT CAVOK 08/04 Q1024 NOSIG,M
LFPG,2026-02-28 19:30,46.40,39.20,75.84,0.00,0.00,0.00,30.24,M,6.21,M,M,M,M,M,M,M,M,M,M,M,M,M,M,M,M,46.40,LFPG 281930Z 00000KT CAVOK 08/04 Q1024 NOSIG,M
LFPG,2026-02-28 20:00,44.60,39.20,81.20,190.00,2.00,0.00,30.24,M,6.21,M,M,M,M,M,M,M,M,M,M,M,M,M,M,M,M,44.60,LFPG 282000Z 19002KT CAVOK 07/04 Q1024 NOSIG,M
LFPG,2026-02-28 20:30,42.80,39.20,86.99,170.00,4.00,0.00,30.24,M,6.21,M,M,M,M,M,M,M,M,M,M,M,M,M,M,M,M,40.03,LFPG 282030Z 17004KT 140V250 CAVOK 06/04 Q1024 NOSIG,M
LFPG,2026-02-28 21:00,42.80,39.20,86.99,150.00,5.00,0.00,30.27,M,6.21,M,M,M,M,M,M,M,M,M,M,M,M,M,M,M,M,39.22,LFPG 282100Z 15005KT CAVOK 06/04 Q1025 NOSIG,M
LFPG,2026-02-28 21:30,44.60,39.20,81.20,M,6.00,0.00,30.24,M,6.21,M,M,M,M,M,M,M,M,M,M,M,M,M,M,M,M,40.71,LFPG 282130Z VRB06KT CAVOK 07/04 Q1024 NOSIG,M
LFPG,2026-02-28 22:00,44.60,39.20,81.20,140.00,5.00,0.00,30.24,M,6.21,M,M,M,M,M,M,M,M,M,M,M,M,M,M,M,M,41.36,LFPG 282200Z 14005KT 080V160 CAVOK 07/04 Q1024 NOSIG,M
LFPG,2026-02-28 22:30,44.60,39.20,81.20,140.00,5.00,0.00,30.24,M,6.21,M,M,M,M,M,M,M,M,M,M,M,M,M,M,M,M,41.36,LFPG 282230Z 14005KT CAVOK 07/04 Q1024 NOSIG,M
LFPG,2026-02-28 23:00,42.80,37.40,81.06,150.00,4.00,0.00,30.24,M,6.21,M,M,M,M,M,M,M,M,M,M,M,M,M,M,M,M,40.03,LFPG 282300Z 15004KT CAVOK 06/03 Q1024 NOSIG,M
LFPG,2026-02-28 23:30,42.80,37.40,81.06,150.00,6.00,0.00,30.24,M,6.21,M,M,M,M,M,M,M,M,M,M,M,M,M,M,M,M,38.54,LFPG 282330Z 15006KT CAVOK 06/03 Q1024 NOSIG,M
LFPG,2026-03-01 00:00,42.80,37.40,81.06,160.00,4.00,0.00,30.24,M,6.21,M,M,M,M,M,M,M,M,M,M,M,M,M,M,M,M,40.03,LFPG 010000Z 16004KT CAVOK 06/03 Q1024 NOSIG,M
LFPG,2026-03-01 00:30,42.80,37.40,81.06,170.00,6.00,0.00,30.24,M,6.21,M,M,M,M,M,M,M,M,M,M,M,M,M,M,M,M,38.54,LFPG 010030Z 17006KT CAVOK 06/03 Q1024 NOSIG,M
LFPG,2026-03-01 01:00,41.00,37.40,86.89,170.00,5.00,0.00,30.24,M,6.21,M,M,M,M,M,M,M,M,M,M,M,M,M,M,M,M,37.08,LFPG 010100Z 17005KT CAVOK 05/03 Q1024 NOSIG,M
LFPG,2026-03-01 01:30,41.00,37.40,86.89,150.00,5.00,0.00,30.24,M,6.21,M,FEW,M,M,M,4500.00,M,M,M,M,M,M,M,M,M,M,37.08,LFPG 010130Z 15005KT 9999 FEW045 05/03 Q1024 NOSIG,M
LFPG,2026-03-01 02:00,41.00,37.40,86.89,170.00,6.00,0.00,30.24,M,6.21,M,M,M,M,M,M,M,M,M,M,M,M,M,M,M,M,36.37,LFPG 010200Z 17006KT CAVOK 05/03 Q1024 NOSIG,M
LFPG,2026-03-01 02:30,41.00,37.40,86.89,170.00,7.00,0.00,30.24,M,6.21,M,M,M,M,M,M,M,M,M,M,M,M,M,M,M,M,35.75,LFPG 010230Z 17007KT CAVOK 05/03 Q1024 NOSIG,M
LFPG,2026-03-01 03:00,41.00,37.40,86.89,180.00,7.00,0.00,30.21,M,6.21,M,M,M,M,M,M,M,M,M,M,M,M,M,M,M,M,35.75,LFPG 010300Z 18007KT CAVOK 05/03 Q1023 NOSIG,M
LFPG,2026-03-01 03:30,41.00,37.40,86.89,180.00,6.00,0.00,30.21,M,6.21,M,M,M,M,M,M,M,M,M,M,M,M,M,M,M,M,36.37,LFPG 010330Z 18006KT CAVOK 05/03 Q1023 NOSIG,M
LFPG,2026-03-01 04:00,41.00,37.40,86.89,170.00,7.00,0.00,30.21,M,6.21,M,M,M,M,M,M,M,M,M,M,M,M,M,M,M,M,35.75,LFPG 010400Z 17007KT CAVOK 05/03 Q1023 NOSIG,M
LFPG,2026-03-01 04:30,39.20,37.40,93.19,180.00,8.00,0.00,30.24,M,6.21,M,M,M,M,M,M,M,M,M,M,M,M,M,M,M,M,32.98,LFPG 010430Z 18008KT CAVOK 04/03 Q1024 NOSIG,M
LFPG,2026-03-01 05:00,39.20,37.40,93.19,170.00,9.00,0.00,30.24,M,6.21,M,M,M,M,M,M,M,M,M,M,M,M,M,M,M,M,32.47,LFPG 010500Z 17009KT CAVOK 04/03 Q1024 NOSIG,M
LFPG,2026-03-01 05:30,39.20,37.40,93.19,170.00,8.00,0.00,30.24,M,6.21,M,M,M,M,M,M,M,M,M,M,M,M,M,M,M,M,32.98,LFPG 010530Z 17008KT CAVOK 04/03 Q1024 TEMPO 4000 BR,M
LFPG,2026-03-01 06:00,39.20,37.40,93.19,170.00,9.00,0.00,30.24,M,6.21,M,M,M,M,M,M,M,M,M,M,M,M,M,M,M,M,32.47,LFPG 010600Z 17009KT CAVOK 04/03 Q1024 TEMPO 4000 BR,M
LFPG,2026-03-01 06:30,39.20,37.40,93.19,180.00,9.00,0.00,30.24,M,4.97,M,NSC,M,M,M,M,M,M,M,M,M,M,M,M,M,M,32.47,LFPG 010630Z 18009KT 8000 NSC 04/03 Q1024 TEMPO 4000 BR,M
LFPG,2026-03-01 07:00,39.20,39.20,100.00,180.00,9.00,0.00,30.24,M,4.97,M,NSC,M,M,M,M,M,M,M,M,M,M,M,M,M,M,32.47,LFPG 010700Z 18009KT 8000 NSC 04/04 Q1024 TEMPO 4000 BR,M
LFPG,2026-03-01 07:30,41.00,41.00,100.00,180.00,9.00,0.00,30.24,M,4.97,M,NSC,M,M,M,M,M,M,M,M,M,M,M,M,M,M,34.70,LFPG 010730Z 18009KT 8000 NSC 05/05 Q1024 TEMPO 4000 BR,M
LFPG,2026-03-01 08:00,42.80,41.00,93.29,180.00,10.00,0.00,30.24,M,4.97,M,FEW,BKN,M,M,600.00,14000.00,M,M,M,M,M,M,M,M,M,36.51,LFPG 010800Z 18010KT 8000 FEW006 BKN140 06/05 Q1024 TEMPO 4000 BR,M
LFPG,2026-03-01 08:30,42.80,41.00,93.29,180.00,9.00,0.00,30.24,M,4.97,M,FEW,BKN,M,M,600.00,14000.00,M,M,M,M,M,M,M,M,M,36.94,LFPG 010830Z 18009KT 8000 FEW006 BKN140 06/05 Q1024 TEMPO 4000 BR,M
LFPG,2026-03-01 09:00,44.60,41.00,87.08,180.00,9.00,0.00,30.24,M,4.97,M,NSC,M,M,M,M,M,M,M,M,M,M,M,M,M,M,39.18,LFPG 010900Z 18009KT 8000 NSC 07/05 Q1024 TEMPO 4000 BR,M
LFPG,2026-03-01 09:30,46.40,42.80,87.18,190.00,10.00,0.00,30.24,M,4.97,M,FEW,SCT,M,M,1000.00,13000.00,M,M,M,M,M,M,M,M,M,41.03,LFPG 010930Z 19010KT 160V220 8000 FEW010 SCT130 08/06 Q1024 TEMPO 4000 BR,M
LFPG,2026-03-01 10:00,48.20,42.80,81.47,200.00,13.00,0.00,30.24,M,4.97,M,SCT,SCT,M,M,1000.00,13000.00,M,M,M,M,M,M,M,M,M,42.32,LFPG 011000Z 20013KT 8000 SCT010 SCT130 09/06 Q1024 TEMPO 4000 BR,M
LFPG,2026-03-01 10:30,50.00,42.80,76.17,190.00,14.00,0.00,30.24,M,4.97,M,BKN,M,M,M,1000.00,M,M,M,M,M,M,M,M,M,M,50.00,LFPG 011030Z 19014KT 8000 BKN010 10/06 Q1024 TEMPO 4000 BR,M
LFPG,2026-03-01 11:00,51.80,42.80,71.26,200.00,14.00,0.00,30.24,M,6.21,M,BKN,M,M,M,1600.00,M,M,M,M,M,M,M,M,M,M,51.80,LFPG 011100Z 20014KT 9999 BKN016 11/06 Q1024 TEMPO 4000 BR,M
LFPG,2026-03-01 11:30,51.80,41.00,66.48,210.00,14.00,0.00,30.24,M,6.21,M,BKN,M,M,M,2000.00,M,M,M,M,M,M,M,M,M,M,51.80,LFPG 011130Z 21014KT 180V240 9999 BKN020 11/05 Q1024 TEMPO 4000 BR,M
LFPG,2026-03-01 12:00,53.60,41.00,62.22,220.00,15.00,0.00,30.21,M,6.21,M,BKN,M,M,M,2600.00,M,M,M,M,M,M,M,M,M,M,53.60,LFPG 011200Z 22015KT 190V250 9999 BKN026 12/05 Q1023 NOSIG,M
LFPG,2026-03-01 12:30,53.60,41.00,62.22,210.00,15.00,0.00,30.21,M,6.21,M,BKN,M,M,M,2800.00,M,M,M,M,M,M,M,M,M,M,53.60,LFPG 011230Z 21015KT 9999 BKN028 12/05 Q1023 NOSIG,M
LFPG,2026-03-01 13:00,53.60,39.20,58.02,220.00,15.00,0.00,30.21,M,6.21,M,BKN,M,M,M,3300.00,M,M,M,M,M,M,M,M,M,M,53.60,LFPG 011300Z 22015KT 9999 BKN033 12/04 Q1023 NOSIG,M
LFPG,2026-03-01 13:30,53.60,39.20,58.02,210.00,16.00,0.00,30.18,M,6.21,M,BKN,M,M,M,3300.00,M,M,M,M,M,M,M,M,M,M,53.60,LFPG 011330Z 21016KT 9999 BKN033 12/04 Q1022 NOSIG,M
LFPG,2026-03-01 14:00,53.60,39.20,58.02,230.00,13.00,0.00,30.18,M,6.21,M,BKN,M,M,M,3600.00,M,M,M,M,M,M,M,M,M,M,53.60,LFPG 011400Z 23013KT 200V280 9999 BKN036 12/04 Q1022 NOSIG,M
LFPG,2026-03-01 14:30,55.40,39.20,54.33,210.00,13.00,0.00,30.18,M,6.21,M,BKN,M,M,M,3600.00,M,M,M,M,M,M,M,M,M,M,55.40,LFPG 011430Z 21013KT 9999 BKN036 13/04 Q1022 NOSIG,M
LFPG,2026-03-01 15:00,55.40,39.20,54.33,210.00,14.00,0.00,30.18,M,6.21,M,BKN,M,M,M,4000.00,M,M,M,M,M,M,M,M,M,M,55.40,LFPG 011500Z 21014KT 9999 BKN040 13/04 Q1022 NOSIG,M
LFPG,2026-03-01 15:30,55.40,39.20,54.33,200.00,13.00,0.00,30.15,M,6.21,M,SCT,BKN,M,M,4000.00,13000.00,M,M,M,M,M,M,M,M,M,55.40,LFPG 011530Z 20013KT 9999 SCT040 BKN130 13/04 Q1021 NOSIG,M
LFPG,2026-03-01 16:00,53.60,37.40,54.07,210.00,12.00,0.00,30.15,M,6.21,M,SCT,BKN,M,M,4000.00,12000.00,M,M,M,M,M,M,M,M,M,53.60,LFPG 011600Z 21012KT 9999 SCT040 BKN120 12/03 Q1021 NOSIG,M
LFPG,2026-03-01 16:30,55.40,39.20,54.33,200.00,12.00,0.00,30.15,M,6.21,M,SCT,BKN,M,M,4000.00,13000.00,M,M,M,M,M,M,M,M,M,55.40,LFPG 011630Z 20012KT 9999 SCT040 BKN130 13/04 Q1021 NOSIG,M
LFPG,2026-03-01 17:00,53.60,39.20,58.02,200.00,12.00,0.00,30.15,M,6.21,M,FEW,SCT,M,M,4000.00,13000.00,M,M,M,M,M,M,M,M,M,53.60,LFPG 011700Z 20012KT 9999 FEW040 SCT130 12/04 Q1021 NOSIG,M
LFPG,2026-03-01 17:30,53.60,39.20,58.02,190.00,14.00,0.00,30.15,M,6.21,M,M,M,M,M,M,M,M,M,M,M,M,M,M,M,M,53.60,LFPG 011730Z 19014KT CAVOK 12/04 Q1021 NOSIG,M
LFPG,2026-03-01 18:00,51.80,39.20,61.99,190.00,9.00,0.00,30.15,M,6.21,M,M,M,M,M,M,M,M,M,M,M,M,M,M,M,M,51.80,LFPG 011800Z 19009KT CAVOK 11/04 Q1021 NOSIG,M
LFPG,2026-03-01 18:30,51.80,39.20,61.99,190.00,6.00,0.00,30.15,M,6.21,M,M,M,M,M,M,M,M,M,M,M,M,M,M,M,M,51.80,LFPG 011830Z 19006KT CAVOK 11/04 Q1021 NOSIG,M
LFPG,2026-03-01 19:00,51.80,39.20,61.99,170.00,5.00,0.00,30.15,M,6.21,M,M,M,M,M,M,M,M,M,M,M,M,M,M,M,M,51.80,LFPG 011900Z 17005KT CAVOK 11/04 Q1021 NOSIG,M
LFPG,2026-03-01 19:30,50.00,39.20,66.26,170.00,4.00,0.00,30.15,M,6.21,M,M,M,M,M,M,M,M,M,M,M,M,M,M,M,M,50.00,LFPG 011930Z 17004KT 120V180 CAVOK 10/04 Q1021 NOSIG,M
LFPG,2026-03-01 20:00,48.20,39.20,70.87,150.00,7.00,0.00,30.15,M,6.21,M,M,M,M,M,M,M,M,M,M,M,M,M,M,M,M,44.53,LFPG 012000Z 15007KT CAVOK 09/04 Q1021 NOSIG,M
LFPG,2026-03-01 20:30,48.20,39.20,70.87,140.00,6.00,0.00,30.15,M,6.21,M,M,M,M,M,M,M,M,M,M,M,M,M,M,M,M,45.04,LFPG 012030Z 14006KT CAVOK 09/04 Q1021 NOSIG,M
LFPG,2026-03-01 21:00,48.20,39.20,70.87,160.00,6.00,0.00,30.15,M,6.21,M,M,M,M,M,M,M,M,M,M,M,M,M,M,M,M,45.04,LFPG 012100Z 16006KT CAVOK 09/04 Q1021 NOSIG,M
LFPG,2026-03-01 21:30,48.20,37.40,66.04,150.00,7.00,0.00,30.12,M,6.21,M,M,M,M,M,M,M,M,M,M,M,M,M,M,M,M,44.53,LFPG 012130Z 15007KT CAVOK 09/03 Q1020 NOSIG,M
LFPG,2026-03-01 22:00,46.40,37.40,70.67,150.00,7.00,0.00,30.12,M,6.21,M,M,M,M,M,M,M,M,M,M,M,M,M,M,M,M,42.33,LFPG 012200Z 15007KT CAVOK 08/03 Q1020 NOSIG,M
LFPG,2026-03-01 22:30,46.40,37.40,70.67,150.00,8.00,0.00,30.12,M,6.21,M,M,M,M,M,M,M,M,M,M,M,M,M,M,M,M,41.85,LFPG 012230Z 15008KT CAVOK 08/03 Q1020 NOSIG,M
LFPG,2026-03-01 23:00,46.40,39.20,75.84,150.00,9.00,0.00,30.09,M,6.21,M,M,M,M,M,M,M,M,M,M,M,M,M,M,M,M,41.42,LFPG 012300Z 15009KT CAVOK 08/04 Q1019 NOSIG,M
LFPG,2026-03-01 23:30,46.40,37.40,70.67,150.00,8.00,0.00,30.09,M,6.21,M,M,M,M,M,M,M,M,M,M,M,M,M,M,M,M,41.85,LFPG 012330Z 15008KT CAVOK 08/03 Q1019 NOSIG,M
LFPG,2026-03-02 00:00,46.40,37.40,70.67,150.00,8.00,0.00,30.09,M,6.21,M,M,M,M,M,M,M,M,M,M,M,M,M,M,M,M,41.85,LFPG 020000Z 15008KT CAVOK 08/03 Q1019 NOSIG,M
LFPG,2026-03-02 00:30,46.40,37.40,70.67,150.00,8.00,0.00,30.09,M,6.21,M,M,M,M,M,M,M,M,M,M,M,M,M,M,M,M,41.85,LFPG 020030Z 15008KT CAVOK 08/03 Q1019 NOSIG,M
LFPG,2026-03-02 01:00,46.40,37.40,70.67,150.00,9.00,0.00,30.09,M,6.21,M,M,M,M,M,M,M,M,M,M,M,M,M,M,M,M,41.42,LFPG 020100Z 15009KT CAVOK 08/03 Q1019 NOSIG,M
LFPG,2026-03-02 01:30,46.40,37.40,70.67,140.00,9.00,0.00,30.09,M,6.21,M,M,M,M,M,M,M,M,M,M,M,M,M,M,M,M,41.42,LFPG 020130Z 14009KT CAVOK 08/03 Q1019 NOSIG,M
LFPG,2026-03-02 02:00,46.40,39.20,75.84,140.00,8.00,0.00,30.06,M,6.21,M,M,M,M,M,M,M,M,M,M,M,M,M,M,M,M,41.85,LFPG 020200Z 14008KT CAVOK 08/04 Q1018 NOSIG,M
LFPG,2026-03-02 02:30,46.40,37.40,70.67,140.00,9.00,0.00,30.06,M,6.21,M,M,M,M,M,M,M,M,M,M,M,M,M,M,M,M,41.42,LFPG 020230Z 14009KT CAVOK 08/03 Q1018 NOSIG,M
LFPG,2026-03-02 03:00,46.40,37.40,70.67,140.00,9.00,0.00,30.06,M,6.21,M,M,M,M,M,M,M,M,M,M,M,M,M,M,M,M,41.42,LFPG 020300Z 14009KT CAVOK 08/03 Q1018 NOSIG,M
LFPG,2026-03-02 03:30,44.60,37.40,75.67,150.00,8.00,0.00,30.06,M,6.21,M,M,M,M,M,M,M,M,M,M,M,M,M,M,M,M,39.63,LFPG 020330Z 15008KT CAVOK 07/03 Q1018 NOSIG,M
LFPG,2026-03-02 04:00,44.60,37.40,75.67,150.00,8.00,0.00,30.06,M,6.21,M,M,M,M,M,M,M,M,M,M,M,M,M,M,M,M,39.63,LFPG 020400Z 15008KT CAVOK 07/03 Q1018 NOSIG,M
LFPG,2026-03-02 04:30,44.60,37.40,75.67,150.00,8.00,0.00,30.06,M,6.21,M,M,M,M,M,M,M,M,M,M,M,M,M,M,M,M,39.63,LFPG 020430Z 15008KT CAVOK 07/03 Q1018 NOSIG,M
LFPG,2026-03-02 05:00,44.60,37.40,75.67,160.00,9.00,0.00,30.06,M,6.21,M,M,M,M,M,M,M,M,M,M,M,M,M,M,M,M,39.18,LFPG 020500Z 16009KT CAVOK 07/03 Q1018 NOSIG,M
LFPG,2026-03-02 05:30,44.60,37.40,75.67,150.00,5.00,0.00,30.06,M,6.21,M,M,M,M,M,M,M,M,M,M,M,M,M,M,M,M,41.36,LFPG 020530Z 15005KT CAVOK 07/03 Q1018 NOSIG,M
LFPG,2026-03-02 06:00,44.60,37.40,75.67,150.00,8.00,0.00,30.06,M,6.21,M,M,M,M,M,M,M,M,M,M,M,M,M,M,M,M,39.63,LFPG 020600Z 15008KT CAVOK 07/03 Q1018 NOSIG,M
LFPG,2026-03-02 06:30,44.60,37.40,75.67,160.00,6.00,0.00,30.06,M,6.21,M,M,M,M,M,M,M,M,M,M,M,M,M,M,M,M,40.71,LFPG 020630Z 16006KT CAVOK 07/03 Q1018 NOSIG,M
LFPG,2026-03-02 07:00,44.60,37.40,75.67,150.00,7.00,0.00,30.06,M,6.21,M,M,M,M,M,M,M,M,M,M,M,M,M,M,M,M,40.14,LFPG 020700Z 15007KT CAVOK 07/03 Q1018 NOSIG,M
LFPG,2026-03-02 07:30,44.60,37.40,75.67,150.00,6.00,0.00,30.06,M,6.21,M,M,M,M,M,M,M,M,M,M,M,M,M,M,M,M,40.71,LFPG 020730Z 15006KT CAVOK 07/03 Q1018 NOSIG,M
LFPG,2026-03-02 08:00,48.20,39.20,70.87,150.00,8.00,0.00,30.06,M,6.21,M,M,M,M,M,M,M,M,M,M,M,M,M,M,M,M,44.07,LFPG 020800Z 15008KT CAVOK 09/04 Q1018 NOSIG,M
LFPG,2026-03-02 08:30,48.20,39.20,70.87,160.00,7.00,0.00,30.09,M,6.21,M,M,M,M,M,M,M,M,M,M,M,M,M,M,M,M,44.53,LFPG 020830Z 16007KT CAVOK 09/04 Q1019 NOSIG,M
LFPG,2026-03-02 09:00,51.80,39.20,61.99,170.00,6.00,0.00,30.09,M,6.21,M,M,M,M,M,M,M,M,M,M,M,M,M,M,M,M,51.80,LFPG 020900Z 17006KT 120V190 CAVOK 11/04 Q1019 NOSIG,M
LFPG,2026-03-02 09:30,53.60,39.20,58.02,170.00,10.00,0.00,30.09,M,6.21,M,M,M,M,M,M,M,M,M,M,M,M,M,M,M,M,53.60,LFPG 020930Z 17010KT CAVOK 12/04 Q1019 NOSIG,M
LFPG,2026-03-02 10:00,55.40,39.20,54.33,160.00,11.00,0.00,30.09,M,6.21,M,M,M,M,M,M,M,M,M,M,M,M,M,M,M,M,55.40,LFPG 021000Z 16011KT 110V190 CAVOK 13/04 Q1019 NOSIG,M
LFPG,2026-03-02 10:30,57.20,39.20,50.91,160.00,9.00,0.00,30.09,M,6.21,M,M,M,M,M,M,M,M,M,M,M,M,M,M,M,M,57.20,LFPG 021030Z 16009KT 110V190 CAVOK 14/04 Q1019 NOSIG,M
LFPG,2026-03-02 11:00,57.20,41.00,54.60,150.00,10.00,0.00,30.09,M,6.21,M,FEW,M,M,M,4000.00,M,M,M,M,M,M,M,M,M,M,57.20,LFPG 021100Z 15010KT 9999 FEW040 14/05 Q1019 NOSIG,M
LFPG,2026-03-02 11:30,60.80,41.00,48.01,160.00,5.00,0.00,30.06,M,6.21,M,M,M,M,M,M,M,M,M,M,M,M,M,M,M,M,60.80,LFPG 021130Z 16005KT 100V210 CAVOK 16/05 Q1018 NOSIG,M
LFPG,2026-03-02 12:00,60.80,39.20,44.76,160.00,7.00,0.00,30.06,M,6.21,M,M,M,M,M,M,M,M,M,M,M,M,M,M,M,M,60.80,LFPG 021200Z 16007KT CAVOK 16/04 Q1018 NOSIG,M
LFPG,2026-03-02 12:30,60.80,39.20,44.76,170.00,5.00,0.00,30.06,M,6.21,M,M,M,M,M,M,M,M,M,M,M,M,M,M,M,M,60.80,LFPG 021230Z 17005KT 110V230 CAVOK 16/04 Q1018 NOSIG,M
LFPG,2026-03-02 13:00,62.60,39.20,42.00,M,7.00,0.00,30.06,M,6.21,M,M,M,M,M,M,M,M,M,M,M,M,M,M,M,M,62.60,LFPG 021300Z VRB07KT CAVOK 17/04 Q1018 NOSIG,M
LFPG,2026-03-02 13:30,62.60,39.20,42.00,170.00,5.00,0.00,30.06,M,6.21,M,M,M,M,M,M,M,M,M,M,M,M,M,M,M,M,62.60,LFPG 021330Z 17005KT 120V210 CAVOK 17/04 Q1018 NOSIG,M
LFPG,2026-03-02 14:00,62.60,37.40,39.14,160.00,8.00,0.00,30.06,M,6.21,M,M,M,M,M,M,M,M,M,M,M,M,M,M,M,M,62.60,LFPG 021400Z 16008KT 100V210 CAVOK 17/03 Q1018 NOSIG,M
LFPG,2026-03-02 14:30,62.60,37.40,39.14,150.00,11.00,0.00,30.06,M,6.21,M,M,M,M,M,M,M,M,M,M,M,M,M,M,M,M,62.60,LFPG 021430Z 15011KT 110V170 CAVOK 17/03 Q1018 NOSIG,M
LFPG,2026-03-02 15:00,62.60,39.20,42.00,170.00,11.00,0.00,30.06,M,6.21,M,M,M,M,M,M,M,M,M,M,M,M,M,M,M,M,62.60,LFPG 021500Z 17011KT CAVOK 17/04 Q1018 NOSIG,M
LFPG,2026-03-02 15:30,62.60,39.20,42.00,170.00,10.00,0.00,30.03,M,6.21,M,M,M,M,M,M,M,M,M,M,M,M,M,M,M,M,62.60,LFPG 021530Z 17010KT CAVOK 17/04 Q1017 NOSIG,M
LFPG,2026-03-02 16:00,62.60,39.20,42.00,150.00,11.00,0.00,30.06,M,6.21,M,M,M,M,M,M,M,M,M,M,M,M,M,M,M,M,62.60,LFPG 021600Z 15011KT CAVOK 17/04 Q1018 NOSIG,M
LFPG,2026-03-02 16:30,60.80,41.00,48.01,140.00,9.00,0.00,30.06,M,6.21,M,M,M,M,M,M,M,M,M,M,M,M,M,M,M,M,60.80,LFPG 021630Z 14009KT CAVOK 16/05 Q1018 NOSIG,M
LFPG,2026-03-02 17:00,60.80,41.00,48.01,140.00,9.00,0.00,30.06,M,6.21,M,M,M,M,M,M,M,M,M,M,M,M,M,M,M,M,60.80,LFPG 021700Z 14009KT CAVOK 16/05 Q1018 NOSIG,M
LFPG,2026-03-02 17:30,59.00,41.00,51.18,130.00,9.00,0.00,30.06,M,6.21,M,M,M,M,M,M,M,M,M,M,M,M,M,M,M,M,59.00,LFPG 021730Z 13009KT CAVOK 15/05 Q1018 NOSIG,M
LFPG,2026-03-02 18:00,57.20,41.00,54.60,140.00,7.00,0.00,30.09,M,6.21,M,M,M,M,M,M,M,M,M,M,M,M,M,M,M,M,57.20,LFPG 021800Z 14007KT CAVOK 14/05 Q1019 NOSIG,M
LFPG,2026-03-02 18:30,57.20,41.00,54.60,140.00,6.00,0.00,30.09,M,6.21,M,M,M,M,M,M,M,M,M,M,M,M,M,M,M,M,57.20,LFPG 021830Z 14006KT CAVOK 14/05 Q1019 NOSIG,M
LFPG,2026-03-02 19:00,55.40,41.00,58.27,140.00,7.00,0.00,30.09,M,6.21,M,M,M,M,M,M,M,M,M,M,M,M,M,M,M,M,55.40,LFPG 021900Z 14007KT CAVOK 13/05 Q1019 NOSIG,M
LFPG,2026-03-02 19:30,55.40,41.00,58.27,130.00,6.00,0.00,30.09,M,6.21,M,M,M,M,M,M,M,M,M,M,M,M,M,M,M,M,55.40,LFPG 021930Z 13006KT CAVOK 13/05 Q1019 NOSIG,M
LFPG,2026-03-02 20:00,55.40,41.00,58.27,130.00,5.00,0.00,30.12,M,6.21,M,M,M,M,M,M,M,M,M,M,M,M,M,M,M,M,55.40,LFPG 022000Z 13005KT CAVOK 13/05 Q1020 NOSIG,M
LFPG,2026-03-02 20:30,55.40,41.00,58.27,120.00,7.00,0.00,30.12,M,6.21,M,M,M,M,M,M,M,M,M,M,M,M,M,M,M,M,55.40,LFPG 022030Z 12007KT CAVOK 13/05 Q1020 NOSIG,M
LFPG,2026-03-02 21:00,53.60,41.00,62.22,120.00,6.00,0.00,30.12,M,6.21,M,M,M,M,M,M,M,M,M,M,M,M,M,M,M,M,53.60,LFPG 022100Z 12006KT CAVOK 12/05 Q1020 NOSIG,M
LFPG,2026-03-02 21:30,53.60,41.00,62.22,130.00,5.00,0.00,30.12,M,6.21,M,M,M,M,M,M,M,M,M,M,M,M,M,M,M,M,53.60,LFPG 022130Z 13005KT CAVOK 12/05 Q1020 NOSIG,M
LFPG,2026-03-02 22:00,51.80,41.00,66.48,130.00,5.00,0.00,30.15,M,6.21,M,M,M,M,M,M,M,M,M,M,M,M,M,M,M,M,51.80,LFPG 022200Z 13005KT CAVOK 11/05 Q1021 NOSIG,M
LFPG,2026-03-02 22:30,51.80,41.00,66.48,130.00,6.00,0.00,30.15,M,6.21,M,M,M,M,M,M,M,M,M,M,M,M,M,M,M,M,51.80,LFPG 022230Z 13006KT CAVOK 11/05 Q1021 NOSIG,M
LFPG,2026-03-02 23:00,50.00,41.00,71.06,120.00,5.00,0.00,30.15,M,6.21,M,M,M,M,M,M,M,M,M,M,M,M,M,M,M,M,50.00,LFPG 022300Z 12005KT CAVOK 10/05 Q1021 NOSIG,M
LFPG,2026-03-02 23:30,50.00,41.00,71.06,120.00,4.00,0.00,30.15,M,6.21,M,M,M,M,M,M,M,M,M,M,M,M,M,M,M,M,50.00,LFPG 022330Z 12004KT CAVOK 10/05 Q1021 NOSIG,M
LFPG,2026-03-03 00:00,48.20,41.00,76.01,110.00,5.00,0.00,30.15,M,6.21,M,M,M,M,M,M,M,M,M,M,M,M,M,M,M,M,45.63,LFPG 030000Z 11005KT CAVOK 09/05 Q1021 NOSIG,M
LFPG,2026-03-03 00:30,48.20,41.00,76.01,110.00,7.00,0.00,30.15,M,6.21,M,M,M,M,M,M,M,M,M,M,M,M,M,M,M,M,44.53,LFPG 030030Z 11007KT CAVOK 09/05 Q1021 NOSIG,M
LFPG,2026-03-03 01:00,46.40,41.00,81.33,100.00,3.00,0.00,30.18,M,6.21,M,M,M,M,M,M,M,M,M,M,M,M,M,M,M,M,45.15,LFPG 030100Z 10003KT CAVOK 08/05 Q1022 NOSIG,M
LFPG,2026-03-03 01:30,44.60,41.00,87.08,90.00,5.00,0.00,30.18,M,6.21,M,M,M,M,M,M,M,M,M,M,M,M,M,M,M,M,41.36,LFPG 030130Z 09005KT CAVOK 07/05 Q1022 NOSIG,M
LFPG,2026-03-03 02:00,44.60,41.00,87.08,100.00,5.00,0.00,30.18,M,6.21,M,M,M,M,M,M,M,M,M,M,M,M,M,M,M,M,41.36,LFPG 030200Z 10005KT CAVOK 07/05 Q1022 NOSIG,M
LFPG,2026-03-03 02:30,46.40,41.00,81.33,120.00,3.00,0.00,30.18,M,6.21,M,M,M,M,M,M,M,M,M,M,M,M,M,M,M,M,45.15,LFPG 030230Z 12003KT CAVOK 08/05 Q1022 NOSIG,M
LFPG,2026-03-03 03:00,46.40,41.00,81.33,100.00,5.00,0.00,30.18,M,6.21,M,M,M,M,M,M,M,M,M,M,M,M,M,M,M,M,43.50,LFPG 030300Z 10005KT CAVOK 08/05 Q1022 NOSIG,M
LFPG,2026-03-03 03:30,44.60,41.00,87.08,100.00,4.00,0.00,30.18,M,6.21,M,M,M,M,M,M,M,M,M,M,M,M,M,M,M,M,42.13,LFPG 030330Z 10004KT CAVOK 07/05 Q1022 NOSIG,M
LFPG,2026-03-03 04:00,44.60,39.20,81.20,110.00,5.00,0.00,30.18,M,6.21,M,M,M,M,M,M,M,M,M,M,M,M,M,M,M,M,41.36,LFPG 030400Z 11005KT CAVOK 07/04 Q1022 NOSIG,M
LFPG,2026-03-03 04:30,44.60,41.00,87.08,100.00,5.00,0.00,30.21,M,6.21,M,M,M,M,M,M,M,M,M,M,M,M,M,M,M,M,41.36,LFPG 030430Z 10005KT CAVOK 07/05 Q1023 NOSIG,M
LFPG,2026-03-03 05:00,44.60,41.00,87.08,110.00,4.00,0.00,30.21,M,6.21,M,M,M,M,M,M,M,M,M,M,M,M,M,M,M,M,42.13,LFPG 030500Z 11004KT CAVOK 07/05 Q1023 NOSIG,M
LFPG,2026-03-03 05:30,44.60,39.20,81.20,100.00,6.00,0.00,30.21,M,6.21,M,M,M,M,M,M,M,M,M,M,M,M,M,M,M,M,40.71,LFPG 030530Z 10006KT CAVOK 07/04 Q1023 NOSIG,M
LFPG,2026-03-03 06:00,44.60,41.00,87.08,110.00,4.00,0.00,30.21,M,6.21,M,M,M,M,M,M,M,M,M,M,M,M,M,M,M,M,42.13,LFPG 030600Z 11004KT CAVOK 07/05 Q1023 NOSIG,M
LFPG,2026-03-03 06:30,42.80,39.20,86.99,100.00,4.00,0.00,30.24,M,6.21,M,M,M,M,M,M,M,M,M,M,M,M,M,M,M,M,40.03,LFPG 030630Z 10004KT 090V150 CAVOK 06/04 Q1024 NOSIG,M
LFPG,2026-03-03 07:00,44.60,41.00,87.08,120.00,6.00,0.00,30.24,M,6.21,M,M,M,M,M,M,M,M,M,M,M,M,M,M,M,M,40.71,LFPG 030700Z 12006KT CAVOK 07/05 Q1024 NOSIG,M
LFPG,2026-03-03 07:30,46.40,41.00,81.33,130.00,8.00,0.00,30.24,M,6.21,M,M,M,M,M,M,M,M,M,M,M,M,M,M,M,M,41.85,LFPG 030730Z 13008KT CAVOK 08/05 Q1024 NOSIG,M
LFPG,2026-03-03 08:00,48.20,41.00,76.01,130.00,5.00,0.00,30.24,M,6.21,M,M,M,M,M,M,M,M,M,M,M,M,M,M,M,M,45.63,LFPG 030800Z 13005KT CAVOK 09/05 Q1024 NOSIG,M
LFPG,2026-03-03 08:30,50.00,41.00,71.06,120.00,4.00,0.00,30.24,M,6.21,M,M,M,M,M,M,M,M,M,M,M,M,M,M,M,M,50.00,LFPG 030830Z 12004KT 060V150 CAVOK 10/05 Q1024 NOSIG,M
LFPG,2026-03-03 09:00,51.80,42.80,71.26,150.00,3.00,0.00,30.27,M,6.21,M,M,M,M,M,M,M,M,M,M,M,M,M,M,M,M,51.80,LFPG 030900Z 15003KT CAVOK 11/06 Q1025 NOSIG,M
LFPG,2026-03-03 09:30,53.60,42.80,66.70,130.00,4.00,0.00,30.27,M,6.21,M,M,M,M,M,M,M,M,M,M,M,M,M,M,M,M,53.60,LFPG 030930Z 13004KT 090V150 CAVOK 12/06 Q1025 NOSIG,M
LFPG,2026-03-03 10:00,55.40,42.80,62.46,M,3.00,0.00,30.27,M,6.21,M,M,M,M,M,M,M,M,M,M,M,M,M,M,M,M,55.40,LFPG 031000Z VRB03KT CAVOK 13/06 Q1025 NOSIG,M
LFPG,2026-03-03 10:30,57.20,42.80,58.52,120.00,4.00,0.00,30.27,M,6.21,M,M,M,M,M,M,M,M,M,M,M,M,M,M,M,M,57.20,LFPG 031030Z 12004KT 070V150 CAVOK 14/06 Q1025 NOSIG,M
LFPG,2026-03-03 11:00,59.00,42.80,54.86,110.00,5.00,0.00,30.27,M,6.21,M,M,M,M,M,M,M,M,M,M,M,M,M,M,M,M,59.00,LFPG 031100Z 11005KT 060V150 CAVOK 15/06 Q1025 NOSIG,M
LFPG,2026-03-03 11:30,59.00,44.60,58.78,90.00,4.00,0.00,30.27,M,6.21,M,M,M,M,M,M,M,M,M,M,M,M,M,M,M,M,59.00,LFPG 031130Z 09004KT 040V140 CAVOK 15/07 Q1025 NOSIG,M
LFPG,2026-03-03 12:00,59.00,42.80,54.86,80.00,5.00,0.00,30.27,M,6.21,M,M,M,M,M,M,M,M,M,M,M,M,M,M,M,M,59.00,LFPG 031200Z 08005KT 040V110 CAVOK 15/06 Q1025 NOSIG,M
LFPG,2026-03-03 12:30,60.80,44.60,55.13,100.00,6.00,0.00,30.27,M,6.21,M,M,M,M,M,M,M,M,M,M,M,M,M,M,M,M,60.80,LFPG 031230Z 10006KT 060V130 CAVOK 16/07 Q1025 NOSIG,M
LFPG,2026-03-03 13:00,60.80,44.60,55.13,100.00,5.00,0.00,30.27,M,6.21,M,M,M,M,M,M,M,M,M,M,M,M,M,M,M,M,60.80,LFPG 031300Z 10005KT 060V130 CAVOK 16/07 Q1025 NOSIG,M
LFPG,2026-03-03 13:30,62.60,44.60,51.73,90.00,6.00,0.00,30.27,M,6.21,M,M,M,M,M,M,M,M,M,M,M,M,M,M,M,M,62.60,LFPG 031330Z 09006KT 060V130 CAVOK 17/07 Q1025 NOSIG,M
LFPG,2026-03-03 14:00,62.60,44.60,51.73,90.00,6.00,0.00,30.24,M,6.21,M,M,M,M,M,M,M,M,M,M,M,M,M,M,M,M,62.60,LFPG 031400Z 09006KT 050V130 CAVOK 17/07 Q1024 NOSIG,M
LFPG,2026-03-03 14:30,62.60,44.60,51.73,70.00,6.00,0.00,30.24,M,6.21,M,M,M,M,M,M,M,M,M,M,M,M,M,M,M,M,62.60,LFPG 031430Z 07006KT 040V110 CAVOK 17/07 Q1024 NOSIG,M
LFPG,2026-03-03 15:00,62.60,42.80,48.29,70.00,8.00,0.00,30.24,M,6.21,M,M,M,M,M,M,M,M,M,M,M,M,M,M,M,M,62.60,LFPG 031500Z 07008KT CAVOK 17/06 Q1024 NOSIG,M
LFPG,2026-03-03 15:30,62.60,42.80,48.29,70.00,7.00,0.00,30.24,M,6.21,M,M,M,M,M,M,M,M,M,M,M,M,M,M,M,M,62.60,LFPG 031530Z 07007KT CAVOK 17/06 Q1024 NOSIG,M
LFPG,2026-03-03 16:00,62.60,42.80,48.29,90.00,7.00,0.00,30.24,M,6.21,M,M,M,M,M,M,M,M,M,M,M,M,M,M,M,M,62.60,LFPG 031600Z 09007KT 050V120 CAVOK 17/06 Q1024 NOSIG,M
LFPG,2026-03-03 16:30,62.60,41.00,45.05,90.00,7.00,0.00,30.24,M,6.21,M,M,M,M,M,M,M,M,M,M,M,M,M,M,M,M,62.60,LFPG 031630Z 09007KT CAVOK 17/05 Q1024 NOSIG,M
LFPG,2026-03-03 17:00,62.60,41.00,45.05,90.00,7.00,0.00,30.24,M,6.21,M,M,M,M,M,M,M,M,M,M,M,M,M,M,M,M,62.60,LFPG 031700Z 09007KT CAVOK 17/05 Q1024 NOSIG,M
LFPG,2026-03-03 17:30,60.80,41.00,48.01,80.00,6.00,0.00,30.24,M,6.21,M,M,M,M,M,M,M,M,M,M,M,M,M,M,M,M,60.80,LFPG 031730Z 08006KT CAVOK 16/05 Q1024 NOSIG,M
LFPG,2026-03-03 18:00,59.00,41.00,51.18,110.00,6.00,0.00,30.27,M,6.21,M,M,M,M,M,M,M,M,M,M,M,M,M,M,M,M,59.00,LFPG 031800Z 11006KT CAVOK 15/05 Q1025 NOSIG,M
LFPG,2026-03-03 18:30,59.00,41.00,51.18,100.00,4.00,0.00,30.27,M,6.21,M,M,M,M,M,M,M,M,M,M,M,M,M,M,M,M,59.00,LFPG 031830Z 10004KT CAVOK 15/05 Q1025 NOSIG,M
LFPG,2026-03-03 19:00,55.40,42.80,62.46,70.00,5.00,0.00,30.27,M,6.21,M,M,M,M,M,M,M,M,M,M,M,M,M,M,M,M,55.40,LFPG 031900Z 07005KT CAVOK 13/06 Q1025 NOSIG,M
LFPG,2026-03-03 19:30,55.40,42.80,62.46,80.00,6.00,0.00,30.27,M,6.21,M,M,M,M,M,M,M,M,M,M,M,M,M,M,M,M,55.40,LFPG 031930Z 08006KT CAVOK 13/06 Q1025 NOSIG,M
LFPG,2026-03-03 20:00,55.40,42.80,62.46,80.00,6.00,0.00,30.27,M,6.21,M,M,M,M,M,M,M,M,M,M,M,M,M,M,M,M,55.40,LFPG 032000Z 08006KT CAVOK 13/06 Q1025 NOSIG,M
LFPG,2026-03-03 20:30,55.40,42.80,62.46,70.00,5.00,0.00,30.27,M,6.21,M,M,M,M,M,M,M,M,M,M,M,M,M,M,M,M,55.40,LFPG 032030Z 07005KT CAVOK 13/06 Q1025 NOSIG,M
LFPG,2026-03-03 21:00,53.60,42.80,66.70,60.00,6.00,0.00,30.27,M,6.21,M,M,M,M,M,M,M,M,M,M,M,M,M,M,M,M,53.60,LFPG 032100Z 06006KT CAVOK 12/06 Q1025 NOSIG,M
LFPG,2026-03-03 21:30,51.80,42.80,71.26,50.00,6.00,0.00,30.27,M,6.21,M,M,M,M,M,M,M,M,M,M,M,M,M,M,M,M,51.80,LFPG 032130Z 05006KT CAVOK 11/06 Q1025 NOSIG,M
LFPG,2026-03-03 22:00,50.00,42.80,76.17,60.00,6.00,0.00,30.30,M,6.21,M,M,M,M,M,M,M,M,M,M,M,M,M,M,M,M,50.00,LFPG 032200Z 06006KT CAVOK 10/06 Q1026 NOSIG,M
LFPG,2026-03-03 22:30,48.20,42.80,81.47,40.00,7.00,0.00,30.30,M,6.21,M,M,M,M,M,M,M,M,M,M,M,M,M,M,M,M,44.53,LFPG 032230Z 04007KT CAVOK 09/06 Q1026 NOSIG,M
LFPG,2026-03-03 23:00,50.00,42.80,76.17,70.00,8.00,0.00,30.30,M,6.21,M,M,M,M,M,M,M,M,M,M,M,M,M,M,M,M,50.00,LFPG 032300Z 07008KT CAVOK 10/06 Q1026 NOSIG,M
LFPG,2026-03-03 23:30,50.00,42.80,76.17,60.00,8.00,0.00,30.27,M,6.21,M,M,M,M,M,M,M,M,M,M,M,M,M,M,M,M,50.00,LFPG 032330Z 06008KT CAVOK 10/06 Q1025 NOSIG,M
LFPG,2026-03-04 00:00,50.00,42.80,76.17,60.00,8.00,0.00,30.27,M,6.21,M,M,M,M,M,M,M,M,M,M,M,M,M,M,M,M,50.00,LFPG 040000Z 06008KT CAVOK 10/06 Q1025 NOSIG,M
LFPG,2026-03-04 00:30,48.20,42.80,81.47,70.00,6.00,0.00,30.27,M,6.21,M,M,M,M,M,M,M,M,M,M,M,M,M,M,M,M,45.04,LFPG 040030Z 07006KT CAVOK 09/06 Q1025 NOSIG,M
LFPG,2026-03-04 01:00,48.20,41.00,76.01,70.00,6.00,0.00,30.27,M,6.21,M,M,M,M,M,M,M,M,M,M,M,M,M,M,M,M,45.04,LFPG 040100Z 07006KT CAVOK 09/05 Q1025 NOSIG,M
LFPG,2026-03-04 01:30,50.00,42.80,76.17,80.00,6.00,0.00,30.27,M,6.21,M,M,M,M,M,M,M,M,M,M,M,M,M,M,M,M,50.00,LFPG 040130Z 08006KT CAVOK 10/06 Q1025 NOSIG,M
LFPG,2026-03-04 02:00,50.00,42.80,76.17,90.00,4.00,0.00,30.27,M,6.21,M,M,M,M,M,M,M,M,M,M,M,M,M,M,M,M,50.00,LFPG 040200Z 09004KT CAVOK 10/06 Q1025 NOSIG,M
LFPG,2026-03-04 02:30,48.20,41.00,76.01,60.00,4.00,0.00,30.27,M,6.21,M,M,M,M,M,M,M,M,M,M,M,M,M,M,M,M,46.34,LFPG 040230Z 06004KT CAVOK 09/05 Q1025 NOSIG,M
LFPG,2026-03-04 03:00,46.40,41.00,81.33,20.00,5.00,0.00,30.27,M,6.21,M,M,M,M,M,M,M,M,M,M,M,M,M,M,M,M,43.50,LFPG 040300Z 02005KT CAVOK 08/05 Q1025 NOSIG,M
LFPG,2026-03-04 03:30,44.60,41.00,87.08,20.00,7.00,0.00,30.27,M,6.21,M,M,M,M,M,M,M,M,M,M,M,M,M,M,M,M,40.14,LFPG 040330Z 02007KT CAVOK 07/05 Q1025 NOSIG,M
LFPG,2026-03-04 04:00,44.60,41.00,87.08,30.00,6.00,0.00,30.27,M,6.21,M,M,M,M,M,M,M,M,M,M,M,M,M,M,M,M,40.71,LFPG 040400Z 03006KT CAVOK 07/05 Q1025 NOSIG,M
LFPG,2026-03-04 04:30,44.60,41.00,87.08,40.00,5.00,0.00,30.27,M,6.21,M,M,M,M,M,M,M,M,M,M,M,M,M,M,M,M,41.36,LFPG 040430Z 04005KT CAVOK 07/05 Q1025 NOSIG,M
LFPG,2026-03-04 05:00,42.80,41.00,93.29,40.00,6.00,0.00,30.27,M,6.21,M,M,M,M,M,M,M,M,M,M,M,M,M,M,M,M,38.54,LFPG 040500Z 04006KT CAVOK 06/05 Q1025 NOSIG,M
LFPG,2026-03-04 05:30,42.80,39.20,86.99,40.00,5.00,0.00,30.27,M,6.21,M,M,M,M,M,M,M,M,M,M,M,M,M,M,M,M,39.22,LFPG 040530Z 04005KT CAVOK 06/04 Q1025 NOSIG,M
LFPG,2026-03-04 06:00,42.80,39.20,86.99,50.00,6.00,0.00,30.27,M,6.21,M,M,M,M,M,M,M,M,M,M,M,M,M,M,M,M,38.54,LFPG 040600Z 05006KT CAVOK 06/04 Q1025 NOSIG,M
LFPG,2026-03-04 06:30,42.80,41.00,93.29,60.00,6.00,0.00,30.27,M,6.21,M,M,M,M,M,M,M,M,M,M,M,M,M,M,M,M,38.54,LFPG 040630Z 06006KT 030V090 CAVOK 06/05 Q1025 NOSIG,M
LFPG,2026-03-04 07:00,46.40,41.00,81.33,80.00,7.00,0.00,30.27,M,6.21,M,M,M,M,M,M,M,M,M,M,M,M,M,M,M,M,42.33,LFPG 040700Z 08007KT CAVOK 08/05 Q1025 NOSIG,M
LFPG,2026-03-04 07:30,46.40,41.00,81.33,60.00,5.00,0.00,30.27,M,6.21,M,M,M,M,M,M,M,M,M,M,M,M,M,M,M,M,43.50,LFPG 040730Z 06005KT CAVOK 08/05 Q1025 NOSIG,M
LFPG,2026-03-04 08:00,50.00,42.80,76.17,70.00,5.00,0.00,30.27,M,6.21,M,M,M,M,M,M,M,M,M,M,M,M,M,M,M,M,50.00,LFPG 040800Z 07005KT CAVOK 10/06 Q1025 NOSIG,M
LFPG,2026-03-04 08:30,51.80,41.00,66.48,90.00,6.00,0.00,30.27,M,6.21,M,M,M,M,M,M,M,M,M,M,M,M,M,M,M,M,51.80,LFPG 040830Z 09006KT CAVOK 11/05 Q1025 NOSIG,M
LFPG,2026-03-04 09:00,53.60,41.00,62.22,110.00,10.00,0.00,30.27,M,6.21,M,M,M,M,M,M,M,M,M,M,M,M,M,M,M,M,53.60,LFPG 040900Z 11010KT CAVOK 12/05 Q1025 NOSIG,M
LFPG,2026-03-04 09:30,55.40,41.00,58.27,120.00,9.00,0.00,30.27,M,6.21,M,M,M,M,M,M,M,M,M,M,M,M,M,M,M,M,55.40,LFPG 040930Z 12009KT CAVOK 13/05 Q1025 NOSIG,M
LFPG,2026-03-04 10:00,57.20,42.80,58.52,120.00,11.00,0.00,30.27,M,6.21,M,M,M,M,M,M,M,M,M,M,M,M,M,M,M,M,57.20,LFPG 041000Z 12011KT CAVOK 14/06 Q1025 NOSIG,M
LFPG,2026-03-04 10:30,59.00,42.80,54.86,120.00,12.00,0.00,30.27,M,6.21,M,M,M,M,M,M,M,M,M,M,M,M,M,M,M,M,59.00,LFPG 041030Z 12012KT CAVOK 15/06 Q1025 NOSIG,M
LFPG,2026-03-04 11:00,60.80,41.00,48.01,130.00,11.00,0.00,30.27,M,6.21,M,M,M,M,M,M,M,M,M,M,M,M,M,M,M,M,60.80,LFPG 041100Z 13011KT CAVOK 16/05 Q1025 NOSIG,M
LFPG,2026-03-04 11:30,62.60,41.00,45.05,120.00,13.00,0.00,30.27,M,6.21,M,M,M,M,M,M,M,M,M,M,M,M,M,M,M,M,62.60,LFPG 041130Z 12013KT CAVOK 17/05 Q1025 NOSIG,M
LFPG,2026-03-04 12:00,64.40,41.00,42.30,130.00,14.00,0.00,30.24,M,6.21,M,M,M,M,M,M,M,M,M,M,M,M,M,M,M,M,64.40,LFPG 041200Z 13014KT 090V150 CAVOK 18/05 Q1024 NOSIG,M
LFPG,2026-03-04 13:00,64.40,39.20,39.44,120.00,15.00,0.00,30.24,M,6.21,M,M,M,M,M,M,M,M,M,M,M,M,M,M,M,M,64.40,LFPG 041300Z 12015KT CAVOK 18/04 Q1024 NOSIG,M
LFPG,2026-03-04 13:30,64.40,39.20,39.44,130.00,14.00,0.00,30.21,M,6.21,M,M,M,M,M,M,M,M,M,M,M,M,M,M,M,M,64.40,LFPG 041330Z 13014KT CAVOK 18/04 Q1023 NOSIG,M
LFPG,2026-03-04 14:00,64.40,41.00,42.30,130.00,12.00,0.00,30.21,M,6.21,M,M,M,M,M,M,M,M,M,M,M,M,M,M,M,M,64.40,LFPG 041400Z 13012KT CAVOK 18/05 Q1023 NOSIG,M
LFPG,2026-03-04 14:30,64.40,41.00,42.30,110.00,11.00,0.00,30.21,M,6.21,M,M,M,M,M,M,M,M,M,M,M,M,M,M,M,M,64.40,LFPG 041430Z 11011KT CAVOK 18/05 Q1023 NOSIG,M
LFPG,2026-03-04 15:00,64.40,39.20,39.44,120.00,13.00,0.00,30.18,M,6.21,M,M,M,M,M,M,M,M,M,M,M,M,M,M,M,M,64.40,LFPG 041500Z 12013KT 080V140 CAVOK 18/04 Q1022 NOSIG,M
LFPG,2026-03-04 15:30,64.40,39.20,39.44,120.00,12.00,0.00,30.18,M,6.21,M,M,M,M,M,M,M,M,M,M,M,M,M,M,M,M,64.40,LFPG 041530Z 12012KT CAVOK 18/04 Q1022 NOSIG,M
LFPG,2026-03-04 16:00,64.40,41.00,42.30,120.00,11.00,0.00,30.18,M,6.21,M,M,M,M,M,M,M,M,M,M,M,M,M,M,M,M,64.40,LFPG 041600Z 12011KT CAVOK 18/05 Q1022 NOSIG,M
LFPG,2026-03-04 16:30,62.60,42.80,48.29,120.00,10.00,0.00,30.18,M,6.21,M,M,M,M,M,M,M,M,M,M,M,M,M,M,M,M,62.60,LFPG 041630Z 12010KT CAVOK 17/06 Q1022 NOSIG,M
LFPG,2026-03-04 17:00,62.60,42.80,48.29,110.00,10.00,0.00,30.18,M,6.21,M,M,M,M,M,M,M,M,M,M,M,M,M,M,M,M,62.60,LFPG 041700Z 11010KT CAVOK 17/06 Q1022 NOSIG,M
LFPG,2026-03-04 17:30,60.80,42.80,51.46,100.00,8.00,0.00,30.15,M,6.21,M,M,M,M,M,M,M,M,M,M,M,M,M,M,M,M,60.80,LFPG 041730Z 10008KT CAVOK 16/06 Q1021 NOSIG,M
LFPG,2026-03-04 18:00,59.00,41.00,51.18,100.00,8.00,0.00,30.18,M,6.21,M,M,M,M,M,M,M,M,M,M,M,M,M,M,M,M,59.00,LFPG 041800Z 10008KT CAVOK 15/05 Q1022 NOSIG,M
LFPG,2026-03-04 18:30,57.20,42.80,58.52,100.00,6.00,0.00,30.18,M,6.21,M,M,M,M,M,M,M,M,M,M,M,M,M,M,M,M,57.20,LFPG 041830Z AUTO 10006KT CAVOK 14/06 Q1022 NOSIG,M
LFPG,2026-03-04 19:00,57.20,42.80,58.52,100.00,9.00,0.00,30.18,M,6.21,M,M,M,M,M,M,M,M,M,M,M,M,M,M,M,M,57.20,LFPG 041900Z AUTO 10009KT CAVOK 14/06 Q1022 NOSIG,M
LFPG,2026-03-04 19:30,57.20,41.00,54.60,110.00,9.00,0.00,30.18,M,6.21,M,M,M,M,M,M,M,M,M,M,M,M,M,M,M,M,57.20,LFPG 041930Z AUTO 11009KT CAVOK 14/05 Q1022 NOSIG,M
LFPG,2026-03-04 20:00,57.20,41.00,54.60,100.00,9.00,0.00,30.15,M,6.21,M,M,M,M,M,M,M,M,M,M,M,M,M,M,M,M,57.20,LFPG 042000Z AUTO 10009KT CAVOK 14/05 Q1021 NOSIG,M
LFPG,2026-03-04 20:30,55.40,41.00,58.27,90.00,8.00,0.00,30.15,M,6.21,M,M,M,M,M,M,M,M,M,M,M,M,M,M,M,M,55.40,LFPG 042030Z AUTO 09008KT CAVOK 13/05 Q1021 NOSIG,M
LFPG,2026-03-04 21:00,55.40,41.00,58.27,100.00,7.00,0.00,30.15,M,6.21,M,M,M,M,M,M,M,M,M,M,M,M,M,M,M,M,55.40,LFPG 042100Z AUTO 10007KT CAVOK 13/05 Q1021 NOSIG,M
LFPG,2026-03-04 21:30,53.60,39.20,58.02,90.00,6.00,0.00,30.15,M,6.21,M,M,M,M,M,M,M,M,M,M,M,M,M,M,M,M,53.60,LFPG 042130Z AUTO 09006KT CAVOK 12/04 Q1021 NOSIG,M
LFPG,2026-03-04 22:00,53.60,39.20,58.02,100.00,8.00,0.00,30.15,M,6.21,M,M,M,M,M,M,M,M,M,M,M,M,M,M,M,M,53.60,LFPG 042200Z AUTO 10008KT CAVOK 12/04 Q1021 NOSIG,M
LFPG,2026-03-04 22:30,51.80,39.20,61.99,90.00,7.00,0.00,30.12,M,6.21,M,M,M,M,M,M,M,M,M,M,M,M,M,M,M,M,51.80,LFPG 042230Z AUTO 09007KT CAVOK 11/04 Q1020 NOSIG,M
LFPG,2026-03-04 23:00,51.80,37.40,57.76,90.00,8.00,0.00,30.12,M,6.21,M,M,M,M,M,M,M,M,M,M,M,M,M,M,M,M,51.80,LFPG 042300Z AUTO 09008KT CAVOK 11/03 Q1020 NOSIG,M
LFPG,2026-03-04 23:30,51.80,37.40,57.76,100.00,8.00,0.00,30.12,M,6.21,M,M,M,M,M,M,M,M,M,M,M,M,M,M,M,M,51.80,LFPG 042330Z AUTO 10008KT CAVOK 11/03 Q1020 NOSIG,M
LFPG,2026-03-05 00:00,51.80,37.40,57.76,110.00,10.00,0.00,30.12,M,6.21,M,M,M,M,M,M,M,M,M,M,M,M,M,M,M,M,51.80,LFPG 050000Z AUTO 11010KT CAVOK 11/03 Q1020 NOSIG,M
LFPG,2026-03-05 00:30,50.00,37.40,61.75,110.00,10.00,0.00,30.12,M,6.21,M,M,M,M,M,M,M,M,M,M,M,M,M,M,M,M,50.00,LFPG 050030Z AUTO 11010KT CAVOK 10/03 Q1020 NOSIG,M
LFPG,2026-03-05 01:00,50.00,37.40,61.75,120.00,8.00,0.00,30.09,M,6.21,M,M,M,M,M,M,M,M,M,M,M,M,M,M,M,M,50.00,LFPG 050100Z AUTO 12008KT CAVOK 10/03 Q1019 NOSIG,M
LFPG,2026-03-05 01:30,50.00,37.40,61.75,130.00,10.00,0.00,30.09,M,6.21,M,M,M,M,M,M,M,M,M,M,M,M,M,M,M,M,50.00,LFPG 050130Z AUTO 13010KT CAVOK 10/03 Q1019 NOSIG,M
LFPG,2026-03-05 02:00,48.20,37.40,66.04,120.00,10.00,0.00,30.09,M,6.21,M,M,M,M,M,M,M,M,M,M,M,M,M,M,M,M,43.28,LFPG 050200Z AUTO 12010KT CAVOK 09/03 Q1019 NOSIG,M
LFPG,2026-03-05 02:30,48.20,37.40,66.04,120.00,9.00,0.00,30.09,M,6.21,M,M,M,M,M,M,M,M,M,M,M,M,M,M,M,M,43.66,LFPG 050230Z AUTO 12009KT CAVOK 09/03 Q1019 NOSIG,M
LFPG,2026-03-05 03:00,48.20,37.40,66.04,130.00,11.00,0.00,30.06,M,6.21,M,M,M,M,M,M,M,M,M,M,M,M,M,M,M,M,42.94,LFPG 050300Z AUTO 13011KT CAVOK 09/03 Q1018 NOSIG,M
LFPG,2026-03-05 03:30,48.20,37.40,66.04,120.00,11.00,0.00,30.06,M,6.21,M,M,M,M,M,M,M,M,M,M,M,M,M,M,M,M,42.94,LFPG 050330Z AUTO 12011KT CAVOK 09/03 Q1018 NOSIG,M
LFPG,2026-03-05 04:00,48.20,37.40,66.04,110.00,8.00,0.00,30.06,M,6.21,M,M,M,M,M,M,M,M,M,M,M,M,M,M,M,M,44.07,LFPG 050400Z AUTO 11008KT CAVOK 09/03 Q1018 NOSIG,M
LFPG,2026-03-05 04:30,46.40,37.40,70.67,120.00,10.00,0.00,30.06,M,6.21,M,M,M,M,M,M,M,M,M,M,M,M,M,M,M,M,41.03,LFPG 050430Z AUTO 12010KT CAVOK 08/03 Q1018 NOSIG,M
LFPG,2026-03-05 05:00,46.40,37.40,70.67,120.00,8.00,0.00,30.06,M,6.21,M,M,M,M,M,M,M,M,M,M,M,M,M,M,M,M,41.85,LFPG 050500Z AUTO 12008KT CAVOK 08/03 Q1018 NOSIG,M
LFPG,2026-03-05 05:30,46.40,37.40,70.67,120.00,9.00,0.00,30.06,M,6.21,M,M,M,M,M,M,M,M,M,M,M,M,M,M,M,M,41.42,LFPG 050530Z AUTO 12009KT CAVOK 08/03 Q1018 NOSIG,M
LFPG,2026-03-05 06:00,46.40,37.40,70.67,130.00,10.00,0.00,30.06,M,6.21,M,M,M,M,M,M,M,M,M,M,M,M,M,M,M,M,41.03,LFPG 050600Z AUTO 13010KT CAVOK 08/03 Q1018 NOSIG,M
LFPG,2026-03-05 06:30,46.40,37.40,70.67,130.00,9.00,0.00,30.06,M,6.21,M,M,M,M,M,M,M,M,M,M,M,M,M,M,M,M,41.42,LFPG 050630Z 13009KT CAVOK 08/03 Q1018 NOSIG,M
LFPG,2026-03-05 07:00,46.40,37.40,70.67,130.00,10.00,0.00,30.03,M,6.21,M,M,M,M,M,M,M,M,M,M,M,M,M,M,M,M,41.03,LFPG 050700Z 13010KT CAVOK 08/03 Q1017 NOSIG,M
LFPG,2026-03-05 07:30,48.20,39.20,70.87,120.00,7.00,0.00,30.03,M,6.21,M,M,M,M,M,M,M,M,M,M,M,M,M,M,M,M,44.53,LFPG 050730Z 12007KT CAVOK 09/04 Q1017 NOSIG,M
LFPG,2026-03-05 08:00,48.20,39.20,70.87,130.00,8.00,0.00,30.06,M,6.21,M,M,M,M,M,M,M,M,M,M,M,M,M,M,M,M,44.07,LFPG 050800Z 13008KT CAVOK 09/04 Q1018 NOSIG,M
LFPG,2026-03-05 08:30,50.00,39.20,66.26,130.00,9.00,0.00,30.06,M,6.21,M,M,M,M,M,M,M,M,M,M,M,M,M,M,M,M,50.00,LFPG 050830Z 13009KT CAVOK 10/04 Q1018 NOSIG,M
LFPG,2026-03-05 09:00,51.80,41.00,66.48,140.00,8.00,0.00,30.06,M,6.21,M,M,M,M,M,M,M,M,M,M,M,M,M,M,M,M,51.80,LFPG 050900Z 14008KT CAVOK 11/05 Q1018 NOSIG,M
LFPG,2026-03-05 09:30,53.60,42.80,66.70,140.00,6.00,0.00,30.06,M,6.21,M,M,M,M,M,M,M,M,M,M,M,M,M,M,M,M,53.60,LFPG 050930Z 14006KT CAVOK 12/06 Q1018 NOSIG,M
LFPG,2026-03-05 10:00,55.40,42.80,62.46,140.00,8.00,0.00,30.06,M,6.21,M,M,M,M,M,M,M,M,M,M,M,M,M,M,M,M,55.40,LFPG 051000Z 14008KT 100V160 CAVOK 13/06 Q1018 NOSIG,M
LFPG,2026-03-05 10:30,57.20,42.80,58.52,150.00,7.00,0.00,30.06,M,6.21,M,M,M,M,M,M,M,M,M,M,M,M,M,M,M,M,57.20,LFPG 051030Z 15007KT 090V200 CAVOK 14/06 Q1018 NOSIG,M
LFPG,2026-03-05 11:00,59.00,42.80,54.86,120.00,8.00,0.00,30.06,M,6.21,M,M,M,M,M,M,M,M,M,M,M,M,M,M,M,M,59.00,LFPG 051100Z 12008KT CAVOK 15/06 Q1018 NOSIG,M
LFPG,2026-03-05 11:30,59.00,44.60,58.78,140.00,7.00,0.00,30.06,M,6.21,M,M,M,M,M,M,M,M,M,M,M,M,M,M,M,M,59.00,LFPG 051130Z 14007KT 100V180 CAVOK 15/07 Q1018 NOSIG,M
LFPG,2026-03-05 12:00,60.80,44.60,55.13,150.00,8.00,0.00,30.03,M,6.21,M,M,M,M,M,M,M,M,M,M,M,M,M,M,M,M,60.80,LFPG 051200Z 15008KT 110V180 CAVOK 16/07 Q1017 NOSIG,M
LFPG,2026-03-05 12:30,62.60,44.60,51.73,160.00,5.00,0.00,30.03,M,6.21,M,M,M,M,M,M,M,M,M,M,M,M,M,M,M,M,62.60,LFPG 051230Z 16005KT 100V200 CAVOK 17/07 Q1017 NOSIG,M
LFPG,2026-03-05 13:00,62.60,42.80,48.29,M,2.00,0.00,30.03,M,6.21,M,M,M,M,M,M,M,M,M,M,M,M,M,M,M,M,62.60,LFPG 051300Z VRB02KT CAVOK 17/06 Q1017 NOSIG,M
LFPG,2026-03-05 13:30,64.40,44.60,48.57,130.00,3.00,0.00,30.00,M,6.21,M,M,M,M,M,M,M,M,M,M,M,M,M,M,M,M,64.40,LFPG 051330Z 13003KT 010V170 CAVOK 18/07 Q1016 NOSIG,M
LFPG,2026-03-05 14:00,64.40,44.60,48.57,150.00,4.00,0.00,30.00,M,6.21,M,M,M,M,M,M,M,M,M,M,M,M,M,M,M,M,64.40,LFPG 051400Z 15004KT 110V210 CAVOK 18/07 Q1016 NOSIG,M
LFPG,2026-03-05 14:30,62.60,44.60,51.73,M,5.00,0.00,30.00,M,6.21,M,M,M,M,M,M,M,M,M,M,M,M,M,M,M,M,62.60,LFPG 051430Z VRB05KT CAVOK 17/07 Q1016 NOSIG,M
LFPG,2026-03-05 15:00,62.60,44.60,51.73,110.00,7.00,0.00,29.97,M,6.21,M,M,M,M,M,M,M,M,M,M,M,M,M,M,M,M,62.60,LFPG 051500Z 11007KT 070V140 CAVOK 17/07 Q1015 NOSIG,M
LFPG,2026-03-05 15:30,64.40,44.60,48.57,100.00,9.00,0.00,29.97,M,6.21,M,M,M,M,M,M,M,M,M,M,M,M,M,M,M,M,64.40,LFPG 051530Z 10009KT 070V140 CAVOK 18/07 Q1015 NOSIG,M
LFPG,2026-03-05 16:00,62.60,44.60,51.73,110.00,9.00,0.00,29.97,M,6.21,M,M,M,M,M,M,M,M,M,M,M,M,M,M,M,M,62.60,LFPG 051600Z 11009KT CAVOK 17/07 Q1015 NOSIG,M
LFPG,2026-03-05 16:30,62.60,44.60,51.73,130.00,9.00,0.00,29.97,M,6.21,M,M,M,M,M,M,M,M,M,M,M,M,M,M,M,M,62.60,LFPG 051630Z 13009KT CAVOK 17/07 Q1015 NOSIG,M
LFPG,2026-03-05 17:00,62.60,44.60,51.73,150.00,8.00,0.00,29.97,M,6.21,M,M,M,M,M,M,M,M,M,M,M,M,M,M,M,M,62.60,LFPG 051700Z 15008KT CAVOK 17/07 Q1015 NOSIG,M
LFPG,2026-03-05 17:30,60.80,46.40,59.02,150.00,5.00,0.00,30.00,M,6.21,M,M,M,M,M,M,M,M,M,M,M,M,M,M,M,M,60.80,LFPG 051730Z 15005KT CAVOK 16/08 Q1016 NOSIG,M
LFPG,2026-03-05 18:00,60.80,46.40,59.02,M,3.00,0.00,30.00,M,6.21,M,M,M,M,M,M,M,M,M,M,M,M,M,M,M,M,60.80,LFPG 051800Z VRB03KT CAVOK 16/08 Q1016 NOSIG,M
LFPG,2026-03-05 18:30,60.80,46.40,59.02,110.00,6.00,0.00,30.00,M,6.21,M,M,M,M,M,M,M,M,M,M,M,M,M,M,M,M,60.80,LFPG 051830Z 11006KT CAVOK 16/08 Q1016 NOSIG,M
LFPG,2026-03-05 19:00,59.00,46.40,62.93,120.00,6.00,0.00,30.00,M,6.21,M,M,M,M,M,M,M,M,M,M,M,M,M,M,M,M,59.00,LFPG 051900Z 12006KT CAVOK 15/08 Q1016 NOSIG,M
LFPG,2026-03-05 19:30,59.00,46.40,62.93,110.00,6.00,0.00,30.00,M,6.21,M,M,M,M,M,M,M,M,M,M,M,M,M,M,M,M,59.00,LFPG 051930Z 11006KT CAVOK 15/08 Q1016 NOSIG,M
LFPG,2026-03-05 20:00,59.00,46.40,62.93,110.00,7.00,0.00,30.00,M,6.21,M,M,M,M,M,M,M,M,M,M,M,M,M,M,M,M,59.00,LFPG 052000Z 11007KT CAVOK 15/08 Q1016 NOSIG,M
LFPG,2026-03-05 20:30,57.20,46.40,67.13,120.00,6.00,0.00,30.00,M,6.21,M,M,M,M,M,M,M,M,M,M,M,M,M,M,M,M,57.20,LFPG 052030Z 12006KT CAVOK 14/08 Q1016 NOSIG,M
LFPG,2026-03-05 21:00,57.20,46.40,67.13,120.00,6.00,0.00,30.00,M,6.21,M,M,M,M,M,M,M,M,M,M,M,M,M,M,M,M,57.20,LFPG 052100Z 12006KT CAVOK 14/08 Q1016 NOSIG,M
LFPG,2026-03-05 21:30,57.20,46.40,67.13,140.00,6.00,0.00,30.03,M,6.21,M,M,M,M,M,M,M,M,M,M,M,M,M,M,M,M,57.20,LFPG 052130Z 14006KT CAVOK 14/08 Q1017 NOSIG,M
LFPG,2026-03-05 22:00,55.40,46.40,71.65,140.00,7.00,0.00,30.03,M,6.21,M,M,M,M,M,M,M,M,M,M,M,M,M,M,M,M,55.40,LFPG 052200Z 14007KT CAVOK 13/08 Q1017 NOSIG,M
LFPG,2026-03-05 22:30,55.40,46.40,71.65,140.00,6.00,0.00,30.03,M,6.21,M,M,M,M,M,M,M,M,M,M,M,M,M,M,M,M,55.40,LFPG 052230Z 14006KT CAVOK 13/08 Q1017 NOSIG,M
LFPG,2026-03-05 23:00,55.40,46.40,71.65,150.00,5.00,0.00,30.03,M,6.21,M,M,M,M,M,M,M,M,M,M,M,M,M,M,M,M,55.40,LFPG 052300Z 15005KT CAVOK 13/08 Q1017 NOSIG,M
LFPG,2026-03-05 23:30,53.60,44.60,71.45,150.00,7.00,0.00,30.03,M,6.21,M,M,M,M,M,M,M,M,M,M,M,M,M,M,M,M,53.60,LFPG 052330Z 15007KT CAVOK 12/07 Q1017 NOSIG,M
LFPG,2026-03-06 00:00,53.60,46.40,76.51,150.00,5.00,0.00,30.03,M,6.21,M,M,M,M,M,M,M,M,M,M,M,M,M,M,M,M,53.60,LFPG 060000Z 15005KT CAVOK 12/08 Q1017 NOSIG,M
LFPG,2026-03-06 00:30,53.60,44.60,71.45,170.00,5.00,0.00,30.03,M,6.21,M,M,M,M,M,M,M,M,M,M,M,M,M,M,M,M,53.60,LFPG 060030Z 17005KT CAVOK 12/07 Q1017 NOSIG,M
LFPG,2026-03-06 01:00,53.60,44.60,71.45,M,2.00,0.00,30.03,M,6.21,M,M,M,M,M,M,M,M,M,M,M,M,M,M,M,M,53.60,LFPG 060100Z VRB02KT CAVOK 12/07 Q1017 NOSIG,M
LFPG,2026-03-06 01:30,50.00,42.80,76.17,70.00,3.00,0.00,30.03,M,6.21,M,M,M,M,M,M,M,M,M,M,M,M,M,M,M,M,50.00,LFPG 060130Z 07003KT CAVOK 10/06 Q1017 NOSIG,M
LFPG,2026-03-06 02:00,50.00,44.60,81.60,120.00,5.00,0.00,30.06,M,5.59,M,NSC,M,M,M,M,M,M,M,M,M,M,M,M,M,M,50.00,LFPG 060200Z 12005KT 9000 NSC 10/07 Q1018 NOSIG,M
LFPG,2026-03-06 02:30,50.00,44.60,81.60,110.00,3.00,0.00,30.06,M,5.59,M,NSC,M,M,M,M,M,M,M,M,M,M,M,M,M,M,50.00,LFPG 060230Z 11003KT 9000 NSC 10/07 Q1018 NOSIG,M
LFPG,2026-03-06 03:00,50.00,44.60,81.60,100.00,5.00,0.00,30.06,M,6.21,M,M,M,M,M,M,M,M,M,M,M,M,M,M,M,M,50.00,LFPG 060300Z 10005KT CAVOK 10/07 Q1018 NOSIG,M
LFPG,2026-03-06 03:30,50.00,44.60,81.60,100.00,6.00,0.00,30.06,M,6.21,M,M,M,M,M,M,M,M,M,M,M,M,M,M,M,M,50.00,LFPG 060330Z 10006KT CAVOK 10/07 Q1018 NOSIG,M
LFPG,2026-03-06 04:00,48.20,44.60,87.28,100.00,3.00,0.00,30.06,M,6.21,M,M,M,M,M,M,M,M,M,M,M,M,M,M,M,M,47.21,LFPG 060400Z 10003KT CAVOK 09/07 Q1018 NOSIG,M
LFPG,2026-03-06 04:30,48.20,44.60,87.28,70.00,5.00,0.00,30.06,M,6.21,M,M,M,M,M,M,M,M,M,M,M,M,M,M,M,M,45.63,LFPG 060430Z 07005KT CAVOK 09/07 Q1018 NOSIG,M
LFPG,2026-03-06 05:00,50.00,44.60,81.60,130.00,4.00,0.00,30.06,M,6.21,M,M,M,M,M,M,M,M,M,M,M,M,M,M,M,M,50.00,LFPG 060500Z 13004KT CAVOK 10/07 Q1018 NOSIG,M
LFPG,2026-03-06 05:30,51.80,44.60,76.34,M,3.00,0.00,30.06,M,6.21,M,M,M,M,M,M,M,M,M,M,M,M,M,M,M,M,51.80,LFPG 060530Z VRB03KT CAVOK 11/07 Q1018 NOSIG,M
LFPG,2026-03-06 06:00,51.80,44.60,76.34,160.00,5.00,0.00,30.09,M,6.21,M,M,M,M,M,M,M,M,M,M,M,M,M,M,M,M,51.80,LFPG 060600Z 16005KT CAVOK 11/07 Q1019 NOSIG,M
LFPG,2026-03-06 06:30,50.00,44.60,81.60,M,2.00,0.00,30.09,M,6.21,M,M,M,M,M,M,M,M,M,M,M,M,M,M,M,M,50.00,LFPG 060630Z VRB02KT CAVOK 10/07 Q1019 NOSIG,M
LFPG,2026-03-06 07:00,51.80,44.60,76.34,150.00,4.00,0.00,30.09,M,6.21,M,M,M,M,M,M,M,M,M,M,M,M,M,M,M,M,51.80,LFPG 060700Z 15004KT 110V170 CAVOK 11/07 Q1019 NOSIG,M
LFPG,2026-03-06 07:30,51.80,44.60,76.34,130.00,4.00,0.00,30.09,M,6.21,M,M,M,M,M,M,M,M,M,M,M,M,M,M,M,M,51.80,LFPG 060730Z 13004KT CAVOK 11/07 Q1019 NOSIG,M
LFPG,2026-03-06 08:00,53.60,44.60,71.45,110.00,2.00,0.00,30.12,M,6.21,M,M,M,M,M,M,M,M,M,M,M,M,M,M,M,M,53.60,LFPG 060800Z 11002KT CAVOK 12/07 Q1020 NOSIG,M
LFPG,2026-03-06 08:30,53.60,44.60,71.45,130.00,3.00,0.00,30.12,M,6.21,M,M,M,M,M,M,M,M,M,M,M,M,M,M,M,M,53.60,LFPG 060830Z 13003KT CAVOK 12/07 Q1020 NOSIG,M
LFPG,2026-03-06 09:00,53.60,44.60,71.45,M,2.00,0.00,30.12,M,6.21,M,M,M,M,M,M,M,M,M,M,M,M,M,M,M,M,53.60,LFPG 060900Z VRB02KT CAVOK 12/07 Q1020 NOSIG,M
LFPG,2026-03-06 09:30,53.60,46.40,76.51,M,2.00,0.00,30.12,M,6.21,M,M,M,M,M,M,M,M,M,M,M,M,M,M,M,M,53.60,LFPG 060930Z VRB02KT CAVOK 12/08 Q1020 NOSIG,M
LFPG,2026-03-06 10:00,55.40,48.20,76.67,50.00,3.00,0.00,30.12,M,6.21,M,M,M,M,M,M,M,M,M,M,M,M,M,M,M,M,55.40,COR LFPG 061000Z 05003KT 020V090 CAVOK 13/09 Q1020 NOSIG,M
LFPG,2026-03-06 10:30,57.20,46.40,67.13,150.00,5.00,0.00,30.12,M,6.21,M,M,M,M,M,M,M,M,M,M,M,M,M,M,M,M,57.20,LFPG 061030Z 15005KT 100V190 CAVOK 14/08 Q1020 NOSIG,M
LFPG,2026-03-06 11:00,59.00,46.40,62.93,150.00,4.00,0.00,30.12,M,6.21,M,M,M,M,M,M,M,M,M,M,M,M,M,M,M,M,59.00,LFPG 061100Z 15004KT 090V170 CAVOK 15/08 Q1020 NOSIG,M
LFPG,2026-03-06 12:00,59.00,46.40,62.93,M,3.00,0.00,30.15,M,6.21,M,M,M,M,M,M,M,M,M,M,M,M,M,M,M,M,59.00,LFPG 061200Z VRB03KT CAVOK 15/08 Q1021 NOSIG,M
LFPG,2026-03-06 12:30,60.80,46.40,59.02,260.00,3.00,0.00,30.15,M,6.21,M,M,M,M,M,M,M,M,M,M,M,M,M,M,M,M,60.80,LFPG 061230Z 26003KT 200V330 CAVOK 16/08 Q1021 NOSIG,M
LFPG,2026-03-06 13:00,60.80,48.20,63.16,270.00,4.00,0.00,30.12,M,6.21,M,M,M,M,M,M,M,M,M,M,M,M,M,M,M,M,60.80,LFPG 061300Z 27004KT 230V310 CAVOK 16/09 Q1020 NOSIG,M
LFPG,2026-03-06 13:30,60.80,48.20,63.16,M,3.00,0.00,30.12,M,6.21,M,M,M,M,M,M,M,M,M,M,M,M,M,M,M,M,60.80,LFPG 061330Z VRB03KT CAVOK 16/09 Q1020 NOSIG,M
LFPG,2026-03-06 14:00,60.80,46.40,59.02,M,1.00,0.00,30.12,M,6.21,M,M,M,M,M,M,M,M,M,M,M,M,M,M,M,M,60.80,LFPG 061400Z VRB01KT CAVOK 16/08 Q1020 NOSIG,M
LFPG,2026-03-06 14:30,62.60,48.20,59.27,M,3.00,0.00,30.12,M,6.21,M,M,M,M,M,M,M,M,M,M,M,M,M,M,M,M,62.60,LFPG 061430Z VRB03KT CAVOK 17/09 Q1020 NOSIG,M
LFPG,2026-03-06 15:00,60.80,48.20,63.16,M,2.00,0.00,30.12,M,6.21,M,M,M,M,M,M,M,M,M,M,M,M,M,M,M,M,60.80,LFPG 061500Z VRB02KT CAVOK 16/09 Q1020 NOSIG,M
LFPG,2026-03-06 15:30,62.60,48.20,59.27,M,2.00,0.00,30.12,M,6.21,M,M,M,M,M,M,M,M,M,M,M,M,M,M,M,M,62.60,LFPG 061530Z VRB02KT CAVOK 17/09 Q1020 NOSIG,M
LFPG,2026-03-06 16:00,62.60,48.20,59.27,M,3.00,0.00,30.12,M,6.21,M,M,M,M,M,M,M,M,M,M,M,M,M,M,M,M,62.60,LFPG 061600Z VRB03KT CAVOK 17/09 Q1020 NOSIG,M
LFPG,2026-03-06 16:30,60.80,48.20,63.16,M,2.00,0.00,30.15,M,6.21,M,M,M,M,M,M,M,M,M,M,M,M,M,M,M,M,60.80,LFPG 061630Z VRB02KT CAVOK 16/09 Q1021 NOSIG,M
LFPG,2026-03-06 17:00,60.80,48.20,63.16,M,2.00,0.00,30.15,M,6.21,M,M,M,M,M,M,M,M,M,M,M,M,M,M,M,M,60.80,LFPG 061700Z VRB02KT CAVOK 16/09 Q1021 NOSIG,M
LFPG,2026-03-06 17:30,59.00,48.20,67.34,M,3.00,0.00,30.15,M,6.21,M,M,M,M,M,M,M,M,M,M,M,M,M,M,M,M,59.00,LFPG 061730Z VRB03KT CAVOK 15/09 Q1021 NOSIG,M
LFPG,2026-03-06 18:00,59.00,46.40,62.93,M,2.00,0.00,30.15,M,6.21,M,M,M,M,M,M,M,M,M,M,M,M,M,M,M,M,59.00,LFPG 061800Z VRB02KT CAVOK 15/08 Q1021 NOSIG,M
LFPG,2026-03-06 18:30,59.00,48.20,67.34,M,3.00,0.00,30.18,M,6.21,M,M,M,M,M,M,M,M,M,M,M,M,M,M,M,M,59.00,LFPG 061830Z VRB03KT CAVOK 15/09 Q1022 NOSIG,M
LFPG,2026-03-06 19:00,57.20,48.20,71.84,20.00,4.00,0.00,30.18,M,6.21,M,M,M,M,M,M,M,M,M,M,M,M,M,M,M,M,57.20,LFPG 061900Z 02004KT 360V130 CAVOK 14/09 Q1022 NOSIG,M
LFPG,2026-03-06 19:30,57.20,48.20,71.84,10.00,5.00,0.00,30.18,M,6.21,M,M,M,M,M,M,M,M,M,M,M,M,M,M,M,M,57.20,LFPG 061930Z 01005KT 360V140 CAVOK 14/09 Q1022 NOSIG,M
LFPG,2026-03-06 20:00,57.20,48.20,71.84,20.00,5.00,0.00,30.18,M,6.21,M,M,M,M,M,M,M,M,M,M,M,M,M,M,M,M,57.20,LFPG 062000Z 02005KT 360V100 CAVOK 14/09 Q1022 NOSIG,M
LFPG,2026-03-06 20:30,57.20,50.00,76.83,10.00,5.00,0.00,30.21,M,6.21,M,M,M,M,M,M,M,M,M,M,M,M,M,M,M,M,57.20,LFPG 062030Z 01005KT CAVOK 14/10 Q1023 NOSIG,M
LFPG,2026-03-06 21:00,55.40,48.20,76.67,10.00,4.00,0.00,30.21,M,6.21,M,M,M,M,M,M,M,M,M,M,M,M,M,M,M,M,55.40,LFPG 062100Z 01004KT 350V130 CAVOK 13/09 Q1023 NOSIG,M
LFPG,2026-03-06 21:30,55.40,48.20,76.67,360.00,5.00,0.00,30.21,M,6.21,M,M,M,M,M,M,M,M,M,M,M,M,M,M,M,M,55.40,LFPG 062130Z 36005KT 330V080 CAVOK 13/09 Q1023 NOSIG,M
LFPG,2026-03-06 22:00,53.60,48.20,81.87,10.00,6.00,0.00,30.21,M,6.21,M,M,M,M,M,M,M,M,M,M,M,M,M,M,M,M,53.60,LFPG 062200Z 01006KT CAVOK 12/09 Q1023 NOSIG,M
LFPG,2026-03-06 22:30,53.60,48.20,81.87,20.00,6.00,0.00,30.21,M,6.21,M,M,M,M,M,M,M,M,M,M,M,M,M,M,M,M,53.60,LFPG 062230Z 02006KT 010V090 CAVOK 12/09 Q1023 NOSIG,M
LFPG,2026-03-06 23:00,51.80,48.20,87.47,20.00,6.00,0.00,30.21,M,6.21,M,M,M,M,M,M,M,M,M,M,M,M,M,M,M,M,51.80,LFPG 062300Z 02006KT 360V120 CAVOK 11/09 Q1023 NOSIG,M
LFPG,2026-03-06 23:30,53.60,48.20,81.87,10.00,6.00,0.00,30.21,M,6.21,M,M,M,M,M,M,M,M,M,M,M,M,M,M,M,M,53.60,LFPG 062330Z 01006KT 330V090 CAVOK 12/09 Q1023 NOSIG,M
LFPG,2026-03-07 00:00,53.60,48.20,81.87,10.00,6.00,0.00,30.21,M,6.21,M,M,M,M,M,M,M,M,M,M,M,M,M,M,M,M,53.60,LFPG 070000Z 01006KT 010V110 CAVOK 12/09 Q1023 NOSIG,M
LFPG,2026-03-07 00:30,51.80,48.20,87.47,20.00,7.00,0.00,30.21,M,4.97,M,NSC,M,M,M,M,M,M,M,M,M,M,M,M,M,M,51.80,LFPG 070030Z 02007KT 010V090 8000 NSC 11/09 Q1023 NOSIG,M
LFPG,2026-03-07 01:00,51.80,48.20,87.47,20.00,7.00,0.00,30.21,M,4.97,M,NSC,M,M,M,M,M,M,M,M,M,M,M,M,M,M,51.80,LFPG 070100Z 02007KT 8000 NSC 11/09 Q1023 NOSIG,M
LFPG,2026-03-07 01:30,51.80,48.20,87.47,10.00,7.00,0.00,30.21,M,4.35,M,NSC,M,M,M,M,M,M,M,M,M,M,M,M,M,M,51.80,LFPG 070130Z 01007KT 7000 NSC 11/09 Q1023 NOSIG,M
LFPG,2026-03-07 02:00,51.80,48.20,87.47,20.00,6.00,0.00,30.21,M,3.73,M,NSC,M,M,M,M,M,M,M,M,M,M,M,M,M,M,51.80,LFPG 070200Z 02006KT 010V130 6000 NSC 11/09 Q1023 BECMG 3000 BR,M
LFPG,2026-03-07 02:30,50.00,48.20,93.50,10.00,8.00,0.00,30.21,M,3.11,M,NSC,M,M,M,M,M,M,M,BR,M,M,M,M,M,M,50.00,LFPG 070230Z 01008KT 5000 BR NSC 10/09 Q1023 BECMG 3000,M
LFPG,2026-03-07 03:00,50.00,48.20,93.50,10.00,6.00,0.00,30.21,M,2.49,M,NSC,M,M,M,M,M,M,M,BR,M,M,M,M,M,M,50.00,LFPG 070300Z 01006KT 4000 BR NSC 10/09 Q1023 BECMG 3000,M
LFPG,2026-03-07 03:30,50.00,48.20,93.50,10.00,7.00,0.00,30.21,M,2.49,M,NSC,M,M,M,M,M,M,M,BR,M,M,M,M,M,M,50.00,LFPG 070330Z 01007KT 4000 BR NSC 10/09 Q1023 TEMPO 0800 BCFG,M
LFPG,2026-03-07 04:00,48.20,48.20,100.00,10.00,7.00,0.00,30.21,M,2.49,M,NSC,M,M,M,M,M,M,M,BR,M,M,M,M,M,M,44.53,LFPG 070400Z 01007KT 4000 BR NSC 09/09 Q1023 TEMPO 0800 BCFG,M
LFPG,2026-03-07 04:30,48.20,48.20,100.00,10.00,7.00,0.00,30.21,M,1.86,M,NSC,M,M,M,M,M,M,M,BR,M,M,M,M,M,M,44.53,LFPG 070430Z 01007KT 3000 BR NSC 09/09 Q1023 TEMPO 0800 BCFG,M
LFPG,2026-03-07 05:00,48.20,48.20,100.00,10.00,7.00,0.00,30.21,M,1.86,M,NSC,M,M,M,M,M,M,M,BR,M,M,M,M,M,M,44.53,LFPG 070500Z 01007KT 3000 BR NSC 09/09 Q1023 TEMPO 0600 BCFG,M
LFPG,2026-03-07 05:30,48.20,46.40,93.45,20.00,8.00,0.00,30.21,M,1.55,M,NSC,M,M,M,M,M,M,M,BR,M,M,M,M,M,M,44.07,LFPG 070530Z 02008KT 010V090 2500 BR NSC 09/08 Q1023 TEMPO 0600 BCFG,M
LFPG,2026-03-07 06:00,48.20,46.40,93.45,10.00,8.00,0.00,30.21,M,1.55,M,NSC,M,M,M,M,M,M,M,BR,M,M,M,M,M,M,44.07,LFPG 070600Z 01008KT 350V110 2500 BR NSC 09/08 Q1023 TEMPO 0600 BCFG,M
LFPG,2026-03-07 06:30,48.20,46.40,93.45,20.00,9.00,0.00,30.21,M,1.37,M,NSC,M,M,M,M,M,M,M,BR,M,M,M,M,M,M,43.66,LFPG 070630Z 02009KT 360V130 2200 BR NSC 09/08 Q1023 TEMPO 0600 BCFG,M
LFPG,2026-03-07 07:00,48.20,46.40,93.45,20.00,9.00,0.00,30.21,M,1.24,M,NSC,M,M,M,M,M,M,M,BCFG BR,M,M,M,M,M,M,43.66,COR LFPG 070700Z VRB09KT 2000 0900NW R27L/P2000 R09R/1400U R26R/P2000 R08L/P2000 R26L/P2000 R08R/P2000 R27R/P2000 R09L/1300U BCFG BR NSC 09/08 Q1023 TEMPO 0600 BCFG,M
LFPG,2026-03-07 07:30,48.20,46.40,93.45,M,8.00,0.00,30.21,M,1.37,M,NSC,M,M,M,M,M,M,M,BR,M,M,M,M,M,M,44.07,LFPG 070730Z VRB08KT 2200 BR NSC 09/08 Q1023 NOSIG,M
LFPG,2026-03-07 08:00,50.00,48.20,93.50,30.00,8.00,0.00,30.24,M,1.55,M,NSC,M,M,M,M,M,M,M,BR,M,M,M,M,M,M,50.00,LFPG 070800Z 03008KT 340V100 2500 BR NSC 10/09 Q1024 NOSIG,M
LFPG,2026-03-07 08:30,50.00,48.20,93.50,30.00,8.00,0.00,30.24,M,1.86,M,NSC,M,M,M,M,M,M,M,BR,M,M,M,M,M,M,50.00,LFPG 070830Z 03008KT 010V120 3000 BR NSC 10/09 Q1024 NOSIG,M
LFPG,2026-03-07 09:00,51.80,48.20,87.47,30.00,6.00,0.00,30.24,M,2.49,M,NSC,M,M,M,M,M,M,M,BR,M,M,M,M,M,M,51.80,LFPG 070900Z 03006KT 340V090 4000 BR NSC 11/09 Q1024 NOSIG,M
LFPG,2026-03-07 09:30,51.80,48.20,87.47,20.00,4.00,0.00,30.24,M,2.49,M,NSC,M,M,M,M,M,M,M,BR,M,M,M,M,M,M,51.80,LFPG 070930Z 02004KT 4000 BR NSC 11/09 Q1024 NOSIG,M
LFPG,2026-03-07 10:00,53.60,50.00,87.56,40.00,5.00,0.00,30.24,M,3.11,M,NSC,M,M,M,M,M,M,M,BR,M,M,M,M,M,M,53.60,LFPG 071000Z 04005KT 010V070 5000 BR NSC 12/10 Q1024 NOSIG,M
LFPG,2026-03-07 10:30,55.40,50.00,82.00,50.00,7.00,0.00,30.24,M,3.73,M,NSC,M,M,M,M,M,M,M,M,M,M,M,M,M,M,55.40,LFPG 071030Z 05007KT 010V080 6000 NSC 13/10 Q1024 NOSIG,M
LFPG,2026-03-07 11:00,55.40,50.00,82.00,50.00,5.00,0.00,30.24,M,3.73,M,NSC,M,M,M,M,M,M,M,M,M,M,M,M,M,M,55.40,LFPG 071100Z 05005KT 010V100 6000 NSC 13/10 Q1024 NOSIG,M
LFPG,2026-03-07 11:30,57.20,48.20,71.84,40.00,6.00,0.00,30.24,M,4.35,M,NSC,M,M,M,M,M,M,M,M,M,M,M,M,M,M,57.20,LFPG 071130Z 04006KT 360V060 7000 NSC 14/09 Q1024 NOSIG,M
LFPG,2026-03-07 12:00,57.20,48.20,71.84,30.00,5.00,0.00,30.24,M,4.35,M,NSC,M,M,M,M,M,M,M,M,M,M,M,M,M,M,57.20,LFPG 071200Z 03005KT 340V060 7000 NSC 14/09 Q1024 NOSIG,M
LFPG,2026-03-07 12:30,59.00,50.00,72.02,20.00,5.00,0.00,30.24,M,4.35,M,NSC,M,M,M,M,M,M,M,M,M,M,M,M,M,M,59.00,LFPG 071230Z 02005KT 340V070 7000 NSC 15/10 Q1024 NOSIG,M
LFPG,2026-03-07 13:00,60.80,50.00,67.55,360.00,4.00,0.00,30.21,M,4.97,M,NSC,M,M,M,M,M,M,M,M,M,M,M,M,M,M,60.80,LFPG 071300Z 36004KT 330V050 8000 NSC 16/10 Q1023 NOSIG,M
LFPG,2026-03-07 13:30,60.80,50.00,67.55,20.00,5.00,0.00,30.21,M,4.97,M,NSC,M,M,M,M,M,M,M,M,M,M,M,M,M,M,60.80,LFPG 071330Z 02005KT 330V090 8000 NSC 16/10 Q1023 NOSIG,M
LFPG,2026-03-07 14:00,62.60,48.20,59.27,10.00,4.00,0.00,30.21,M,4.97,M,NSC,M,M,M,M,M,M,M,M,M,M,M,M,M,M,62.60,LFPG 071400Z 01004KT 330V050 8000 NSC 17/09 Q1023 NOSIG,M
LFPG,2026-03-07 14:30,62.60,48.20,59.27,10.00,7.00,0.00,30.18,M,4.97,M,NSC,M,M,M,M,M,M,M,M,M,M,M,M,M,M,62.60,LFPG 071430Z 01007KT 350V120 8000 NSC 17/09 Q1022 NOSIG,M
LFPG,2026-03-07 15:00,62.60,48.20,59.27,360.00,7.00,0.00,30.18,M,5.59,M,NSC,M,M,M,M,M,M,M,M,M,M,M,M,M,M,62.60,LFPG 071500Z 36007KT 280V030 9000 NSC 17/09 Q1022 NOSIG,M
LFPG,2026-03-07 15:30,62.60,48.20,59.27,10.00,7.00,0.00,30.18,M,5.59,M,NSC,M,M,M,M,M,M,M,M,M,M,M,M,M,M,62.60,LFPG 071530Z 01007KT 340V060 9000 NSC 17/09 Q1022 NOSIG,M
LFPG,2026-03-07 16:00,62.60,48.20,59.27,10.00,7.00,0.00,30.18,M,5.59,M,NSC,M,M,M,M,M,M,M,M,M,M,M,M,M,M,62.60,LFPG 071600Z 01007KT 350V130 9000 NSC 17/09 Q1022 NOSIG,M
LFPG,2026-03-07 16:30,60.80,50.00,67.55,10.00,8.00,0.00,30.18,M,5.59,M,NSC,M,M,M,M,M,M,M,M,M,M,M,M,M,M,60.80,LFPG 071630Z 01008KT 350V080 9000 NSC 16/10 Q1022 NOSIG,M
LFPG,2026-03-07 17:00,59.00,50.00,72.02,360.00,8.00,0.00,30.18,M,4.35,18.00,NSC,M,M,M,M,M,M,M,M,M,M,M,M,M,M,59.00,LFPG 071700Z 36008G18KT 7000 NSC 15/10 Q1022 NOSIG,M
LFPG,2026-03-07 17:30,55.40,50.00,82.00,M,8.00,0.00,30.18,M,2.80,M,NSC,M,M,M,M,M,M,M,BR,M,M,M,M,M,M,55.40,LFPG 071730Z VRB08KT 4500 BR NSC 13/10 Q1022 NOSIG,M
LFPG,2026-03-07 18:00,53.60,50.00,87.56,20.00,9.00,0.00,30.21,M,2.98,20.00,NSC,M,M,M,M,M,M,M,BR,M,M,M,M,M,M,53.60,LFPG 071800Z 02009G20KT 360V130 4800 BR NSC 12/10 Q1023 NOSIG,M
LFPG,2026-03-07 18:30,53.60,48.20,81.87,20.00,8.00,0.00,30.21,M,2.98,M,NSC,M,M,M,M,M,M,M,BR,M,M,M,M,M,M,53.60,LFPG 071830Z 02008KT 360V120 4800 BR NSC 12/09 Q1023 NOSIG,M
LFPG,2026-03-07 19:30,50.00,48.20,93.50,20.00,9.00,0.00,30.21,M,2.92,M,NSC,M,M,M,M,M,M,M,BR,M,M,M,M,M,M,50.00,LFPG 071930Z 02009KT 360V110 4700 BR NSC 10/09 Q1023 NOSIG,M
LFPG,2026-03-07 20:00,50.00,48.20,93.50,20.00,8.00,0.00,30.21,M,2.92,M,NSC,M,M,M,M,M,M,M,BR,M,M,M,M,M,M,50.00,LFPG 072000Z 02008KT 360V160 4700 BR NSC 10/09 Q1023 NOSIG,M
LFPG,2026-03-07 20:30,50.00,48.20,93.50,10.00,8.00,0.00,30.21,M,2.92,M,NSC,M,M,M,M,M,M,M,BR,M,M,M,M,M,M,50.00,LFPG 072030Z 01008KT 4700 BR NSC 10/09 Q1023 BECMG 2500,M
LFPG,2026-03-07 21:00,48.20,46.40,93.45,10.00,9.00,0.00,30.21,M,2.61,M,NSC,M,M,M,M,M,M,M,BR,M,M,M,M,M,M,43.66,COR LFPG 072100Z 01009KT 4200 BR NSC 09/08 Q1023 BECMG 2500,M
LFPG,2026-03-07 21:30,48.20,46.40,93.45,20.00,9.00,0.00,30.21,M,1.55,M,NSC,M,M,M,M,M,M,M,BR,M,M,M,M,M,M,43.66,LFPG 072130Z 02009KT 010V120 2500 BR NSC 09/08 Q1023 BECMG 1500,M
LFPG,2026-03-07 22:00,46.40,46.40,100.00,10.00,9.00,0.00,30.21,M,1.55,M,NSC,M,M,M,M,M,M,M,BR,M,M,M,M,M,M,41.42,LFPG 072200Z 01009KT 2500 BR NSC 08/08 Q1023 BECMG 1500,M
LFPG,2026-03-07 22:18,46.40,44.60,93.40,20.00,8.00,0.00,30.21,M,0.50,M,NSC,M,M,M,M,M,M,M,FG,M,M,M,M,M,M,41.85,COR LFPG 072218Z 02008KT 010V110 0800 R27L/P2000 R09R/1700N R26R/P2000 R08L/P2000 R26L/P2000 R08R/P2000 R27R/2000N R09L/0500D FG NSC 08/07 Q1023 TEMPO 1200 BR,M
LFPG,2026-03-07 22:30,46.40,44.60,93.40,20.00,8.00,0.00,30.21,M,0.25,M,NSC,M,M,M,M,M,M,M,FG,M,M,M,M,M,M,41.85,LFPG 072230Z 02008KT 0400 R27L/P2000 R09R/1600N R26R/P2000 R08L/P2000 R26L/P2000 R08R/P2000 R27R/1800D R09L/0400N FG NSC 08/07 Q1023 TEMPO VV///,M
LFPG,2026-03-07 23:00,46.40,44.60,93.40,20.00,8.00,0.00,30.21,M,0.25,M,FEW,M,M,M,400.00,M,M,M,FG,M,M,M,M,M,M,41.85,LFPG 072300Z 02008KT 0400 R27L/0325N R09R/1100N R26R/P2000 R08L/P2000 R26L/P2000 R08R/P2000 R27R/0250N R09L/0300N FG FEW004 08/07 Q1023 TEMPO VV///,M
LFPG,2026-03-07 23:30,46.40,44.60,93.40,20.00,6.00,0.00,30.21,M,0.19,M,SCT,M,M,M,100.00,M,M,M,FG,M,M,M,M,M,M,42.87,LFPG 072330Z 02006KT 0300 R27L/0250N R09R/0400N R26R/P2000 R08L/1700D R26L/P2000 R08R/P2000 R27R/0200N R09L/0250N FG SCT001 08/07 Q1023 TEMPO VV///,M
LFPG,2026-03-08 00:00,46.40,44.60,93.40,360.00,5.00,0.00,30.21,M,0.19,M,BKN,M,M,M,100.00,M,M,M,FG,M,M,M,M,M,M,43.50,LFPG 080000Z 36005KT 0300 R27L/0250N R09R/0400N R26R/1800D R08L/0300N R26L/1400D R08R/1800D R27R/0225N R09L/0275N FG BKN001 08/07 Q1023 TEMPO VV///,M
LFPG,2026-03-08 00:30,46.40,44.60,93.40,350.00,5.00,0.00,30.21,M,0.12,M,VV ,M,M,M,M,M,M,M,FG,M,M,M,M,M,M,43.50,LFPG 080030Z 35005KT 0200 R27L/0325U R09R/0275N R26R/0450N R08L/0300N R26L/0400N R08R/0200N R27R/0200N R09L/0250N FG VV/// 08/07 Q1023 NOSIG,M
LFPG,2026-03-08 01:00,46.40,44.60,93.40,10.00,6.00,0.00,30.21,M,0.12,M,VV ,M,M,M,M,M,M,M,FG,M,M,M,M,M,M,42.87,LFPG 080100Z 01006KT 0200 R27L/0325N R09R/0250N R26R/0350N R08L/0300N R26L/0300N R08R/0175N R27R/0250N R09L/0225N FG VV/// 08/07 Q1023 NOSIG,M
LFPG,2026-03-08 01:30,46.40,44.60,93.40,20.00,7.00,0.00,30.21,M,0.12,M,VV ,M,M,M,M,M,M,M,FG,M,M,M,M,M,M,42.33,LFPG 080130Z 02007KT 0200 R27L/0250N R09R/0250N R26R/0350N R08L/0275N R26L/0300N R08R/0150N R27R/0200N R09L/0225N FG VV/// 08/07 Q1023 NOSIG,M
LFPG,2026-03-08 02:00,44.60,44.60,100.00,10.00,7.00,0.00,30.21,M,0.12,M,VV ,M,M,M,M,M,M,M,FG,M,M,M,M,M,M,40.14,LFPG 080200Z 01007KT 0200 R27L/0250N R09R/0250N R26R/0325N R08L/0300N R26L/0275N R08R/0150N R27R/0200N R09L/0250N FG VV/// 07/07 Q1023 NOSIG,M
LFPG,2026-03-08 02:30,44.60,44.60,100.00,10.00,6.00,0.00,30.18,M,0.12,M,VV ,M,M,M,M,M,M,M,FG,M,M,M,M,M,M,40.71,LFPG 080230Z 01006KT 0200 R27L/0275N R09R/0250N R26R/0300N R08L/0300N R26L/0250N R08R/0150N R27R/0225N R09L/0225N FG VV/// 07/07 Q1022 NOSIG,M
LFPG,2026-03-08 03:00,44.60,44.60,100.00,20.00,6.00,0.00,30.18,M,0.12,M,VV ,M,M,M,M,M,M,M,FG,M,M,M,M,M,M,40.71,LFPG 080300Z 02006KT 0200 R27L/0275N R09R/0250N R26R/0325N R08L/0275N R26L/0300N R08R/0150N R27R/0200N R09L/0225N FG VV/// 07/07 Q1022 NOSIG,M
LFPG,2026-03-08 03:30,44.60,44.60,100.00,10.00,4.00,0.00,30.18,M,0.12,M,VV ,M,M,M,M,M,M,M,FG,M,M,M,M,M,M,42.13,LFPG 080330Z 01004KT 0200 R27L/0275N R09R/0250N R26R/0325N R08L/0275N R26L/0300N R08R/0175N R27R/0200N R09L/0250N FG VV/// 07/07 Q1022 NOSIG,M
LFPG,2026-03-08 04:00,44.60,44.60,100.00,10.00,3.00,0.00,30.18,M,0.16,M,VV ,M,M,M,M,M,M,M,FG,M,M,M,M,M,M,43.09,LFPG 080400Z 01003KT 330V040 0250 R27L/0300N R09R/0250N R26R/0350N R08L/0325N R26L/0300N R08R/0200N R27R/0250N R09L/0275N FG VV/// 07/07 Q1022 NOSIG,M
LFPG,2026-03-08 04:30,44.60,42.80,93.35,M,3.00,0.00,30.18,M,0.16,M,VV ,M,M,M,M,M,M,M,FG,M,M,M,M,M,M,43.09,LFPG 080430Z VRB03KT 0250 R27L/0325N R09R/0275N R26R/0350N R08L/0375N R26L/0325N R08R/0200N R27R/0225N R09L/0250N FG VV/// 07/06 Q1022 NOSIG,M
LFPG,2026-03-08 05:00,42.80,42.80,100.00,360.00,4.00,0.00,30.18,M,0.16,M,VV ,M,M,M,M,M,M,M,FG,M,M,M,M,M,M,40.03,LFPG 080500Z 36004KT 310V030 0250 R27L/0300N R09R/0300N R26R/0350N R08L/0350N R26L/0325N R08R/0225N R27R/0225N R09L/0250N FG VV/// 06/06 Q1022 NOSIG,M
LFPG,2026-03-08 05:30,44.60,42.80,93.35,10.00,5.00,0.00,30.18,M,0.16,M,VV ,M,M,M,M,M,M,M,FG,M,M,M,M,M,M,41.36,LFPG 080530Z 01005KT 350V090 0250 R27L/0325N R09R/0300N R26R/0325N R08L/0400N R26L/0300N R08R/0200N R27R/0250N R09L/0275N FG VV/// 07/06 Q1022 NOSIG,M
LFPG,2026-03-08 06:00,42.80,42.80,100.00,20.00,5.00,0.00,30.21,M,0.16,M,VV ,M,M,M,M,M,M,M,FG,M,M,M,M,M,M,39.22,LFPG 080600Z 02005KT 350V140 0250 R27L/0300N R09R/0300N R26R/0350N R08L/0350N R26L/0325N R08R/0175N R27R/0225N R09L/0300N FG VV/// 06/06 Q1023 NOSIG,M
LFPG,2026-03-08 06:30,42.80,42.80,100.00,40.00,4.00,0.00,30.21,M,0.16,M,VV ,M,M,M,M,M,M,M,FG,M,M,M,M,M,M,40.03,LFPG 080630Z 04004KT 010V080 0250 R27L/0250N R09R/0250N R26R/0300N R08L/0375N R26L/0300N R08R/0175N R27R/0200N R09L/0225N FG VV/// 06/06 Q1023 NOSIG,M
LFPG,2026-03-08 07:00,42.80,42.80,100.00,40.00,4.00,0.00,30.21,M,0.09,M,VV ,M,M,M,M,M,M,M,FG,M,M,M,M,M,M,40.03,LFPG 080700Z 04004KT 360V090 0150 R27L/0225N R09R/0225N R26R/0275N R08L/0325N R26L/0250N R08R/0150N R27R/0175N R09L/0225N FG VV/// 06/06 Q1023 NOSIG,M
LFPG,2026-03-08 07:30,42.80,42.80,100.00,50.00,5.00,0.00,30.21,M,0.09,M,VV ,M,M,M,M,M,M,M,FG,M,M,M,M,M,M,39.22,LFPG 080730Z 05005KT 010V080 0150 R27L/0200N R09R/0225N R26R/0250N R08L/0325N R26L/0200N R08R/0150N R27R/0175N R09L/0200N FG VV/// 06/06 Q1023 NOSIG,M
LFPG,2026-03-08 08:00,42.80,42.80,100.00,60.00,4.00,0.00,30.21,M,0.09,M,VV ,M,M,M,M,M,M,M,FG,M,M,M,M,M,M,40.03,LFPG 080800Z 06004KT 040V120 0150 R27L/0200N R09R/0200N R26R/0250N R08L/0250N R26L/0225N R08R/0125N R27R/0175N R09L/0200N FG VV/// 06/06 Q1023 NOSIG,M
LFPG,2026-03-08 08:30,42.80,42.80,100.00,70.00,3.00,0.00,30.21,M,0.09,M,VV ,M,M,M,M,M,M,M,FG,M,M,M,M,M,M,41.03,LFPG 080830Z 07003KT 040V120 0150 R27L/0225N R09R/0300N R26R/0250N R08L/0275N R26L/0225N R08R/0150N R27R/0175N R09L/0200N FG VV/// 06/06 Q1023 NOSIG,M
LFPG,2026-03-08 09:00,44.60,44.60,100.00,70.00,3.00,0.00,30.21,M,0.12,M,VV ,M,M,M,M,M,M,M,FG,M,M,M,M,M,M,43.09,LFPG 080900Z 07003KT 020V100 0200 R27L/0275N R09R/0275N R26R/0275N R08L/0550U R26L/0350U R08R/0175N R27R/0175N R09L/0200N FG VV/// 07/07 Q1023 NOSIG,M
LFPG,2026-03-08 09:30,44.60,44.60,100.00,M,2.00,0.00,30.21,M,0.12,M,VV ,M,M,M,M,M,M,M,FG,M,M,M,M,M,M,44.60,LFPG 080930Z VRB02KT 0200 R27L/0275N R09R/0275N R26R/0325N R08L/0650D R26L/0275N R08R/0200N R27R/0200N R09L/0225N FG VV/// 07/07 Q1023 BECMG 4000 BR SCT006,M
LFPG,2026-03-08 10:00,44.60,44.60,100.00,M,2.00,0.00,30.24,M,0.16,M,VV ,M,M,M,M,M,M,M,FG,M,M,M,M,M,M,44.60,LFPG 081000Z VRB02KT 0250 R27L/0450N R09R/0400N R26R/0900U R08L/1000U R26L/0350N R08R/0225N R27R/0250N R09L/0400U FG VV/// 07/07 Q1024 BECMG 4000 BR SCT006,M
LFPG,2026-03-08 10:30,46.40,46.40,100.00,M,3.00,0.00,30.24,M,0.19,M,BKN,SCT,M,M,0.00,200.00,M,M,FG,M,M,M,M,M,M,45.15,LFPG 081030Z VRB03KT 0300 R27L/0550U R09R/1300D R26R/0800U R08L/0900U R26L/0600U R08R/0300N R27R/0375U R09L/0400N FG BKN000 SCT002 08/08 Q1024 BECMG 4000 BR SCT006,M
LFPG,2026-03-08 11:00,48.20,48.20,100.00,30.00,4.00,0.00,30.21,M,0.93,M,OVC,M,M,M,200.00,M,M,M,BCFG BR,M,M,M,M,M,M,46.34,LFPG 081100Z 03004KT 010V080 1500 0700 R27L/1300U R09R/1500D R26R/1700D R08L/1100N R26L/1100U R08R/0650N R27R/0700D R09L/1100U BCFG BR OVC002 09/09 Q1023 BECMG 4000 BR SCT006,M
LFPG,2026-03-08 11:30,50.00,48.20,93.50,20.00,3.00,0.00,30.21,M,1.24,M,OVC,M,M,M,300.00,M,M,M,BCFG BR,M,M,M,M,M,M,50.00,LFPG 081130Z 02003KT 340V070 2000 0900 R27L/1700U R09R/2000N R26R/2000U R08L/1800D R26L/2000U R08R/1100N R27R/1000U R09L/1600D BCFG BR OVC003 10/09 Q1023 BECMG 4000 BR SCT006,M
LFPG,2026-03-08 12:00,51.80,50.00,93.55,360.00,4.00,0.00,30.21,M,1.55,M,BKN,M,M,M,400.00,M,M,M,BR,M,M,M,M,M,M,51.80,LFPG 081200Z 36004KT 320V040 2500 R08R/1400U BR BKN004 11/10 Q1023 BECMG 4000 SCT006,M
LFPG,2026-03-08 12:30,51.80,50.00,93.55,20.00,3.00,0.00,30.21,M,1.86,M,SCT,M,M,M,500.00,M,M,M,BR,M,M,M,M,M,M,51.80,LFPG 081230Z 02003KT 340V060 3000 BR SCT005 11/10 Q1023 BECMG CAVOK,M
LFPG,2026-03-08 13:00,53.60,50.00,87.56,80.00,3.00,0.00,30.18,M,2.49,M,FEW,M,M,M,600.00,M,M,M,BR,M,M,M,M,M,M,53.60,LFPG 081300Z 08003KT 010V130 4000 BR FEW006 12/10 Q1022 BECMG CAVOK,M
LFPG,2026-03-08 13:30,55.40,48.20,76.67,80.00,3.00,0.00,30.18,M,3.11,M,NSC,M,M,M,M,M,M,M,BR,M,M,M,M,M,M,55.40,LFPG 081330Z 08003KT 030V120 5000 BR NSC 13/09 Q1022 BECMG CAVOK,M
LFPG,2026-03-08 14:00,57.20,50.00,76.83,80.00,4.00,0.00,30.18,M,3.73,M,NSC,M,M,M,M,M,M,M,M,M,M,M,M,M,M,57.20,LFPG 081400Z 08004KT 040V130 6000 NSC 14/10 Q1022 BECMG CAVOK,M
LFPG,2026-03-08 14:30,59.00,50.00,72.02,70.00,4.00,0.00,30.18,M,3.73,M,NSC,M,M,M,M,M,M,M,M,M,M,M,M,M,M,59.00,LFPG 081430Z 07004KT 020V110 6000 NSC 15/10 Q1022 NOSIG,M
LFPG,2026-03-08 15:00,60.80,50.00,67.55,90.00,4.00,0.00,30.15,M,3.73,M,NSC,M,M,M,M,M,M,M,M,M,M,M,M,M,M,60.80,LFPG 081500Z 09004KT 050V130 6000 NSC 16/10 Q1021 NOSIG,M
LFPG,2026-03-08 15:30,60.80,50.00,67.55,70.00,5.00,0.00,30.15,M,3.73,M,NSC,M,M,M,M,M,M,M,M,M,M,M,M,M,M,60.80,LFPG 081530Z 07005KT 6000 NSC 16/10 Q1021 NOSIG,M
LFPG,2026-03-08 16:00,60.80,50.00,67.55,70.00,5.00,0.00,30.15,M,3.73,M,NSC,M,M,M,M,M,M,M,M,M,M,M,M,M,M,60.80,LFPG 081600Z 07005KT 050V110 6000 NSC 16/10 Q1021 NOSIG,M
LFPG,2026-03-08 16:30,60.80,50.00,67.55,90.00,4.00,0.00,30.15,M,4.35,M,NSC,M,M,M,M,M,M,M,M,M,M,M,M,M,M,60.80,LFPG 081630Z 09004KT 7000 NSC 16/10 Q1021 NOSIG,M
LFPG,2026-03-08 17:00,60.80,50.00,67.55,50.00,5.00,0.00,30.15,M,4.35,M,NSC,M,M,M,M,M,M,M,M,M,M,M,M,M,M,60.80,LFPG 081700Z 05005KT 7000 NSC 16/10 Q1021 NOSIG,M
LFPG,2026-03-08 17:30,57.20,50.00,76.83,40.00,6.00,0.00,30.15,M,3.73,M,NSC,M,M,M,M,M,M,M,M,M,M,M,M,M,M,57.20,LFPG 081730Z 04006KT 6000 NSC 14/10 Q1021 NOSIG,M
LFPG,2026-03-08 18:00,57.20,50.00,76.83,50.00,6.00,0.00,30.15,M,3.73,M,NSC,M,M,M,M,M,M,M,M,M,M,M,M,M,M,57.20,LFPG 081800Z 05006KT 6000 NSC 14/10 Q1021 NOSIG,M
LFPG,2026-03-08 18:30,55.40,50.00,82.00,40.00,7.00,0.00,30.15,M,3.73,M,NSC,M,M,M,M,M,M,M,M,M,M,M,M,M,M,55.40,LFPG 081830Z 04007KT 6000 NSC 13/10 Q1021 NOSIG,M
LFPG,2026-03-08 19:00,55.40,50.00,82.00,30.00,6.00,0.00,30.15,M,3.73,M,NSC,M,M,M,M,M,M,M,M,M,M,M,M,M,M,55.40,LFPG 081900Z 03006KT 6000 NSC 13/10 Q1021 NOSIG,M
LFPG,2026-03-08 19:30,53.60,50.00,87.56,10.00,5.00,0.00,30.15,M,3.11,M,NSC,M,M,M,M,M,M,M,BR,M,M,M,M,M,M,53.60,LFPG 081930Z 01005KT 5000 BR NSC 12/10 Q1021 NOSIG,M
LFPG,2026-03-08 20:00,53.60,48.20,81.87,20.00,6.00,0.00,30.15,M,3.11,M,NSC,M,M,M,M,M,M,M,BR,M,M,M,M,M,M,53.60,LFPG 082000Z 02006KT 5000 BR NSC 12/09 Q1021 NOSIG,M
LFPG,2026-03-08 20:30,51.80,48.20,87.47,10.00,6.00,0.00,30.15,M,3.11,M,NSC,M,M,M,M,M,M,M,BR,M,M,M,M,M,M,51.80,LFPG 082030Z 01006KT 5000 BR NSC 11/09 Q1021 NOSIG,M
LFPG,2026-03-08 21:00,51.80,48.20,87.47,20.00,7.00,0.00,30.15,M,3.11,M,NSC,M,M,M,M,M,M,M,BR,M,M,M,M,M,M,51.80,LFPG 082100Z 02007KT 5000 BR NSC 11/09 Q1021 NOSIG,M
LFPG,2026-03-08 21:30,51.80,48.20,87.47,50.00,5.00,0.00,30.15,M,2.80,M,NSC,M,M,M,M,M,M,M,BR,M,M,M,M,M,M,51.80,LFPG 082130Z 05005KT 4500 BR NSC 11/09 Q1021 NOSIG,M
LFPG,2026-03-08 22:00,51.80,48.20,87.47,80.00,3.00,0.00,30.15,M,3.11,M,NSC,M,M,M,M,M,M,M,BR,M,M,M,M,M,M,51.80,LFPG 082200Z 08003KT 5000 BR NSC 11/09 Q1021 NOSIG,M
LFPG,2026-03-08 22:30,50.00,48.20,93.50,90.00,4.00,0.00,30.15,M,3.11,M,NSC,M,M,M,M,M,M,M,BR,M,M,M,M,M,M,50.00,LFPG 082230Z 09004KT 5000 BR NSC 10/09 Q1021 NOSIG,M
LFPG,2026-03-08 23:00,51.80,48.20,87.47,80.00,3.00,0.00,30.15,M,3.11,M,NSC,M,M,M,M,M,M,M,BR,M,M,M,M,M,M,51.80,LFPG 082300Z 08003KT 5000 BR NSC 11/09 Q1021 NOSIG,M
LFPG,2026-03-08 23:30,51.80,46.40,81.74,120.00,5.00,0.00,30.15,M,3.11,M,NSC,M,M,M,M,M,M,M,BR,M,M,M,M,M,M,51.80,LFPG 082330Z 12005KT 5000 BR NSC 11/08 Q1021 NOSIG,M
LFPG,2026-03-09 00:00,50.00,46.40,87.37,100.00,6.00,0.00,30.15,M,3.11,M,NSC,M,M,M,M,M,M,M,BR,M,M,M,M,M,M,50.00,LFPG 090000Z 10006KT 5000 BR NSC 10/08 Q1021 NOSIG,M
LFPG,2026-03-09 00:30,50.00,46.40,87.37,120.00,5.00,0.00,30.15,M,3.73,M,NSC,M,M,M,M,M,M,M,M,M,M,M,M,M,M,50.00,LFPG 090030Z 12005KT 6000 NSC 10/08 Q1021 NOSIG,M
LFPG,2026-03-09 01:00,50.00,46.40,87.37,140.00,5.00,0.00,30.15,M,3.73,M,NSC,M,M,M,M,M,M,M,M,M,M,M,M,M,M,50.00,LFPG 090100Z 14005KT 6000 NSC 10/08 Q1021 NOSIG,M
LFPG,2026-03-09 01:30,50.00,46.40,87.37,M,2.00,0.00,30.15,M,4.35,M,NSC,M,M,M,M,M,M,M,M,M,M,M,M,M,M,50.00,LFPG 090130Z VRB02KT 7000 NSC 10/08 Q1021 NOSIG,M
LFPG,2026-03-09 02:00,48.20,44.60,87.28,80.00,4.00,0.00,30.15,M,4.35,M,NSC,M,M,M,M,M,M,M,M,M,M,M,M,M,M,46.34,LFPG 090200Z 08004KT 050V120 7000 NSC 09/07 Q1021 NOSIG,M
LFPG,2026-03-09 02:30,48.20,44.60,87.28,110.00,5.00,0.00,30.12,M,4.35,M,NSC,M,M,M,M,M,M,M,M,M,M,M,M,M,M,45.63,LFPG 090230Z 11005KT 7000 NSC 09/07 Q1020 NOSIG,M
LFPG,2026-03-09 03:00,48.20,44.60,87.28,M,2.00,0.00,30.12,M,4.35,M,NSC,M,M,M,M,M,M,M,M,M,M,M,M,M,M,48.20,LFPG 090300Z VRB02KT 7000 NSC 09/07 Q1020 NOSIG,M
LFPG,2026-03-09 03:30,46.40,44.60,93.40,80.00,5.00,0.00,30.12,M,4.35,M,NSC,M,M,M,M,M,M,M,M,M,M,M,M,M,M,43.50,LFPG 090330Z 08005KT 7000 NSC 08/07 Q1020 NOSIG,M
LFPG,2026-03-09 04:00,46.40,44.60,93.40,130.00,5.00,0.00,30.12,M,4.97,M,NSC,M,M,M,M,M,M,M,M,M,M,M,M,M,M,43.50,LFPG 090400Z 13005KT 8000 NSC 08/07 Q1020 NOSIG,M
LFPG,2026-03-09 04:30,46.40,44.60,93.40,110.00,3.00,0.00,30.12,M,4.97,M,NSC,M,M,M,M,M,M,M,M,M,M,M,M,M,M,45.15,LFPG 090430Z 11003KT 8000 NSC 08/07 Q1020 NOSIG,M
LFPG,2026-03-09 05:00,48.20,42.80,81.47,130.00,6.00,0.00,30.12,M,5.59,M,NSC,M,M,M,M,M,M,M,M,M,M,M,M,M,M,45.04,LFPG 090500Z 13006KT 9000 NSC 09/06 Q1020 NOSIG,M
LFPG,2026-03-09 05:30,48.20,42.80,81.47,140.00,7.00,0.00,30.12,M,5.59,M,NSC,M,M,M,M,M,M,M,M,M,M,M,M,M,M,44.53,LFPG 090530Z 14007KT 9000 NSC 09/06 Q1020 NOSIG,M
LFPG,2026-03-09 06:00,48.20,42.80,81.47,150.00,5.00,0.00,30.12,M,5.59,M,NSC,M,M,M,M,M,M,M,M,M,M,M,M,M,M,45.63,LFPG 090600Z 15005KT 9000 NSC 09/06 Q1020 NOSIG,M
LFPG,2026-03-09 06:30,46.40,42.80,87.18,140.00,5.00,0.00,30.12,M,6.21,M,M,M,M,M,M,M,M,M,M,M,M,M,M,M,M,43.50,LFPG 090630Z 14005KT CAVOK 08/06 Q1020 NOSIG,M
LFPG,2026-03-09 07:00,46.40,42.80,87.18,140.00,4.00,0.00,30.12,M,6.21,M,M,M,M,M,M,M,M,M,M,M,M,M,M,M,M,44.24,LFPG 090700Z 14004KT CAVOK 08/06 Q1020 NOSIG,M
LFPG,2026-03-09 07:30,50.00,42.80,76.17,150.00,6.00,0.00,30.12,M,6.21,M,M,M,M,M,M,M,M,M,M,M,M,M,M,M,M,50.00,LFPG 090730Z 15006KT CAVOK 10/06 Q1020 NOSIG,M
LFPG,2026-03-09 08:00,50.00,44.60,81.60,150.00,5.00,0.00,30.12,M,6.21,M,M,M,M,M,M,M,M,M,M,M,M,M,M,M,M,50.00,LFPG 090800Z 15005KT 120V180 CAVOK 10/07 Q1020 NOSIG,M
LFPG,2026-03-09 08:30,50.00,44.60,81.60,170.00,7.00,0.00,30.15,M,6.21,M,M,M,M,M,M,M,M,M,M,M,M,M,M,M,M,50.00,LFPG 090830Z 17007KT CAVOK 10/07 Q1021 NOSIG,M
LFPG,2026-03-09 09:00,53.60,46.40,76.51,170.00,6.00,0.00,30.15,M,6.21,M,M,M,M,M,M,M,M,M,M,M,M,M,M,M,M,53.60,LFPG 090900Z 17006KT 090V210 CAVOK 12/08 Q1021 NOSIG,M
LFPG,2026-03-09 09:30,55.40,46.40,71.65,180.00,7.00,0.00,30.15,M,6.21,M,M,M,M,M,M,M,M,M,M,M,M,M,M,M,M,55.40,LFPG 090930Z 18007KT CAVOK 13/08 Q1021 NOSIG,M
LFPG,2026-03-09 10:00,57.20,46.40,67.13,190.00,7.00,0.00,30.15,M,6.21,M,M,M,M,M,M,M,M,M,M,M,M,M,M,M,M,57.20,LFPG 091000Z 19007KT 120V280 CAVOK 14/08 Q1021 NOSIG,M
LFPG,2026-03-09 10:30,59.00,46.40,62.93,210.00,6.00,0.00,30.12,M,6.21,M,M,M,M,M,M,M,M,M,M,M,M,M,M,M,M,59.00,LFPG 091030Z 21006KT 160V230 CAVOK 15/08 Q1020 NOSIG,M
LFPG,2026-03-09 11:00,60.80,46.40,59.02,200.00,6.00,0.00,30.12,M,6.21,17.00,M,M,M,M,M,M,M,M,M,M,M,M,M,M,M,60.80,LFPG 091100Z 20006G17KT 140V310 CAVOK 16/08 Q1020 NOSIG,M
LFPG,2026-03-09 11:30,62.60,46.40,55.39,190.00,7.00,0.00,30.12,M,6.21,M,FEW,M,M,M,3300.00,M,M,M,M,M,M,M,M,M,M,62.60,LFPG 091130Z 19007KT 160V260 9999 FEW033 17/08 Q1020 NOSIG,M
LFPG,2026-03-09 12:00,62.60,44.60,51.73,200.00,10.00,0.00,30.12,M,6.21,M,FEW,M,M,M,3300.00,M,M,M,M,M,M,M,M,M,M,62.60,LFPG 091200Z 20010KT 160V220 9999 FEW033 17/07 Q1020 NOSIG,M
LFPG,2026-03-09 12:30,62.60,44.60,51.73,170.00,9.00,0.00,30.09,M,6.21,M,FEW,M,M,M,3300.00,M,M,M,M,M,M,M,M,M,M,62.60,LFPG 091230Z 17009KT 140V200 9999 FEW033 17/07 Q1019 NOSIG,M
LFPG,2026-03-09 13:00,64.40,46.40,52.00,200.00,10.00,0.00,30.09,M,6.21,M,SCT,M,M,M,4000.00,M,M,M,M,M,M,M,M,M,M,64.40,LFPG 091300Z 20010KT 170V230 9999 SCT040 18/08 Q1019 NOSIG,M
LFPG,2026-03-09 13:30,62.60,44.60,51.73,190.00,7.00,0.00,30.09,M,6.21,M,SCT,M,M,M,4400.00,M,M,M,M,M,M,M,M,M,M,62.60,LFPG 091330Z 19007KT 150V250 9999 SCT044 17/07 Q1019 NOSIG,M
LFPG,2026-03-09 14:00,64.40,44.60,48.57,210.00,10.00,0.00,30.09,M,6.21,M,SCT,M,M,M,4500.00,M,M,M,M,M,M,M,M,M,M,64.40,LFPG 091400Z 21010KT 170V240 9999 SCT045 18/07 Q1019 NOSIG,M
LFPG,2026-03-09 14:30,62.60,44.60,51.73,210.00,7.00,0.00,30.06,M,6.21,M,FEW,SCT,M,M,4600.00,5900.00,M,M,M,M,M,M,M,M,M,62.60,LFPG 091430Z 21007KT 9999 FEW046 SCT059 17/07 Q1018 NOSIG,M
LFPG,2026-03-09 15:00,62.60,44.60,51.73,190.00,7.00,0.00,30.06,M,6.21,M,FEW,BKN,M,M,4600.00,6400.00,M,M,M,M,M,M,M,M,M,62.60,LFPG 091500Z 19007KT 9999 FEW046 BKN064 17/07 Q1018 NOSIG,M
LFPG,2026-03-09 16:00,62.60,44.60,51.73,210.00,5.00,0.00,30.06,M,6.21,M,FEW,BKN,M,M,4700.00,7600.00,M,M,M,M,M,M,M,M,M,62.60,LFPG 091600Z 21005KT 180V250 9999 FEW047 BKN076 17/07 Q1018 NOSIG,M
LFPG,2026-03-09 16:30,62.60,44.60,51.73,190.00,5.00,0.00,30.06,M,6.21,M,FEW,BKN,M,M,4700.00,8300.00,M,M,M,M,M,M,M,M,M,62.60,LFPG 091630Z 19005KT 9999 FEW047 BKN083 17/07 Q1018 NOSIG,M
LFPG,2026-03-09 17:00,60.80,44.60,55.13,210.00,5.00,0.00,30.06,M,6.21,M,M,M,M,M,M,M,M,M,M,M,M,M,M,M,M,60.80,LFPG 091700Z 21005KT 190V260 CAVOK 16/07 Q1018 NOSIG,M
LFPG,2026-03-09 17:30,60.80,44.60,55.13,190.00,3.00,0.00,30.06,M,6.21,M,FEW,SCT,M,M,4600.00,7600.00,M,M,M,M,M,M,M,M,M,60.80,LFPG 091730Z 19003KT 160V220 9999 FEW046 SCT076 16/07 Q1018 NOSIG,M
LFPG,2026-03-09 18:12,59.00,44.60,58.78,200.00,3.00,0.00,30.06,M,6.21,M,M,M,M,M,M,M,M,M,M,M,M,M,M,M,M,59.00,LFPG 091812Z 20003KT 180V340 CAVOK 15/07 Q1018 NOSIG,M
LFPG,2026-03-09 18:30,57.20,44.60,62.70,190.00,2.00,0.00,30.06,M,6.21,M,M,M,M,M,M,M,M,M,M,M,M,M,M,M,M,57.20,LFPG 091830Z 19002KT CAVOK 14/07 Q1018 NOSIG,M
LFPG,2026-03-09 19:30,57.20,44.60,62.70,350.00,2.00,0.00,30.06,M,6.21,M,M,M,M,M,M,M,M,M,M,M,M,M,M,M,M,57.20,LFPG 091930Z 35002KT CAVOK 14/07 Q1018 NOSIG,M
LFPG,2026-03-09 20:00,55.40,44.60,66.91,310.00,1.00,0.00,30.06,M,6.21,M,M,M,M,M,M,M,M,M,M,M,M,M,M,M,M,55.40,LFPG 092000Z 31001KT CAVOK 13/07 Q1018 NOSIG,M
LFPG,2026-03-09 20:30,53.60,44.60,71.45,M,2.00,0.00,30.06,M,6.21,M,M,M,M,M,M,M,M,M,M,M,M,M,M,M,M,53.60,LFPG 092030Z VRB02KT CAVOK 12/07 Q1018 NOSIG,M
LFPG,2026-03-09 21:00,53.60,44.60,71.45,50.00,2.00,0.00,30.06,M,6.21,M,M,M,M,M,M,M,M,M,M,M,M,M,M,M,M,53.60,COR LFPG 092100Z 05002KT CAVOK 12/07 Q1018 NOSIG,M
LFPG,2026-03-09 21:30,53.60,44.60,71.45,M,1.00,0.00,30.06,M,6.21,M,M,M,M,M,M,M,M,M,M,M,M,M,M,M,M,53.60,LFPG 092130Z VRB01KT CAVOK 12/07 Q1018 NOSIG,M
LFPG,2026-03-09 22:00,51.80,44.60,76.34,0.00,0.00,0.00,30.06,M,6.21,M,M,M,M,M,M,M,M,M,M,M,M,M,M,M,M,51.80,LFPG 092200Z 00000KT CAVOK 11/07 Q1018 NOSIG,M
LFPG,2026-03-09 22:30,51.80,44.60,76.34,0.00,0.00,0.00,30.06,M,6.21,M,M,M,M,M,M,M,M,M,M,M,M,M,M,M,M,51.80,LFPG 092230Z 00000KT CAVOK 11/07 Q1018 NOSIG,M
LFPG,2026-03-09 23:00,51.80,44.60,76.34,300.00,2.00,0.00,30.06,M,6.21,M,FEW,BKN,M,M,4800.00,6400.00,M,M,M,M,M,M,M,M,M,51.80,LFPG 092300Z 30002KT 9999 FEW048 BKN064 11/07 Q1018 NOSIG,M
LFPG,2026-03-09 23:30,53.60,46.40,76.51,240.00,4.00,0.00,30.06,M,6.21,M,BKN,M,M,M,4600.00,M,M,M,M,M,M,M,M,M,M,53.60,LFPG 092330Z 24004KT 9999 BKN046 12/08 Q1018 NOSIG,M
LFPG,2026-03-10 00:00,53.60,46.40,76.51,260.00,5.00,0.00,30.06,M,6.21,M,M,M,M,M,M,M,M,M,M,M,M,M,M,M,M,53.60,LFPG 100000Z 26005KT CAVOK 12/08 Q1018 TEMPO 3000 SHRA SCT035TCU,M
LFPG,2026-03-10 00:30,51.80,48.20,87.47,170.00,10.00,0.00,30.09,M,1.86,M,FEW,BKN,M,M,1700.00,3400.00,M,M,RA,M,M,M,M,M,M,51.80,LFPG 100030Z 17010KT 3000 RA FEW017CB BKN034 11/09 Q1019 BECMG 9999 NSW NSC,M
LFPG,2026-03-10 01:00,51.80,48.20,87.47,170.00,4.00,0.00,30.09,M,1.86,M,FEW,SCT,BKN,M,3300.00,4300.00,6000.00,M,RA,M,M,M,M,M,M,51.80,LFPG 100100Z 17004KT 3000 RA FEW033CB SCT043 BKN060 11/09 Q1019 BECMG 9999 NSW NSC,M
LFPG,2026-03-10 01:30,51.80,50.00,93.55,M,2.00,0.00,30.06,M,3.73,M,FEW,BKN,M,M,3300.00,6000.00,M,M,-RA,M,M,M,M,M,M,51.80,LFPG 100130Z VRB02KT 6000 -RA FEW033CB BKN060 11/10 Q1018 BECMG 9999 NSW NSC,M
LFPG,2026-03-10 02:00,51.80,50.00,93.55,310.00,3.00,0.00,30.06,M,3.73,M,FEW,BKN,M,M,3300.00,6000.00,M,M,-RA,M,M,M,M,M,M,51.80,LFPG 100200Z 31003KT 6000 -RA FEW033CB BKN060 11/10 Q1018 BECMG 9999 NSW NSC,M
LFPG,2026-03-10 02:30,50.00,50.00,100.00,330.00,4.00,0.00,30.06,M,3.73,M,FEW,BKN,M,M,3300.00,5000.00,M,M,-RA,M,M,M,M,M,M,50.00,LFPG 100230Z 33004KT 6000 -RA FEW033CB BKN050 10/10 Q1018 BECMG 9999 NSW NSC,M
LFPG,2026-03-10 03:00,50.00,50.00,100.00,0.00,0.00,0.00,30.06,M,4.97,M,BKN,M,M,M,4600.00,M,M,M,M,M,M,M,M,M,M,50.00,LFPG 100300Z 00000KT 8000 BKN046 10/10 Q1018 BECMG NSC,M
LFPG,2026-03-10 03:30,50.00,50.00,100.00,M,2.00,0.00,30.06,M,3.73,M,FEW,BKN,M,M,2600.00,4600.00,M,M,M,M,M,M,M,M,M,50.00,LFPG 100330Z VRB02KT 6000 FEW026 BKN046 10/10 Q1018 NOSIG,M
LFPG,2026-03-10 04:00,51.80,50.00,93.55,210.00,4.00,0.00,30.06,M,3.73,M,BKN,BKN,M,M,2600.00,4600.00,M,M,M,M,M,M,M,M,M,51.80,LFPG 100400Z 21004KT 180V250 6000 BKN026 BKN046 11/10 Q1018 NOSIG,M
LFPG,2026-03-10 04:30,51.80,50.00,93.55,180.00,5.00,0.00,30.06,M,3.73,M,SCT,BKN,M,M,400.00,4000.00,M,M,M,M,M,M,M,M,M,51.80,LFPG 100430Z 18005KT 160V320 6000 SCT004 BKN040 11/10 Q1018 NOSIG,M
LFPG,2026-03-10 05:00,50.00,50.00,100.00,150.00,4.00,0.00,30.03,M,3.73,M,FEW,BKN,M,M,200.00,4000.00,M,M,M,M,M,M,M,M,M,50.00,LFPG 100500Z 15004KT 6000 FEW002 BKN040 10/10 Q1017 NOSIG,M
LFPG,2026-03-10 05:30,50.00,50.00,100.00,180.00,3.00,0.00,30.06,M,3.73,M,FEW,BKN,M,M,100.00,5300.00,M,M,M,M,M,M,M,M,M,50.00,LFPG 100530Z 18003KT 6000 FEW001 BKN053 10/10 Q1018 NOSIG,M
LFPG,2026-03-10 06:00,50.00,50.00,100.00,150.00,4.00,0.00,30.03,M,3.73,M,SCT,BKN,M,M,300.00,5300.00,M,M,M,M,M,M,M,M,M,50.00,LFPG 100600Z 15004KT 130V220 6000 SCT003 BKN053 10/10 Q1017 NOSIG,M
LFPG,2026-03-10 06:30,50.00,50.00,100.00,170.00,4.00,0.00,30.06,M,2.49,M,FEW,SCT,BKN,M,300.00,4000.00,6000.00,M,BR,M,M,M,M,M,M,50.00,LFPG 100630Z 17004KT 150V220 4000 BR FEW003 SCT040 BKN060 10/10 Q1018 NOSIG,M
LFPG,2026-03-10 07:00,50.00,50.00,100.00,160.00,4.00,0.00,30.06,M,2.49,M,FEW,SCT,BKN,M,300.00,4600.00,13000.00,M,BR,M,M,M,M,M,M,50.00,LFPG 100700Z 16004KT 4000 BR FEW003 SCT046 BKN130 10/10 Q1018 NOSIG,M
LFPG,2026-03-10 07:30,51.80,50.00,93.55,180.00,5.00,0.00,30.06,M,3.11,M,SCT,SCT,BKN,M,400.00,6000.00,19000.00,M,BR,M,M,M,M,M,M,51.80,LFPG 100730Z 18005KT 5000 BR SCT004 SCT060 BKN190 11/10 Q1018 BECMG NSW,M
LFPG,2026-03-10 08:00,51.80,50.00,93.55,190.00,6.00,0.00,30.06,M,3.11,M,BKN,BKN,M,M,400.00,7300.00,M,M,BR,M,M,M,M,M,M,51.80,LFPG 100800Z 19006KT 5000 BR BKN004 BKN073 11/10 Q1018 BECMG BKN020 NSW,M
LFPG,2026-03-10 08:04,51.80,50.00,93.55,190.00,6.00,0.00,30.06,M,3.11,M,FEW,BKN,BKN,M,300.00,400.00,7300.00,M,BR,M,M,M,M,M,M,51.80,COR LFPG 100804Z 19006KT 5000 BR FEW003 BKN004 BKN073 11/10 Q1018 BECMG BKN020,M
LFPG,2026-03-10 08:30,51.80,51.80,100.00,200.00,6.00,0.00,30.06,M,4.35,M,SCT,BKN,BKN,M,500.00,700.00,1800.00,M,M,M,M,M,M,M,M,51.80,LFPG 100830Z 20006KT 180V270 7000 SCT005 BKN007 BKN018 11/11 Q1018 BECMG BKN020,M
LFPG,2026-03-10 09:00,53.60,50.00,87.56,200.00,6.00,0.00,30.06,M,4.97,M,FEW,SCT,BKN,M,700.00,900.00,7300.00,M,M,M,M,M,M,M,M,53.60,LFPG 100900Z 20006KT 170V230 8000 FEW007 SCT009 BKN073 12/10 Q1018 NOSIG,M
LFPG,2026-03-10 09:30,55.40,50.00,82.00,230.00,9.00,0.00,30.06,M,6.21,M,SCT,BKN,M,M,1300.00,6300.00,M,M,M,M,M,M,M,M,M,55.40,LFPG 100930Z 23009KT 9999 SCT013 BKN063 13/10 Q1018 NOSIG,M
LFPG,2026-03-10 10:00,55.40,48.20,76.67,240.00,9.00,0.00,30.06,M,6.21,M,SCT,SCT,M,M,1700.00,26000.00,M,M,M,M,M,M,M,M,M,55.40,LFPG 101000Z 24009KT 9999 SCT017 SCT260 13/09 Q1018 NOSIG,M
LFPG,2026-03-10 10:30,55.40,48.20,76.67,230.00,10.00,0.00,30.06,M,6.21,M,SCT,M,M,M,2000.00,M,M,M,M,M,M,M,M,M,M,55.40,LFPG 101030Z 23010KT 9999 SCT020 13/09 Q1018 NOSIG,M
LFPG,2026-03-10 11:00,57.20,48.20,71.84,210.00,9.00,0.00,30.06,M,6.21,M,BKN,M,M,M,2300.00,M,M,M,M,M,M,M,M,M,M,57.20,LFPG 101100Z 21009KT 190V250 9999 BKN023 14/09 Q1018 NOSIG,M
LFPG,2026-03-10 11:30,57.20,48.20,71.84,230.00,10.00,0.00,30.06,M,6.21,M,SCT,M,M,M,2500.00,M,M,M,M,M,M,M,M,M,M,57.20,LFPG 101130Z 23010KT 190V260 9999 SCT025 14/09 Q1018 NOSIG,M
LFPG,2026-03-10 12:00,57.20,46.40,67.13,240.00,8.00,0.00,30.06,M,6.21,M,SCT,BKN,M,M,3500.00,4600.00,M,M,M,M,M,M,M,M,M,57.20,LFPG 101200Z 24008KT 9999 SCT035 BKN046 14/08 Q1018 NOSIG,M
LFPG,2026-03-10 12:30,57.20,46.40,67.13,250.00,10.00,0.00,30.06,M,6.21,M,FEW,SCT,M,M,3400.00,5000.00,M,M,M,M,M,M,M,M,M,57.20,LFPG 101230Z 25010KT 190V300 9999 FEW034TCU SCT050 14/08 Q1018 NOSIG,M
LFPG,2026-03-10 13:00,59.00,46.40,62.93,220.00,9.00,0.00,30.03,M,6.21,M,FEW,SCT,M,M,3300.00,4600.00,M,M,M,M,M,M,M,M,M,59.00,LFPG 101300Z 22009KT 9999 FEW033TCU SCT046 15/08 Q1017 NOSIG,M
LFPG,2026-03-10 13:30,59.00,46.40,62.93,200.00,10.00,0.00,30.03,M,6.21,M,FEW,SCT,M,M,3300.00,5000.00,M,M,M,M,M,M,M,M,M,59.00,LFPG 101330Z 20010KT 170V230 9999 FEW033TCU SCT050 15/08 Q1017 NOSIG,M
LFPG,2026-03-10 14:00,60.80,44.60,55.13,250.00,8.00,0.00,30.03,M,6.21,M,FEW,SCT,M,M,3600.00,4600.00,M,M,M,M,M,M,M,M,M,60.80,LFPG 101400Z 25008KT 9999 FEW036CB SCT046 16/07 Q1017 NOSIG,M
LFPG,2026-03-10 14:30,59.00,44.60,58.78,260.00,10.00,0.00,30.03,M,6.21,M,FEW,SCT,M,M,3600.00,5000.00,M,M,VCSH,M,M,M,M,M,M,59.00,LFPG 101430Z 26010KT 9999 VCSH FEW036TCU SCT050 15/07 Q1017 NOSIG,M
LFPG,2026-03-10 15:00,59.00,44.60,58.78,210.00,10.00,0.00,30.03,M,6.21,M,FEW,SCT,BKN,M,4000.00,8300.00,22000.00,M,VCSH,M,M,M,M,M,M,59.00,LFPG 101500Z 21010KT 9999 VCSH FEW040TCU SCT083 BKN220 15/07 Q1017 NOSIG,M
LFPG,2026-03-10 15:30,59.00,44.60,58.78,220.00,10.00,0.00,30.03,M,6.21,M,FEW,SCT,BKN,M,4300.00,8300.00,22000.00,M,M,M,M,M,M,M,M,59.00,LFPG 101530Z 22010KT 9999 FEW043TCU SCT083 BKN220 15/07 Q1017 NOSIG,M
LFPG,2026-03-10 16:00,59.00,42.80,54.86,240.00,13.00,0.00,30.00,M,6.21,M,FEW,BKN,M,M,4500.00,20000.00,M,M,M,M,M,M,M,M,M,59.00,LFPG 101600Z 24013KT 9999 FEW045 BKN200 15/06 Q1016 NOSIG,M
LFPG,2026-03-10 16:30,59.00,44.60,58.78,250.00,10.00,0.00,30.00,M,6.21,M,FEW,BKN,M,M,4100.00,20000.00,M,M,M,M,M,M,M,M,M,59.00,LFPG 101630Z 25010KT 9999 FEW041 BKN200 15/07 Q1016 NOSIG,M
LFPG,2026-03-10 17:00,59.00,44.60,58.78,260.00,11.00,0.00,30.03,M,6.21,M,FEW,BKN,M,M,4100.00,15000.00,M,M,M,M,M,M,M,M,M,59.00,LFPG 101700Z 26011KT 9999 FEW041 BKN150 15/07 Q1017 NOSIG,M
LFPG,2026-03-10 17:30,57.20,44.60,62.70,250.00,10.00,0.00,30.03,M,6.21,M,FEW,BKN,M,M,4000.00,14000.00,M,M,M,M,M,M,M,M,M,57.20,LFPG 101730Z 25010KT 9999 FEW040 BKN140 14/07 Q1017 NOSIG,M
LFPG,2026-03-10 18:00,57.20,44.60,62.70,250.00,9.00,0.00,30.03,M,6.21,M,FEW,BKN,M,M,4000.00,13000.00,M,M,M,M,M,M,M,M,M,57.20,LFPG 101800Z 25009KT 220V280 9999 FEW040 BKN130 14/07 Q1017 NOSIG,M
LFPG,2026-03-10 18:30,55.40,44.60,66.91,220.00,6.00,0.00,30.03,M,6.21,M,M,M,M,M,M,M,M,M,M,M,M,M,M,M,M,55.40,LFPG 101830Z 22006KT CAVOK 13/07 Q1017 NOSIG,M
LFPG,2026-03-10 19:00,55.40,44.60,66.91,220.00,7.00,0.00,30.03,M,6.21,M,M,M,M,M,M,M,M,M,M,M,M,M,M,M,M,55.40,LFPG 101900Z 22007KT 200V260 CAVOK 13/07 Q1017 NOSIG,M
LFPG,2026-03-10 19:30,55.40,44.60,66.91,220.00,9.00,0.00,30.03,M,6.21,21.00,M,M,M,M,M,M,M,M,M,M,M,M,M,M,M,55.40,LFPG 101930Z 22009G21KT 200V270 CAVOK 13/07 Q1017 NOSIG,M
LFPG,2026-03-10 20:00,55.40,44.60,66.91,210.00,8.00,0.00,30.03,M,6.21,M,M,M,M,M,M,M,M,M,M,M,M,M,M,M,M,55.40,LFPG 102000Z 21008KT CAVOK 13/07 Q1017 NOSIG,M
LFPG,2026-03-10 20:30,55.40,44.60,66.91,220.00,7.00,0.00,30.03,M,6.21,M,M,M,M,M,M,M,M,M,M,M,M,M,M,M,M,55.40,LFPG 102030Z 22007KT 200V300 CAVOK 13/07 Q1017 NOSIG,M
LFPG,2026-03-10 21:00,55.40,44.60,66.91,210.00,9.00,0.00,30.03,M,6.21,M,M,M,M,M,M,M,M,M,M,M,M,M,M,M,M,55.40,LFPG 102100Z 21009KT CAVOK 13/07 Q1017 NOSIG,M
LFPG,2026-03-10 21:30,53.60,44.60,71.45,220.00,8.00,0.00,30.03,M,6.21,M,M,M,M,M,M,M,M,M,M,M,M,M,M,M,M,53.60,LFPG 102130Z 22008KT CAVOK 12/07 Q1017 NOSIG,M
LFPG,2026-03-10 22:00,53.60,44.60,71.45,210.00,9.00,0.00,30.03,M,6.21,M,M,M,M,M,M,M,M,M,M,M,M,M,M,M,M,53.60,LFPG 102200Z 21009KT CAVOK 12/07 Q1017 NOSIG,M
LFPG,2026-03-10 22:30,53.60,44.60,71.45,210.00,11.00,0.00,30.03,M,6.21,M,SCT,BKN,M,M,4800.00,8300.00,M,M,M,M,M,M,M,M,M,53.60,LFPG 102230Z 21011KT 9999 SCT048 BKN083 12/07 Q1017 NOSIG,M
LFPG,2026-03-10 23:00,53.60,44.60,71.45,210.00,10.00,0.00,30.00,M,6.21,M,SCT,BKN,M,M,4000.00,8600.00,M,M,M,M,M,M,M,M,M,53.60,LFPG 102300Z 21010KT 9999 SCT040 BKN086 12/07 Q1016 NOSIG,M
LFPG,2026-03-10 23:30,53.60,46.40,76.51,190.00,9.00,0.00,30.00,M,6.21,M,FEW,SCT,BKN,M,3300.00,4000.00,8300.00,M,M,M,M,M,M,M,M,53.60,LFPG 102330Z 19009KT 9999 FEW033 SCT040 BKN083 12/08 Q1016 NOSIG,M
LFPG,2026-03-11 00:00,53.60,46.40,76.51,190.00,9.00,0.00,30.00,M,6.21,M,SCT,BKN,BKN,M,3300.00,4800.00,8300.00,M,M,M,M,M,M,M,M,53.60,LFPG 110000Z 19009KT 9999 SCT033 BKN048 BKN083 12/08 Q1016 NOSIG,M
LFPG,2026-03-11 00:30,51.80,44.60,76.34,190.00,11.00,0.00,30.00,M,6.21,M,SCT,SCT,BKN,M,3200.00,4800.00,16000.00,M,M,M,M,M,M,M,M,51.80,LFPG 110030Z 19011KT 9999 SCT032 SCT048 BKN160 11/07 Q1016 NOSIG,M
LFPG,2026-03-11 01:00,51.80,44.60,76.34,200.00,12.00,0.00,30.00,M,6.21,M,FEW,BKN,BKN,M,2500.00,3300.00,16000.00,M,M,M,M,M,M,M,M,51.80,LFPG 110100Z 20012KT 9999 FEW025 BKN033 BKN160 11/07 Q1016 NOSIG,M
LFPG,2026-03-11 01:30,51.80,46.40,81.74,200.00,11.00,0.00,29.97,M,6.21,M,FEW,SCT,BKN,M,2600.00,3600.00,16000.00,M,M,M,M,M,M,M,M,51.80,LFPG 110130Z 20011KT 9999 FEW026 SCT036 BKN160 11/08 Q1015 NOSIG,M
LFPG,2026-03-11 02:00,51.80,46.40,81.74,210.00,12.00,0.00,29.97,M,6.21,M,FEW,BKN,M,M,2500.00,16000.00,M,M,M,M,M,M,M,M,M,51.80,LFPG 110200Z 21012KT 9999 FEW025 BKN160 11/08 Q1015 NOSIG,M
LFPG,2026-03-11 02:30,51.80,46.40,81.74,220.00,11.00,0.00,29.97,M,6.21,M,FEW,BKN,M,M,2000.00,15000.00,M,M,M,M,M,M,M,M,M,51.80,LFPG 110230Z 22011KT 9999 FEW020 BKN150 11/08 Q1015 NOSIG,M
LFPG,2026-03-11 03:00,51.80,46.40,81.74,200.00,14.00,0.00,29.94,M,6.21,M,BKN,BKN,BKN,M,1500.00,9300.00,11000.00,M,M,M,M,M,M,M,M,51.80,LFPG 110300Z 20014KT 9999 BKN015 BKN093 BKN110 11/08 Q1014 NOSIG,M
LFPG,2026-03-11 03:30,51.80,46.40,81.74,210.00,15.00,0.00,29.94,M,6.21,M,SCT,SCT,BKN,M,2000.00,9000.00,11000.00,M,M,M,M,M,M,M,M,51.80,LFPG 110330Z 21015KT 9999 SCT020 SCT090 BKN110 11/08 Q1014 NOSIG,M
LFPG,2026-03-11 04:00,51.80,46.40,81.74,210.00,15.00,0.00,29.94,M,6.21,M,BKN,M,M,M,1600.00,M,M,M,M,M,M,M,M,M,M,51.80,LFPG 110400Z 21015KT 9999 BKN016 11/08 Q1014 TEMPO 22015G25KT 3000 -RA,M
LFPG,2026-03-11 04:30,51.80,46.40,81.74,210.00,15.00,0.00,29.94,M,6.21,M,BKN,M,M,M,1700.00,M,M,M,-RA,M,M,M,M,M,M,51.80,LFPG 110430Z 21015KT 9999 -RA BKN017 11/08 Q1014 TEMPO 22015G25KT,M
LFPG,2026-03-11 05:00,50.00,46.40,87.37,200.00,16.00,0.00,29.94,M,6.21,M,BKN,M,M,M,1500.00,M,M,M,-RA,M,M,M,M,M,M,50.00,LFPG 110500Z 20016KT 9999 -RA BKN015 10/08 Q1014 TEMPO 22015G25KT,M
LFPG,2026-03-11 05:30,50.00,46.40,87.37,200.00,15.00,0.00,29.91,M,3.11,M,BKN,M,M,M,1200.00,M,M,M,-RA,M,M,M,M,M,M,50.00,LFPG 110530Z 20015KT 5000 -RA BKN012 10/08 Q1013 TEMPO 22015G25KT,M
LFPG,2026-03-11 06:00,50.00,46.40,87.37,200.00,16.00,0.00,29.91,M,3.11,M,BKN,M,M,M,1000.00,M,M,M,-RA,M,M,M,M,M,M,50.00,LFPG 110600Z 20016KT 5000 -RA BKN010 10/08 Q1013 TEMPO 22015G25KT,M
LFPG,2026-03-11 06:30,50.00,46.40,87.37,200.00,15.00,0.00,29.91,M,3.11,M,BKN,M,M,M,1000.00,M,M,M,-RA,M,M,M,M,M,M,50.00,COR LFPG 110630Z 20015KT 5000 -RA BKN010 10/08 Q1013 TEMPO 22015G25KT 3000 RA BKN010,M
LFPG,2026-03-11 07:00,50.00,46.40,87.37,200.00,17.00,0.00,29.91,M,3.11,27.00,BKN,BKN,M,M,900.00,1700.00,M,M,-RA,M,M,M,M,M,M,50.00,LFPG 110700Z 20017G27KT 5000 -RA BKN009 BKN017 10/08 Q1013 TEMPO 22015G25KT 3000 RA BKN010,M
LFPG,2026-03-11 07:30,48.20,46.40,93.45,200.00,16.00,0.00,29.91,M,2.17,M,BKN,BKN,M,M,1000.00,1900.00,M,M,RA,M,M,M,M,M,M,41.53,LFPG 110730Z 20016KT 3500 RA BKN010 BKN019 09/08 Q1013 TEMPO 22015G25KT 3000 RA BKN010,M
LFPG,2026-03-11 08:00,48.20,46.40,93.45,200.00,18.00,0.00,29.91,M,2.17,M,BKN,BKN,M,M,1000.00,1600.00,M,M,RA,M,M,M,M,M,M,41.07,LFPG 110800Z 20018KT 3500 RA BKN010 BKN016 09/08 Q1013 TEMPO 22015G25KT 3000 RA BKN010,M
LFPG,2026-03-11 08:30,48.20,46.40,93.45,210.00,16.00,0.00,29.91,M,2.17,M,BKN,BKN,M,M,700.00,1500.00,M,M,-RA,M,M,M,M,M,M,41.53,LFPG 110830Z 21016KT 3500 -RA BKN007 BKN015 09/08 Q1013 TEMPO 22015G25KT 3000 RA BKN010,M
LFPG,2026-03-11 09:00,48.20,48.20,100.00,200.00,16.00,0.00,29.91,M,2.17,M,BKN,BKN,M,M,700.00,1400.00,M,M,-RA,M,M,M,M,M,M,41.53,LFPG 110900Z 20016KT 3500 -RA BKN007 BKN014 09/09 Q1013 TEMPO 22015G25KT,M
LFPG,2026-03-11 09:30,50.00,48.20,93.50,210.00,18.00,0.00,29.91,M,1.86,M,BKN,M,M,M,700.00,M,M,M,-RA,M,M,M,M,M,M,50.00,LFPG 110930Z 21018KT 3000 -RA BKN007 10/09 Q1013 TEMPO 22015G25KT,M
LFPG,2026-03-11 10:00,50.00,48.20,93.50,210.00,16.00,0.00,29.91,M,2.49,M,BKN,M,M,M,600.00,M,M,M,-RA,M,M,M,M,M,M,50.00,LFPG 111000Z 21016KT 4000 -RA BKN006 10/09 Q1013 TEMPO 22015G25KT,M
LFPG,2026-03-11 10:30,50.00,50.00,100.00,210.00,13.00,0.00,29.91,M,2.49,M,BKN,M,M,M,500.00,M,M,M,-RA,M,M,M,M,M,M,50.00,LFPG 111030Z 21013KT 4000 -RA BKN005 10/10 Q1013 TEMPO 22015G25KT,M
LFPG,2026-03-11 11:00,50.00,50.00,100.00,230.00,12.00,0.00,29.91,M,4.35,M,BKN,BKN,M,M,500.00,1200.00,M,M,-DZ,M,M,M,M,M,M,50.00,LFPG 111100Z 23012KT 7000 -DZ BKN005 BKN012 10/10 Q1013 TEMPO 22015G25KT,M
LFPG,2026-03-11 11:30,51.80,50.00,93.55,250.00,12.00,0.00,29.94,M,6.21,M,SCT,SCT,BKN,M,800.00,1600.00,4900.00,M,M,M,M,M,M,M,M,51.80,LFPG 111130Z 25012KT 9999 SCT008 SCT016 BKN049 11/10 Q1014 TEMPO 22015G25KT,M
LFPG,2026-03-11 12:00,51.80,48.20,87.47,280.00,11.00,0.00,29.94,M,6.21,M,FEW,SCT,BKN,M,800.00,1600.00,4900.00,M,M,M,M,M,M,M,M,51.80,LFPG 111200Z 28011KT 9999 FEW008 SCT016 BKN049 11/09 Q1014 TEMPO 22015G25KT,M
LFPG,2026-03-11 12:30,53.60,48.20,81.87,280.00,9.00,0.00,29.94,M,6.21,M,FEW,SCT,BKN,M,1600.00,5000.00,9400.00,M,M,M,M,M,M,M,M,53.60,LFPG 111230Z 28009KT 9999 FEW016 SCT050 BKN094 12/09 Q1014 TEMPO 22015G25KT,M
LFPG,2026-03-11 15:00,57.20,44.60,62.70,310.00,12.00,0.00,29.97,M,6.21,M,BKN,SCT,M,M,3200.00,6600.00,M,M,M,M,M,M,M,M,M,57.20,LFPG 111500Z 31012KT 9999 BKN032 SCT066 14/07 Q1015 TEMPO 30015G25KT SCT025TCU,M
LFPG,2026-03-11 15:30,55.40,42.80,62.46,300.00,15.00,0.00,29.97,M,6.21,M,BKN,M,M,M,3600.00,M,M,M,M,M,M,M,M,M,M,55.40,LFPG 111530Z 30015KT 9999 BKN036 13/06 Q1015 TEMPO 30015G25KT SCT025TCU,M
LFPG,2026-03-11 16:00,55.40,39.20,54.33,300.00,15.00,0.00,30.00,M,6.21,M,BKN,M,M,M,4000.00,M,M,M,M,M,M,M,M,M,M,55.40,LFPG 111600Z 30015KT 9999 BKN040 13/04 Q1016 TEMPO 30015G25KT,M
LFPG,2026-03-11 16:30,53.60,39.20,58.02,300.00,16.00,0.00,30.00,M,6.21,M,SCT,M,M,M,4000.00,M,M,M,M,M,M,M,M,M,M,53.60,LFPG 111630Z 30016KT 9999 SCT040 12/04 Q1016 TEMPO 30015G25KT,M
LFPG,2026-03-11 17:00,51.80,39.20,61.99,290.00,14.00,0.00,30.03,M,6.21,M,SCT,M,M,M,4300.00,M,M,M,M,M,M,M,M,M,M,51.80,LFPG 111700Z 29014KT 9999 SCT043 11/04 Q1017,M
LFPG,2026-03-11 17:30,51.80,39.20,61.99,300.00,13.00,0.00,30.06,M,6.21,M,M,M,M,M,M,M,M,M,M,M,M,M,M,M,M,51.80,LFPG 111730Z 30013KT CAVOK 11/04 Q1018,M
LFPG,2026-03-11 18:00,50.00,39.20,66.26,290.00,10.00,0.00,30.06,M,6.21,M,M,M,M,M,M,M,M,M,M,M,M,M,M,M,M,50.00,LFPG 111800Z 29010KT CAVOK 10/04 Q1018,M
LFPG,2026-03-11 18:30,48.20,37.40,66.04,290.00,9.00,0.00,30.09,M,6.21,M,M,M,M,M,M,M,M,M,M,M,M,M,M,M,M,43.66,LFPG 111830Z 29009KT CAVOK 09/03 Q1019,M
LFPG,2026-03-11 19:00,48.20,37.40,66.04,290.00,7.00,0.00,30.12,M,6.21,M,FEW,M,M,M,4000.00,M,M,M,M,M,M,M,M,M,M,44.53,LFPG 111900Z 29007KT 9999 FEW040 09/03 Q1020,M
LFPG,2026-03-11 19:30,48.20,37.40,66.04,290.00,8.00,0.00,30.12,M,6.21,M,FEW,M,M,M,3800.00,M,M,M,M,M,M,M,M,M,M,44.07,LFPG 111930Z 29008KT 9999 FEW038 09/03 Q1020,M
LFPG,2026-03-11 20:30,46.40,39.20,75.84,280.00,7.00,0.00,30.15,M,6.21,M,M,M,M,M,M,M,M,M,M,M,M,M,M,M,M,42.33,LFPG 112030Z 28007KT CAVOK 08/04 Q1021,M
LFPG,2026-03-11 21:00,46.40,39.20,75.84,280.00,4.00,0.00,30.18,M,6.21,M,M,M,M,M,M,M,M,M,M,M,M,M,M,M,M,44.24,LFPG 112100Z 28004KT CAVOK 08/04 Q1022,M
LFPG,2026-03-11 21:30,46.40,39.20,75.84,260.00,6.00,0.00,30.18,M,6.21,M,M,M,M,M,M,M,M,M,M,M,M,M,M,M,M,42.87,LFPG 112130Z 26006KT CAVOK 08/04 Q1022,M
LFPG,2026-03-11 22:30,44.60,39.20,81.20,230.00,5.00,0.00,30.18,M,6.21,M,M,M,M,M,M,M,M,M,M,M,M,M,M,M,M,41.36,LFPG 112230Z 23005KT CAVOK 07/04 Q1022,M
LFPG,2026-03-11 23:00,44.60,37.40,75.67,240.00,6.00,0.00,30.21,M,6.21,M,M,M,M,M,M,M,M,M,M,M,M,M,M,M,M,40.71,LFPG 112300Z 24006KT CAVOK 07/03 Q1023,M
LFPG,2026-03-11 23:30,44.60,39.20,81.20,230.00,7.00,0.00,30.21,M,6.21,M,M,M,M,M,M,M,M,M,M,M,M,M,M,M,M,40.14,LFPG 112330Z 23007KT CAVOK 07/04 Q1023,M
LFPG,2026-03-12 00:00,44.60,39.20,81.20,240.00,7.00,0.00,30.21,M,6.21,M,M,M,M,M,M,M,M,M,M,M,M,M,M,M,M,40.14,LFPG 120000Z 24007KT CAVOK 07/04 Q1023 NOSIG,M
LFPG,2026-03-12 00:30,42.80,39.20,86.99,240.00,8.00,0.00,30.21,M,6.21,M,M,M,M,M,M,M,M,M,M,M,M,M,M,M,M,37.42,LFPG 120030Z 24008KT CAVOK 06/04 Q1023 NOSIG,M
LFPG,2026-03-12 01:00,42.80,39.20,86.99,240.00,6.00,0.00,30.21,M,6.21,M,M,M,M,M,M,M,M,M,M,M,M,M,M,M,M,38.54,LFPG 120100Z 24006KT CAVOK 06/04 Q1023 NOSIG,M
LFPG,2026-03-12 01:30,42.80,37.40,81.06,240.00,5.00,0.00,30.21,M,6.21,M,M,M,M,M,M,M,M,M,M,M,M,M,M,M,M,39.22,LFPG 120130Z 24005KT CAVOK 06/03 Q1023 NOSIG,M
LFPG,2026-03-12 02:00,42.80,37.40,81.06,220.00,7.00,0.00,30.21,M,6.21,M,M,M,M,M,M,M,M,M,M,M,M,M,M,M,M,37.94,LFPG 120200Z 22007KT CAVOK 06/03 Q1023 NOSIG,M
LFPG,2026-03-12 02:30,41.00,37.40,86.89,240.00,6.00,0.00,30.21,M,6.21,M,M,M,M,M,M,M,M,M,M,M,M,M,M,M,M,36.37,LFPG 120230Z 24006KT CAVOK 05/03 Q1023 NOSIG,M
LFPG,2026-03-12 03:00,42.80,39.20,86.99,230.00,5.00,0.00,30.21,M,6.21,M,M,M,M,M,M,M,M,M,M,M,M,M,M,M,M,39.22,LFPG 120300Z 23005KT CAVOK 06/04 Q1023 NOSIG,M
LFPG,2026-03-12 03:30,41.00,37.40,86.89,230.00,7.00,0.00,30.21,M,6.21,M,M,M,M,M,M,M,M,M,M,M,M,M,M,M,M,35.75,LFPG 120330Z 23007KT CAVOK 05/03 Q1023 NOSIG,M
LFPG,2026-03-12 04:00,41.00,39.20,93.24,220.00,7.00,0.00,30.21,M,6.21,M,M,M,M,M,M,M,M,M,M,M,M,M,M,M,M,35.75,LFPG 120400Z 22007KT CAVOK 05/04 Q1023 NOSIG,M
LFPG,2026-03-12 04:30,41.00,37.40,86.89,200.00,6.00,0.00,30.21,M,6.21,M,M,M,M,M,M,M,M,M,M,M,M,M,M,M,M,36.37,LFPG 120430Z 20006KT CAVOK 05/03 Q1023 NOSIG,M
LFPG,2026-03-12 05:00,39.20,37.40,93.19,180.00,5.00,0.00,30.21,M,6.21,M,M,M,M,M,M,M,M,M,M,M,M,M,M,M,M,34.95,LFPG 120500Z 18005KT CAVOK 04/03 Q1023 NOSIG,M
LFPG,2026-03-12 05:30,39.20,37.40,93.19,170.00,5.00,0.00,30.21,M,6.21,M,M,M,M,M,M,M,M,M,M,M,M,M,M,M,M,34.95,LFPG 120530Z 17005KT CAVOK 04/03 Q1023 NOSIG,M
LFPG,2026-03-12 06:00,39.20,37.40,93.19,190.00,7.00,0.00,30.21,M,6.21,M,M,M,M,M,M,M,M,M,M,M,M,M,M,M,M,33.56,LFPG 120600Z 19007KT CAVOK 04/03 Q1023 NOSIG,M
LFPG,2026-03-12 06:30,39.20,37.40,93.19,180.00,7.00,0.00,30.21,M,6.21,M,SCT,M,M,M,4600.00,M,M,M,M,M,M,M,M,M,M,33.56,LFPG 120630Z 18007KT 9999 SCT046 04/03 Q1023 NOSIG,M
LFPG,2026-03-12 07:00,39.20,37.40,93.19,180.00,8.00,0.00,30.21,M,6.21,M,BKN,M,M,M,4600.00,M,M,M,M,M,M,M,M,M,M,32.98,LFPG 120700Z 18008KT 9999 BKN046 04/03 Q1023 NOSIG,M
LFPG,2026-03-12 07:30,41.00,39.20,93.24,170.00,7.00,0.00,30.21,M,6.21,M,BKN,M,M,M,4600.00,M,M,M,M,M,M,M,M,M,M,35.75,LFPG 120730Z 17007KT 9999 BKN046 05/04 Q1023 NOSIG,M
LFPG,2026-03-12 08:00,41.00,39.20,93.24,170.00,7.00,0.00,30.21,M,6.21,M,BKN,M,M,M,4600.00,M,M,M,M,M,M,M,M,M,M,35.75,LFPG 120800Z 17007KT 9999 BKN046 05/04 Q1023 NOSIG,M
LFPG,2026-03-12 08:30,42.80,39.20,86.99,180.00,7.00,0.00,30.21,M,6.21,M,M,M,M,M,M,M,M,M,M,M,M,M,M,M,M,37.94,LFPG 120830Z 18007KT 160V270 CAVOK 06/04 Q1023 NOSIG,M
LFPG,2026-03-12 09:00,44.60,39.20,81.20,170.00,9.00,0.00,30.21,M,6.21,M,M,M,M,M,M,M,M,M,M,M,M,M,M,M,M,39.18,LFPG 120900Z 17009KT CAVOK 07/04 Q1023 NOSIG,M
LFPG,2026-03-12 09:30,46.40,39.20,75.84,190.00,9.00,0.00,30.21,M,6.21,M,FEW,SCT,M,M,4000.00,5000.00,M,M,M,M,M,M,M,M,M,41.42,LFPG 120930Z 19009KT 160V230 9999 FEW040 SCT050 08/04 Q1023 NOSIG,M
LFPG,2026-03-12 10:00,50.00,39.20,66.26,200.00,13.00,0.00,30.21,M,6.21,M,FEW,M,M,M,3600.00,M,M,M,M,M,M,M,M,M,M,50.00,LFPG 121000Z 20013KT 9999 FEW036 10/04 Q1023 NOSIG,M
LFPG,2026-03-12 10:30,51.80,39.20,61.99,210.00,17.00,0.00,30.18,M,6.21,M,FEW,M,M,M,3600.00,M,M,M,M,M,M,M,M,M,M,51.80,LFPG 121030Z 21017KT 9999 FEW036 11/04 Q1022 NOSIG,M
LFPG,2026-03-12 11:00,53.60,41.00,62.22,200.00,16.00,0.00,30.18,M,6.21,M,FEW,SCT,M,M,3000.00,26000.00,M,M,M,M,M,M,M,M,M,53.60,LFPG 121100Z 20016KT 9999 FEW030 SCT260 12/05 Q1022 NOSIG,M
LFPG,2026-03-12 11:30,53.60,39.20,58.02,210.00,18.00,0.00,30.15,M,6.21,M,SCT,SCT,M,M,3000.00,26000.00,M,M,M,M,M,M,M,M,M,53.60,LFPG 121130Z 21018KT 9999 SCT030 SCT260 12/04 Q1021 NOSIG,M
LFPG,2026-03-12 12:00,55.40,37.40,50.63,210.00,18.00,0.00,30.15,M,6.21,M,SCT,SCT,M,M,4100.00,26000.00,M,M,M,M,M,M,M,M,M,55.40,LFPG 121200Z 21018KT 9999 SCT041 SCT260 13/03 Q1021 NOSIG,M
LFPG,2026-03-12 12:30,55.40,35.60,47.15,220.00,18.00,0.00,30.15,M,6.21,M,SCT,SCT,M,M,4100.00,26000.00,M,M,M,M,M,M,M,M,M,55.40,LFPG 121230Z 22018KT 9999 SCT041 SCT260 13/02 Q1021 NOSIG,M
LFPG,2026-03-12 13:00,53.60,37.40,54.07,210.00,19.00,0.00,30.12,M,6.21,M,BKN,SCT,M,M,4100.00,26000.00,M,M,M,M,M,M,M,M,M,53.60,LFPG 121300Z 21019KT 9999 BKN041 SCT260 12/03 Q1020 NOSIG,M
LFPG,2026-03-12 13:30,53.60,39.20,58.02,220.00,18.00,0.00,30.12,M,6.21,M,BKN,SCT,M,M,4100.00,26000.00,M,M,M,M,M,M,M,M,M,53.60,LFPG 121330Z 22018KT 9999 BKN041 SCT260 12/04 Q1020 NOSIG,M
LFPG,2026-03-12 14:00,53.60,39.20,58.02,220.00,17.00,0.00,30.12,M,6.21,M,BKN,M,M,M,4100.00,M,M,M,M,M,M,M,M,M,M,53.60,LFPG 121400Z 22017KT 9999 BKN041 12/04 Q1020 NOSIG,M
LFPG,2026-03-12 14:30,53.60,39.20,58.02,220.00,17.00,0.00,30.12,M,6.21,M,BKN,M,M,M,4100.00,M,M,M,M,M,M,M,M,M,M,53.60,LFPG 121430Z 22017KT 9999 BKN041 12/04 Q1020 NOSIG,M
LFPG,2026-03-12 15:00,53.60,41.00,62.22,210.00,17.00,0.00,30.12,M,6.21,M,OVC,M,M,M,4000.00,M,M,M,M,M,M,M,M,M,M,53.60,LFPG 121500Z 21017KT 9999 OVC040 12/05 Q1020 NOSIG,M
LFPG,2026-03-12 15:30,53.60,39.20,58.02,210.00,17.00,0.00,30.12,M,6.21,M,OVC,M,M,M,3800.00,M,M,M,M,M,M,M,M,M,M,53.60,LFPG 121530Z 21017KT 9999 OVC038 12/04 Q1020 NOSIG,M
LFPG,2026-03-12 16:00,53.60,41.00,62.22,210.00,16.00,0.00,30.09,M,6.21,M,BKN,M,M,M,3800.00,M,M,M,M,M,M,M,M,M,M,53.60,COR LFPG 121600Z 21016KT 9999 BKN038 12/05 Q1019 NOSIG,M
LFPG,2026-03-12 16:30,53.60,41.00,62.22,210.00,16.00,0.00,30.09,M,6.21,M,BKN,M,M,M,3800.00,M,M,M,M,M,M,M,M,M,M,53.60,LFPG 121630Z 21016KT 9999 BKN038 12/05 Q1019 NOSIG,M
LFPG,2026-03-12 17:00,53.60,41.00,62.22,210.00,18.00,0.00,30.06,M,6.21,M,SCT,SCT,M,M,3800.00,26000.00,M,M,M,M,M,M,M,M,M,53.60,LFPG 121700Z 21018KT 9999 SCT038 SCT260 12/05 Q1018 NOSIG,M
LFPG,2026-03-12 17:30,53.60,41.00,62.22,200.00,16.00,0.00,30.06,M,6.21,M,SCT,BKN,M,M,4000.00,26000.00,M,M,M,M,M,M,M,M,M,53.60,LFPG 121730Z 20016KT 9999 SCT040 BKN260 12/05 Q1018 NOSIG,M
LFPG,2026-03-12 18:00,51.80,41.00,66.48,190.00,17.00,0.00,30.06,M,6.21,M,SCT,BKN,M,M,4000.00,26000.00,M,M,M,M,M,M,M,M,M,51.80,LFPG 121800Z 19017KT 9999 SCT040 BKN260 11/05 Q1018 NOSIG,M
LFPG,2026-03-12 18:30,51.80,41.00,66.48,200.00,15.00,0.00,30.06,M,6.21,M,SCT,BKN,M,M,3600.00,26000.00,M,M,M,M,M,M,M,M,M,51.80,LFPG 121830Z 20015KT 9999 SCT036 BKN260 11/05 Q1018 NOSIG,M
LFPG,2026-03-12 19:00,51.80,42.80,71.26,200.00,17.00,0.00,30.03,M,6.21,M,FEW,BKN,M,M,3600.00,26000.00,M,M,M,M,M,M,M,M,M,51.80,LFPG 121900Z 20017KT 9999 FEW036 BKN260 11/06 Q1017 NOSIG,M
LFPG,2026-03-12 19:30,51.80,42.80,71.26,200.00,17.00,0.00,30.03,M,6.21,M,FEW,BKN,M,M,2700.00,26000.00,M,M,M,M,M,M,M,M,M,51.80,LFPG 121930Z 20017KT 9999 FEW027 BKN260 11/06 Q1017 NOSIG,M
LFPG,2026-03-12 20:00,51.80,42.80,71.26,200.00,15.00,0.00,30.03,M,6.21,M,SCT,BKN,M,M,3900.00,26000.00,M,M,M,M,M,M,M,M,M,51.80,LFPG 122000Z 20015KT 9999 SCT039 BKN260 11/06 Q1017 NOSIG,M
LFPG,2026-03-12 20:30,50.00,42.80,76.17,200.00,13.00,0.00,30.03,M,6.21,M,FEW,BKN,M,M,3000.00,24000.00,M,M,M,M,M,M,M,M,M,50.00,LFPG 122030Z 20013KT 9999 FEW030 BKN240 10/06 Q1017 NOSIG,M
LFPG,2026-03-12 21:00,50.00,42.80,76.17,200.00,15.00,0.00,30.00,M,6.21,M,FEW,SCT,M,M,2700.00,24000.00,M,M,M,M,M,M,M,M,M,50.00,LFPG 122100Z 20015KT 9999 FEW027 SCT240 10/06 Q1016 NOSIG,M
LFPG,2026-03-12 21:30,50.00,42.80,76.17,200.00,14.00,0.00,30.00,M,6.21,M,SCT,M,M,M,2600.00,M,M,M,M,M,M,M,M,M,M,50.00,LFPG 122130Z 20014KT 9999 SCT026 10/06 Q1016 NOSIG,M
LFPG,2026-03-12 22:00,50.00,42.80,76.17,200.00,16.00,0.00,30.00,M,6.21,M,FEW,M,M,M,2400.00,M,M,M,M,M,M,M,M,M,M,50.00,LFPG 122200Z 20016KT 9999 FEW024 10/06 Q1016 NOSIG,M
LFPG,2026-03-12 22:30,50.00,42.80,76.17,200.00,14.00,0.00,29.97,M,6.21,M,FEW,M,M,M,2300.00,M,M,M,M,M,M,M,M,M,M,50.00,LFPG 122230Z 20014KT 9999 FEW023 10/06 Q1015 NOSIG,M
LFPG,2026-03-12 23:00,50.00,42.80,76.17,200.00,14.00,0.00,29.97,M,6.21,M,SCT,M,M,M,2100.00,M,M,M,M,M,M,M,M,M,M,50.00,LFPG 122300Z 20014KT 9999 SCT021 10/06 Q1015 NOSIG,M
LFPG,2026-03-12 23:30,50.00,42.80,76.17,210.00,17.00,0.00,29.94,M,6.21,M,SCT,M,M,M,2000.00,M,M,M,M,M,M,M,M,M,M,50.00,LFPG 122330Z 21017KT 9999 SCT020 10/06 Q1014 NOSIG,M
LFPG,2026-03-13 00:00,50.00,44.60,81.60,200.00,18.00,0.00,29.91,M,6.21,M,BKN,M,M,M,1900.00,M,M,M,M,M,M,M,M,M,M,50.00,LFPG 130000Z 20018KT 9999 BKN019 10/07 Q1013 NOSIG,M
LFPG,2026-03-13 00:30,50.00,42.80,76.17,210.00,20.00,0.00,29.91,M,6.21,M,BKN,M,M,M,1800.00,M,M,M,M,M,M,M,M,M,M,50.00,LFPG 130030Z 21020KT 9999 BKN018 10/06 Q1013 NOSIG,M
LFPG,2026-03-13 01:00,50.00,44.60,81.60,210.00,21.00,0.00,29.91,M,6.21,M,BKN,M,M,M,1800.00,M,M,M,M,M,M,M,M,M,M,50.00,LFPG 130100Z 21021KT 9999 BKN018 10/07 Q1013 NOSIG,M
LFPG,2026-03-13 01:30,50.00,44.60,81.60,210.00,18.00,0.00,29.88,M,6.21,M,BKN,M,M,M,1600.00,M,M,M,M,M,M,M,M,M,M,50.00,LFPG 130130Z 21018KT 9999 BKN016 10/07 Q1012 NOSIG,M
LFPG,2026-03-13 02:00,50.00,44.60,81.60,210.00,16.00,0.00,29.88,M,6.21,M,OVC,M,M,M,1600.00,M,M,M,M,M,M,M,M,M,M,50.00,LFPG 130200Z 21016KT 9999 OVC016 10/07 Q1012 NOSIG,M
LFPG,2026-03-13 02:30,50.00,44.60,81.60,210.00,16.00,0.00,29.88,M,6.21,M,OVC,M,M,M,1600.00,M,M,M,M,M,M,M,M,M,M,50.00,LFPG 130230Z 21016KT 9999 OVC016 10/07 Q1012 NOSIG,M
LFPG,2026-03-13 03:00,50.00,44.60,81.60,210.00,18.00,0.00,29.85,M,6.21,M,OVC,M,M,M,1600.00,M,M,M,M,M,M,M,M,M,M,50.00,LFPG 130300Z 21018KT 9999 OVC016 10/07 Q1011 NOSIG,M
LFPG,2026-03-13 03:30,50.00,44.60,81.60,210.00,19.00,0.00,29.85,M,6.21,29.00,OVC,M,M,M,1600.00,M,M,M,M,M,M,M,M,M,M,50.00,LFPG 130330Z 21019G29KT 9999 OVC016 10/07 Q1011 NOSIG,M
LFPG,2026-03-13 04:00,50.00,44.60,81.60,190.00,16.00,0.00,29.83,M,6.21,M,OVC,M,M,M,1600.00,M,M,M,M,M,M,M,M,M,M,50.00,LFPG 130400Z 19016KT 9999 OVC016 10/07 Q1010 NOSIG,M
LFPG,2026-03-13 04:30,50.00,44.60,81.60,200.00,16.00,0.00,29.80,M,6.21,M,OVC,M,M,M,1600.00,M,M,M,M,M,M,M,M,M,M,50.00,LFPG 130430Z 20016KT 9999 OVC016 10/07 Q1009 NOSIG,M
LFPG,2026-03-13 05:00,50.00,44.60,81.60,200.00,19.00,0.00,29.80,M,6.21,M,OVC,M,M,M,1500.00,M,M,M,M,M,M,M,M,M,M,50.00,LFPG 130500Z 20019KT 9999 OVC015 10/07 Q1009 NOSIG,M
LFPG,2026-03-13 05:30,50.00,46.40,87.37,190.00,20.00,0.00,29.77,M,6.21,M,OVC,M,M,M,1300.00,M,M,M,M,M,M,M,M,M,M,50.00,LFPG 130530Z 19020KT 9999 OVC013 10/08 Q1008 NOSIG,M
LFPG,2026-03-13 06:00,51.80,46.40,81.74,200.00,21.00,0.00,29.77,M,6.21,31.00,OVC,M,M,M,1400.00,M,M,M,M,M,M,M,M,M,M,51.80,LFPG 130600Z 20021G31KT 9999 OVC014 11/08 Q1008 TEMPO 20020G35KT,M
LFPG,2026-03-13 06:30,51.80,46.40,81.74,200.00,21.00,0.00,29.77,M,6.21,M,BKN,M,M,M,1600.00,M,M,M,M,M,M,M,M,M,M,51.80,LFPG 130630Z 20021KT 9999 BKN016 11/08 Q1008 TEMPO 20020G35KT,M
LFPG,2026-03-13 07:00,51.80,46.40,81.74,200.00,17.00,0.00,29.77,M,6.21,M,OVC,M,M,M,1400.00,M,M,M,-RA,M,M,M,M,M,M,51.80,LFPG 130700Z 20017KT 9999 -RA OVC014 11/08 Q1008 TEMPO 20020G35KT,M
LFPG,2026-03-13 07:30,51.80,48.20,87.47,200.00,19.00,0.00,29.74,M,6.21,M,OVC,M,M,M,1400.00,M,M,M,M,M,M,M,M,M,M,51.80,LFPG 130730Z 20019KT 9999 OVC014 11/09 Q1007 TEMPO 20020G35KT,M
LFPG,2026-03-13 08:00,51.80,48.20,87.47,200.00,19.00,0.00,29.74,M,6.21,M,OVC,M,M,M,1200.00,M,M,M,M,M,M,M,M,M,M,51.80,LFPG 130800Z 20019KT 9999 OVC012 11/09 Q1007 TEMPO 20020G35KT,M
LFPG,2026-03-13 08:30,51.80,48.20,87.47,200.00,22.00,0.00,29.74,M,6.21,M,OVC,M,M,M,1200.00,M,M,M,M,M,M,M,M,M,M,51.80,LFPG 130830Z 20022KT 9999 OVC012 11/09 Q1007 TEMPO 20020G35KT 3000 RA,M
LFPG,2026-03-13 09:00,51.80,48.20,87.47,200.00,21.00,0.00,29.74,M,6.21,M,OVC,M,M,M,1100.00,M,M,M,M,M,M,M,M,M,M,51.80,LFPG 130900Z 20021KT 9999 OVC011 11/09 Q1007 TEMPO 20020G35KT 3000 RA,M
LFPG,2026-03-13 09:30,53.60,48.20,81.87,200.00,22.00,0.00,29.71,M,6.21,M,OVC,M,M,M,1100.00,M,M,M,M,M,M,M,M,M,M,53.60,LFPG 130930Z 20022KT 9999 OVC011 12/09 Q1006 TEMPO 20020G35KT 3000 RA,M
LFPG,2026-03-13 10:00,53.60,50.00,87.56,200.00,20.00,0.00,29.71,M,2.49,M,SCT,BKN,M,M,900.00,1100.00,M,M,RA,M,M,M,M,M,M,53.60,LFPG 131000Z 20020KT 4000 RA SCT009TCU BKN011 12/10 Q1006 TEMPO 20020G35KT 2500 RA BKN008,M
LFPG,2026-03-13 10:30,50.00,46.40,87.37,310.00,15.00,0.00,29.74,M,2.49,M,FEW,SCT,BKN,M,700.00,1200.00,2100.00,M,RA,M,M,M,M,M,M,50.00,LFPG 131030Z 31015KT 4000 1000S R27L/1500U R09R/P2000 R26R/1300D R08L/1400U R26L/1100D R08R/0900D R27R/1400U R09L/1800U RA FEW007TCU SCT012 BKN021 10/08 Q1007 BECMG 28010KT -RA BKN025,M
LFPG,2026-03-13 11:00,48.20,46.40,93.45,300.00,10.00,0.00,29.74,M,3.73,M,FEW,SCT,BKN,M,900.00,1100.00,2500.00,M,-RA,M,M,M,M,M,M,43.28,LFPG 131100Z 30010KT 6000 -RA FEW009 SCT011 BKN025 09/08 Q1007 NOSIG,M
LFPG,2026-03-13 11:30,48.20,44.60,87.28,310.00,10.00,0.00,29.74,M,3.73,M,FEW,SCT,BKN,M,800.00,2000.00,4600.00,M,-RA,M,M,M,M,M,M,43.28,LFPG 131130Z 31010KT 6000 -RA FEW008 SCT020 BKN046 09/07 Q1007 NOSIG,M
LFPG,2026-03-13 12:00,48.20,44.60,87.28,290.00,9.00,0.00,29.74,M,4.97,M,FEW,SCT,BKN,M,800.00,2300.00,3300.00,M,-RA,M,M,M,M,M,M,43.66,LFPG 131200Z 29009KT 8000 -RA FEW008 SCT023 BKN033 09/07 Q1007 NOSIG,M
LFPG,2026-03-13 12:30,46.40,44.60,93.40,330.00,11.00,0.00,29.71,M,4.97,M,FEW,BKN,M,M,800.00,1600.00,M,M,-RA,M,M,M,M,M,M,40.66,LFPG 131230Z 33011KT 8000 -RA FEW008 BKN016 08/07 Q1006 NOSIG,M
LFPG,2026-03-13 13:00,44.60,42.80,93.35,320.00,10.00,0.00,29.74,M,4.35,M,SCT,BKN,M,M,700.00,2600.00,M,M,-RA,M,M,M,M,M,M,38.77,LFPG 131300Z 32010KT 7000 -RA SCT007 BKN026 07/06 Q1007 NOSIG,M
LFPG,2026-03-13 13:30,44.60,42.80,93.35,330.00,7.00,0.00,29.71,M,4.35,M,SCT,BKN,M,M,700.00,3300.00,M,M,-RA,M,M,M,M,M,M,40.14,LFPG 131330Z 33007KT 7000 -RA SCT007 BKN033 07/06 Q1006 NOSIG,M
LFPG,2026-03-13 14:00,44.60,42.80,93.35,340.00,4.00,0.00,29.71,M,5.59,M,FEW,OVC,M,M,700.00,4500.00,M,M,-RA,M,M,M,M,M,M,42.13,LFPG 131400Z 34004KT 310V010 9000 -RA FEW007 OVC045 07/06 Q1006 NOSIG,M
LFPG,2026-03-13 14:30,44.60,42.80,93.35,M,3.00,0.00,29.71,M,6.21,M,FEW,SCT,BKN,M,700.00,3000.00,4600.00,M,-RA,M,M,M,M,M,M,43.09,LFPG 131430Z VRB03KT 9999 -RA FEW007 SCT030 BKN046 07/06 Q1006 NOSIG,M
LFPG,2026-03-13 15:00,44.60,42.80,93.35,M,3.00,0.00,29.68,M,4.97,M,SCT,SCT,BKN,M,900.00,2800.00,4000.00,M,-RA,M,M,M,M,M,M,43.09,LFPG 131500Z VRB03KT 8000 -RA SCT009 SCT028 BKN040 07/06 Q1005 NOSIG,M
LFPG,2026-03-13 15:30,44.60,42.80,93.35,240.00,3.00,0.00,29.68,M,4.97,M,SCT,BKN,M,M,800.00,4800.00,M,M,-RA,M,M,M,M,M,M,43.09,LFPG 131530Z 24003KT 190V310 8000 -RA SCT008 BKN048 07/06 Q1005 NOSIG,M
LFPG,2026-03-13 16:00,44.60,42.80,93.35,200.00,4.00,0.00,29.65,M,4.35,M,SCT,SCT,BKN,M,700.00,2000.00,4600.00,M,-RA,M,M,M,M,M,M,42.13,LFPG 131600Z 20004KT 7000 -RA SCT007 SCT020 BKN046 07/06 Q1004 NOSIG,M
LFPG,2026-03-13 16:30,44.60,42.80,93.35,210.00,4.00,0.00,29.65,M,3.73,M,SCT,BKN,M,M,900.00,2500.00,M,M,-RA,M,M,M,M,M,M,42.13,LFPG 131630Z 21004KT 6000 -RA SCT009 BKN025 07/06 Q1004 NOSIG,M
LFPG,2026-03-13 17:00,44.60,42.80,93.35,260.00,8.00,0.00,29.65,M,3.73,M,SCT,BKN,BKN,M,600.00,1100.00,2600.00,M,-RA,M,M,M,M,M,M,39.63,LFPG 131700Z 26008KT 220V300 6000 -RA SCT006 BKN011 BKN026 07/06 Q1004 NOSIG,M
LFPG,2026-03-13 17:30,44.60,42.80,93.35,280.00,8.00,0.00,29.65,M,5.59,M,FEW,BKN,M,M,1000.00,2600.00,M,M,-RA,M,M,M,M,M,M,39.63,LFPG 131730Z 28008KT 9000 -RA FEW010 BKN026 07/06 Q1004 NOSIG,M
LFPG,2026-03-13 18:00,42.80,41.00,93.29,250.00,8.00,0.00,29.65,M,6.21,M,OVC,M,M,M,3300.00,M,M,M,-RA,M,M,M,M,M,M,37.42,LFPG 131800Z 25008KT 9999 -RA OVC033 06/05 Q1004 TEMPO BKN012,M
LFPG,2026-03-13 18:30,42.80,41.00,93.29,210.00,6.00,0.00,29.62,M,6.21,M,OVC,M,M,M,4000.00,M,M,M,-RA,M,M,M,M,M,M,38.54,LFPG 131830Z 21006KT 9999 -RA OVC040 06/05 Q1003 TEMPO BKN012,M
LFPG,2026-03-13 19:00,42.80,41.00,93.29,210.00,6.00,0.00,29.62,M,6.21,M,BKN,OVC,M,M,3300.00,5000.00,M,M,-RA,M,M,M,M,M,M,38.54,LFPG 131900Z 21006KT 190V310 9999 -RA BKN033 OVC050 06/05 Q1003 NOSIG,M
LFPG,2026-03-13 19:30,42.80,41.00,93.29,210.00,7.00,0.00,29.62,M,6.21,M,OVC,M,M,M,3300.00,M,M,M,-RA,M,M,M,M,M,M,37.94,LFPG 131930Z 21007KT 9999 -RA OVC033 06/05 Q1003 NOSIG,M
LFPG,2026-03-13 20:00,42.80,41.00,93.29,210.00,5.00,0.00,29.62,M,6.21,17.00,OVC,M,M,M,2600.00,M,M,M,-RA,M,M,M,M,M,M,39.22,LFPG 132000Z 21005G17KT 180V290 9999 -RA OVC026 06/05 Q1003 NOSIG,M
LFPG,2026-03-13 20:30,42.80,41.00,93.29,170.00,4.00,0.00,29.59,M,6.21,M,OVC,M,M,M,2000.00,M,M,M,-RA,M,M,M,M,M,M,40.03,LFPG 132030Z 17004KT 150V210 9999 -RA OVC020 06/05 Q1002 NOSIG,M
LFPG,2026-03-13 21:00,42.80,41.00,93.29,M,2.00,0.00,29.59,M,6.21,M,FEW,BKN,BKN,M,900.00,1300.00,1800.00,M,M,M,M,M,M,M,M,42.80,LFPG 132100Z VRB02KT 9999 FEW009 BKN013 BKN018 06/05 Q1002 TEMPO BKN008,M
LFPG,2026-03-13 21:30,42.80,41.00,93.29,200.00,4.00,0.00,29.59,M,6.21,M,FEW,SCT,BKN,M,1600.00,3300.00,5300.00,M,M,M,M,M,M,M,M,40.03,LFPG 132130Z 20004KT 9999 FEW016 SCT033 BKN053 06/05 Q1002 TEMPO BKN013,M
LFPG,2026-03-13 22:00,42.80,41.00,93.29,190.00,5.00,0.00,29.59,M,4.97,M,FEW,SCT,BKN,M,1900.00,3300.00,5300.00,M,-RA,M,M,M,M,M,M,39.22,LFPG 132200Z 19005KT 8000 -RA FEW019 SCT033 BKN053 06/05 Q1002 TEMPO BKN013,M
LFPG,2026-03-13 22:30,42.80,41.00,93.29,220.00,7.00,0.00,29.56,M,4.97,M,FEW,BKN,BKN,M,700.00,1300.00,1800.00,M,-RA,M,M,M,M,M,M,37.94,LFPG 132230Z 22007KT 8000 -RA FEW007 BKN013 BKN018 06/05 Q1001 TEMPO BKN008,M
LFPG,2026-03-13 23:00,42.80,39.20,86.99,230.00,9.00,0.00,29.56,M,4.97,M,FEW,BKN,BKN,M,1000.00,1600.00,2100.00,M,-RA,M,M,M,M,M,M,36.94,LFPG 132300Z 23009KT 8000 -RA FEW010 BKN016 BKN021 06/04 Q1001 TEMPO BKN008,M
LFPG,2026-03-13 23:30,41.00,39.20,93.24,280.00,6.00,0.00,29.56,M,4.35,M,BKN,BKN,M,M,1100.00,2500.00,M,M,-RA,M,M,M,M,M,M,36.37,LFPG 132330Z 28006KT 7000 -RA BKN011 BKN025 05/04 Q1001 TEMPO BKN008,M
LFPG,2026-03-14 00:00,41.00,39.20,93.24,320.00,6.00,0.00,29.53,M,4.97,M,SCT,BKN,M,M,1400.00,2000.00,M,M,-RA,M,M,M,M,M,M,36.37,LFPG 140000Z 32006KT 8000 -RA SCT014 BKN020 05/04 Q1000 TEMPO BKN008,M
LFPG,2026-03-14 00:30,37.40,35.60,93.13,310.00,14.00,0.00,29.56,M,2.49,M,BKN,BKN,M,M,1000.00,1700.00,M,M,-RA,M,M,M,M,M,M,28.12,LFPG 140030Z 31014KT 4000 -RA BKN010 BKN017 03/02 Q1001 TEMPO BKN008,M
LFPG,2026-03-14 01:30,37.40,35.60,93.13,270.00,10.00,0.00,29.56,M,6.21,M,BKN,OVC,M,M,600.00,1300.00,M,M,-RA,M,M,M,M,M,M,29.74,LFPG 140130Z 27010KT 9999 -RA BKN006 OVC013 03/02 Q1001 TEMPO BKN008,M
LFPG,2026-03-14 02:00,37.40,37.40,100.00,260.00,12.00,0.00,29.56,M,6.21,M,OVC,M,M,M,600.00,M,M,M,M,M,M,M,M,M,M,28.87,LFPG 140200Z 26012KT 9999 OVC006 03/03 Q1001 TEMPO BKN013,M
LFPG,2026-03-14 02:30,37.40,35.60,93.13,260.00,10.00,0.00,29.56,M,6.21,M,OVC,M,M,M,700.00,M,M,M,M,M,M,M,M,M,M,29.74,LFPG 140230Z 26010KT 9999 OVC007 03/02 Q1001 TEMPO BKN013,M
LFPG,2026-03-14 03:00,37.40,37.40,100.00,250.00,11.00,0.00,29.56,M,6.21,M,OVC,M,M,M,700.00,M,M,M,M,M,M,M,M,M,M,29.29,LFPG 140300Z 25011KT 9999 OVC007 03/03 Q1001 TEMPO BKN013,M
LFPG,2026-03-14 03:30,37.40,35.60,93.13,250.00,11.00,0.00,29.56,M,6.21,M,OVC,M,M,M,900.00,M,M,M,M,M,M,M,M,M,M,29.29,LFPG 140330Z 25011KT 9999 OVC009 03/02 Q1001 TEMPO BKN013,M
LFPG,2026-03-14 04:00,39.20,37.40,93.19,250.00,12.00,0.00,29.59,M,6.21,M,OVC,M,M,M,1100.00,M,M,M,M,M,M,M,M,M,M,31.17,LFPG 140400Z 25012KT 9999 OVC011 04/03 Q1002 TEMPO BKN008,M
LFPG,2026-03-14 04:15,37.40,35.60,93.13,250.00,10.00,0.00,29.59,M,6.21,M,SCT,OVC,M,M,1300.00,6600.00,M,M,M,M,M,M,M,M,M,29.74,COR LFPG 140415Z 25010KT 9999 SCT013 OVC066 03/02 Q1002 TEMPO BKN013,M
LFPG,2026-03-14 04:30,37.40,35.60,93.13,250.00,10.00,0.00,29.59,M,6.21,M,M,M,M,M,M,M,M,M,M,M,M,M,M,M,M,29.74,LFPG 140430Z 25010KT CAVOK 03/02 Q1002 TEMPO BKN013,M
LFPG,2026-03-14 05:00,37.40,35.60,93.13,270.00,8.00,0.00,29.59,M,6.21,M,FEW,BKN,M,M,1000.00,10000.00,M,M,M,M,M,M,M,M,M,30.76,LFPG 140500Z 27008KT 9999 FEW010 BKN100 03/02 Q1002 TEMPO BKN013,M
LFPG,2026-03-14 05:30,37.40,35.60,93.13,260.00,11.00,0.00,29.59,M,6.21,M,SCT,BKN,BKN,M,900.00,11000.00,14000.00,M,M,M,M,M,M,M,M,29.29,LFPG 140530Z 26011KT 9999 SCT009 BKN110 BKN140 03/02 Q1002 TEMPO BKN008,M
LFPG,2026-03-14 06:00,37.40,35.60,93.13,250.00,11.00,0.00,29.59,M,6.21,M,FEW,SCT,M,M,1000.00,10000.00,M,M,M,M,M,M,M,M,M,29.29,LFPG 140600Z 25011KT 9999 FEW010 SCT100 03/02 Q1002 TEMPO BKN013,M
LFPG,2026-03-14 06:30,37.40,35.60,93.13,250.00,10.00,0.00,29.62,M,6.21,M,SCT,M,M,M,800.00,M,M,M,M,M,M,M,M,M,M,29.74,LFPG 140630Z 25010KT 9999 SCT008 03/02 Q1003 TEMPO BKN013,M
LFPG,2026-03-14 07:00,37.40,35.60,93.13,260.00,12.00,0.00,29.62,M,6.21,M,SCT,M,M,M,800.00,M,M,M,M,M,M,M,M,M,M,28.87,LFPG 140700Z 26012KT 9999 SCT008 03/02 Q1003 TEMPO BKN013,M
LFPG,2026-03-14 07:30,37.40,35.60,93.13,250.00,12.00,0.00,29.62,M,6.21,M,SCT,M,M,M,800.00,M,M,M,M,M,M,M,M,M,M,28.87,LFPG 140730Z 25012KT 9999 SCT008 03/02 Q1003 TEMPO BKN013,M
LFPG,2026-03-14 08:00,39.20,35.60,86.79,260.00,11.00,0.00,29.65,M,6.21,M,BKN,M,M,M,800.00,M,M,M,M,M,M,M,M,M,M,31.57,LFPG 140800Z 26011KT 9999 BKN008 04/02 Q1004 TEMPO SCT020TCU,M
LFPG,2026-03-14 08:30,39.20,35.60,86.79,260.00,10.00,0.00,29.65,M,6.21,M,BKN,M,M,M,800.00,M,M,M,M,M,M,M,M,M,M,32.00,LFPG 140830Z 26010KT 9999 BKN008 04/02 Q1004 TEMPO SCT020TCU,M
LFPG,2026-03-14 09:00,41.00,37.40,86.89,270.00,10.00,0.00,29.65,M,6.21,M,BKN,M,M,M,1100.00,M,M,M,M,M,M,M,M,M,M,34.25,LFPG 140900Z 27010KT 9999 BKN011 05/03 Q1004 TEMPO SCT020TCU,M
LFPG,2026-03-14 09:30,42.80,37.40,81.06,280.00,10.00,0.00,29.68,M,6.21,M,BKN,M,M,M,1400.00,M,M,M,M,M,M,M,M,M,M,36.51,LFPG 140930Z 28010KT 9999 BKN014 06/03 Q1005 TEMPO SCT020TCU,M
LFPG,2026-03-14 10:00,42.80,37.40,81.06,290.00,11.00,0.00,29.68,M,6.21,M,BKN,M,M,M,1600.00,M,M,M,M,M,M,M,M,M,M,36.11,LFPG 141000Z 29011KT 9999 BKN016 06/03 Q1005 TEMPO SCT020TCU,M
LFPG,2026-03-14 10:30,44.60,35.60,70.47,280.00,10.00,0.00,29.68,M,6.21,M,BKN,M,M,M,1800.00,M,M,M,M,M,M,M,M,M,M,38.77,LFPG 141030Z 28010KT 250V310 9999 BKN018 07/02 Q1005 TEMPO SCT020TCU,M
LFPG,2026-03-14 11:00,44.60,37.40,75.67,280.00,11.00,0.00,29.68,M,6.21,M,SCT,SCT,M,M,2000.00,3300.00,M,M,M,M,M,M,M,M,M,38.39,LFPG 141100Z 28011KT 9999 SCT020 SCT033 07/03 Q1005 TEMPO SCT020TCU,M
LFPG,2026-03-14 11:30,48.20,37.40,66.04,280.00,10.00,0.00,29.68,M,6.21,M,SCT,SCT,M,M,2000.00,3300.00,M,M,M,M,M,M,M,M,M,43.28,LFPG 141130Z 28010KT 260V320 9999 SCT020 SCT033 09/03 Q1005 TEMPO SCT020TCU,M
LFPG,2026-03-14 12:00,46.40,35.60,65.82,280.00,9.00,0.00,29.68,M,6.21,M,SCT,SCT,M,M,2600.00,4000.00,M,M,M,M,M,M,M,M,M,41.42,LFPG 141200Z 28009KT 260V320 9999 SCT026 SCT040 08/02 Q1005 TEMPO SCT020TCU,M
LFPG,2026-03-14 12:30,46.40,35.60,65.82,300.00,4.00,0.00,29.68,M,6.21,M,SCT,SCT,M,M,2800.00,3300.00,M,M,M,M,M,M,M,M,M,44.24,LFPG 141230Z 30004KT 250V330 9999 SCT028 SCT033 08/02 Q1005 TEMPO SCT020TCU,M
LFPG,2026-03-14 13:00,48.20,35.60,61.50,270.00,8.00,0.00,29.68,M,6.21,M,FEW,BKN,M,M,3000.00,4000.00,M,M,M,M,M,M,M,M,M,44.07,LFPG 141300Z 27008KT 220V310 9999 FEW030TCU BKN040 09/02 Q1005 NOSIG,M
LFPG,2026-03-14 13:30,50.00,33.80,53.52,270.00,10.00,0.00,29.68,M,6.21,M,FEW,BKN,M,M,3000.00,3300.00,M,M,M,M,M,M,M,M,M,50.00,LFPG 141330Z 27010KT 250V310 9999 FEW030TCU BKN033 10/01 Q1005 TEMPO 33012G25KT 4000 -SHRA SCT020CB,M
LFPG,2026-03-14 14:00,50.00,35.60,57.51,290.00,11.00,0.00,29.68,M,6.21,M,FEW,BKN,M,M,3300.00,4000.00,M,M,SHRA,M,M,M,M,M,M,50.00,LFPG 141400Z 29011KT 9999 SHRA FEW033TCU BKN040 10/02 Q1005 TEMPO 33012G25KT 4000 -SHRA SCT020CB,M
LFPG,2026-03-14 14:30,50.00,33.80,53.52,300.00,14.00,0.00,29.68,M,6.21,M,FEW,SCT,M,M,3300.00,4000.00,M,M,SHRA,M,M,M,M,M,M,50.00,LFPG 141430Z 30014KT 9999 SHRA FEW033CB SCT040 10/01 Q1005 TEMPO 33012G25KT 4000 -SHRA SCT020CB,M
LFPG,2026-03-14 15:00,50.00,35.60,57.51,300.00,10.00,0.00,29.71,M,6.21,M,FEW,SCT,M,M,3000.00,7300.00,M,M,VCSH,M,M,M,M,M,M,50.00,LFPG 141500Z 30010KT 260V320 9999 VCSH FEW030TCU SCT073 10/02 Q1006 TEMPO 33012G25KT 4000 -SHRA SCT020CB,M
LFPG,2026-03-14 15:30,50.00,35.60,57.51,290.00,10.00,0.00,29.71,M,6.21,M,FEW,M,M,M,3000.00,M,M,M,VCSH,M,M,M,M,M,M,50.00,LFPG 141530Z 29010KT 260V320 9999 VCSH FEW030TCU 10/02 Q1006 NOSIG,M
LFPG,2026-03-14 16:00,50.00,35.60,57.51,300.00,8.00,0.00,29.71,M,6.21,M,FEW,M,M,M,3000.00,M,M,M,VCSH,M,M,M,M,M,M,50.00,LFPG 141600Z 30008KT 9999 VCSH FEW030TCU 10/02 Q1006 NOSIG,M
LFPG,2026-03-14 16:30,50.00,35.60,57.51,320.00,12.00,0.00,29.71,M,6.21,M,FEW,SCT,M,M,3000.00,3300.00,M,M,M,M,M,M,M,M,M,50.00,LFPG 141630Z 32012KT 9999 FEW030TCU SCT033 10/02 Q1006 NOSIG,M
LFPG,2026-03-14 17:00,50.00,35.60,57.51,330.00,9.00,0.00,29.74,M,6.21,M,SCT,M,M,M,4000.00,M,M,M,M,M,M,M,M,M,M,50.00,LFPG 141700Z 33009KT 9999 SCT040 10/02 Q1007 NOSIG,M
LFPG,2026-03-14 17:30,48.20,33.80,57.25,340.00,8.00,0.00,29.74,M,6.21,M,FEW,M,M,M,4000.00,M,M,M,M,M,M,M,M,M,M,44.07,LFPG 141730Z 34008KT 9999 FEW040 09/01 Q1007 NOSIG,M
LFPG,2026-03-14 18:00,46.40,33.80,61.26,350.00,8.00,0.00,29.77,M,6.21,M,FEW,M,M,M,4000.00,M,M,M,M,M,M,M,M,M,M,41.85,LFPG 141800Z 35008KT 9999 FEW040 08/01 Q1008 NOSIG,M
LFPG,2026-03-14 18:30,44.60,32.00,61.01,330.00,5.00,0.00,29.77,M,6.21,M,M,M,M,M,M,M,M,M,M,M,M,M,M,M,M,41.36,LFPG 141830Z 33005KT CAVOK 07/00 Q1008 NOSIG,M
LFPG,2026-03-14 19:00,44.60,32.00,61.01,330.00,6.00,0.00,29.80,M,6.21,M,M,M,M,M,M,M,M,M,M,M,M,M,M,M,M,40.71,LFPG 141900Z 33006KT CAVOK 07/00 Q1009 NOSIG,M
LFPG,2026-03-14 19:30,42.80,33.80,70.27,360.00,5.00,0.00,29.80,M,6.21,M,M,M,M,M,M,M,M,M,M,M,M,M,M,M,M,39.22,LFPG 141930Z 36005KT CAVOK 06/01 Q1009 NOSIG,M
LFPG,2026-03-14 20:00,42.80,33.80,70.27,340.00,6.00,0.00,29.83,M,6.21,M,M,M,M,M,M,M,M,M,M,M,M,M,M,M,M,38.54,LFPG 142000Z 34006KT CAVOK 06/01 Q1010 NOSIG,M
LFPG,2026-03-14 20:30,41.00,33.80,75.32,350.00,7.00,0.00,29.83,M,6.21,M,M,M,M,M,M,M,M,M,M,M,M,M,M,M,M,35.75,LFPG 142030Z 35007KT CAVOK 05/01 Q1010 NOSIG,M
LFPG,2026-03-14 21:00,41.00,33.80,75.32,360.00,10.00,0.00,29.85,M,6.21,M,M,M,M,M,M,M,M,M,M,M,M,M,M,M,M,34.25,LFPG 142100Z 36010KT CAVOK 05/01 Q1011 NOSIG,M
LFPG,2026-03-14 21:30,39.20,33.80,80.78,350.00,12.00,0.00,29.85,M,6.21,M,M,M,M,M,M,M,M,M,M,M,M,M,M,M,M,31.17,LFPG 142130Z 35012KT CAVOK 04/01 Q1011 NOSIG,M
LFPG,2026-03-14 22:00,39.20,33.80,80.78,330.00,7.00,0.00,29.85,M,6.21,M,M,M,M,M,M,M,M,M,M,M,M,M,M,M,M,33.56,LFPG 142200Z 33007KT CAVOK 04/01 Q1011 NOSIG,M
LFPG,2026-03-14 22:30,37.40,33.80,86.69,310.00,8.00,0.00,29.88,M,6.21,M,M,M,M,M,M,M,M,M,M,M,M,M,M,M,M,30.76,LFPG 142230Z 31008KT CAVOK 03/01 Q1012 NOSIG,M
LFPG,2026-03-14 23:00,37.40,33.80,86.69,360.00,5.00,0.00,29.88,M,6.21,M,M,M,M,M,M,M,M,M,M,M,M,M,M,M,M,32.81,LFPG 142300Z 36005KT CAVOK 03/01 Q1012 NOSIG,M
LFPG,2026-03-14 23:30,37.40,33.80,86.69,20.00,2.00,0.00,29.88,M,6.21,M,M,M,M,M,M,M,M,M,M,M,M,M,M,M,M,37.40,LFPG 142330Z 02002KT CAVOK 03/01 Q1012 NOSIG,M
LFPG,2026-03-15 00:00,37.40,32.00,80.64,310.00,3.00,0.00,29.88,M,6.21,M,M,M,M,M,M,M,M,M,M,M,M,M,M,M,M,34.86,LFPG 150000Z 31003KT CAVOK 03/00 Q1012 NOSIG,M
LFPG,2026-03-15 00:30,35.60,32.00,86.58,340.00,2.00,0.00,29.91,M,6.21,M,M,M,M,M,M,M,M,M,M,M,M,M,M,M,M,35.60,LFPG 150030Z 34002KT CAVOK 02/00 Q1013 NOSIG,M
LFPG,2026-03-15 01:00,35.60,32.00,86.58,0.00,0.00,0.00,29.91,M,6.21,M,M,M,M,M,M,M,M,M,M,M,M,M,M,M,M,35.60,LFPG 150100Z 00000KT CAVOK 02/00 Q1013 NOSIG,M
LFPG,2026-03-15 01:30,35.60,32.00,86.58,320.00,2.00,0.00,29.91,M,6.21,M,M,M,M,M,M,M,M,M,M,M,M,M,M,M,M,35.60,LFPG 150130Z 32002KT CAVOK 02/00 Q1013 NOSIG,M
LFPG,2026-03-15 02:00,35.60,32.00,86.58,300.00,3.00,0.00,29.91,M,6.21,M,M,M,M,M,M,M,M,M,M,M,M,M,M,M,M,32.80,LFPG 150200Z 30003KT CAVOK 02/00 Q1013 NOSIG,M
LFPG,2026-03-15 02:30,33.80,32.00,93.02,290.00,4.00,0.00,29.94,M,6.21,M,M,M,M,M,M,M,M,M,M,M,M,M,M,M,M,29.52,LFPG 150230Z 29004KT CAVOK 01/M00 Q1014 NOSIG,M
LFPG,2026-03-15 03:00,33.80,32.00,93.02,320.00,4.00,0.00,29.94,M,6.21,M,M,M,M,M,M,M,M,M,M,M,M,M,M,M,M,29.52,LFPG 150300Z 32004KT CAVOK 01/M00 Q1014 NOSIG,M
LFPG,2026-03-15 03:30,33.80,30.20,86.48,0.00,0.00,0.00,29.94,M,6.21,M,M,M,M,M,M,M,M,M,M,M,M,M,M,M,M,33.80,LFPG 150330Z 00000KT CAVOK 01/M01 Q1014 NOSIG,M
LFPG,2026-03-15 04:00,33.80,32.00,93.02,270.00,2.00,0.00,29.94,M,6.21,M,M,M,M,M,M,M,M,M,M,M,M,M,M,M,M,33.80,LFPG 150400Z 27002KT CAVOK 01/M00 Q1014 NOSIG,M
LFPG,2026-03-15 04:30,32.00,30.20,92.97,270.00,4.00,0.00,29.97,M,6.21,M,M,M,M,M,M,M,M,M,M,M,M,M,M,M,M,27.42,LFPG 150430Z 27004KT CAVOK 00/M01 Q1015 NOSIG,M
LFPG,2026-03-15 05:00,32.00,30.20,92.97,270.00,3.00,0.00,29.97,M,6.21,M,M,M,M,M,M,M,M,M,M,M,M,M,M,M,M,28.69,LFPG 150500Z 27003KT CAVOK 00/M01 Q1015 NOSIG,M
LFPG,2026-03-15 05:30,32.00,30.20,92.97,280.00,1.00,0.00,29.97,M,6.21,M,M,M,M,M,M,M,M,M,M,M,M,M,M,M,M,32.00,LFPG 150530Z 28001KT CAVOK 00/M01 Q1015 NOSIG,M
LFPG,2026-03-15 06:00,33.80,32.00,93.02,310.00,3.00,0.00,30.00,M,6.21,M,M,M,M,M,M,M,M,M,M,M,M,M,M,M,M,30.75,LFPG 150600Z 31003KT CAVOK 01/M00 Q1016 NOSIG,M
LFPG,2026-03-15 06:30,33.80,32.00,93.02,320.00,5.00,0.00,30.00,M,6.21,M,M,M,M,M,M,M,M,M,M,M,M,M,M,M,M,28.53,LFPG 150630Z 32005KT CAVOK 01/M00 Q1016 NOSIG,M
LFPG,2026-03-15 07:00,35.60,32.00,86.58,310.00,3.00,0.00,30.00,M,6.21,M,M,M,M,M,M,M,M,M,M,M,M,M,M,M,M,32.80,LFPG 150700Z 31003KT CAVOK 02/00 Q1016 NOSIG,M
LFPG,2026-03-15 07:30,37.40,32.00,80.64,0.00,0.00,0.00,30.03,M,6.21,M,M,M,M,M,M,M,M,M,M,M,M,M,M,M,M,37.40,LFPG 150730Z 00000KT CAVOK 03/00 Q1017 NOSIG,M
LFPG,2026-03-15 08:00,41.00,35.60,80.92,M,3.00,0.00,30.03,M,6.21,M,M,M,M,M,M,M,M,M,M,M,M,M,M,M,M,38.98,LFPG 150800Z VRB03KT CAVOK 05/02 Q1017 NOSIG,M
LFPG,2026-03-15 08:30,41.00,33.80,75.32,210.00,3.00,0.00,30.03,M,6.21,M,M,M,M,M,M,M,M,M,M,M,M,M,M,M,M,38.98,LFPG 150830Z 21003KT 130V260 CAVOK 05/01 Q1017 NOSIG,M
LFPG,2026-03-15 09:00,44.60,35.60,70.47,200.00,3.00,0.00,30.03,M,6.21,M,M,M,M,M,M,M,M,M,M,M,M,M,M,M,M,43.09,LFPG 150900Z 20003KT 130V240 CAVOK 07/02 Q1017 NOSIG,M
LFPG,2026-03-15 09:30,48.20,37.40,66.04,220.00,4.00,0.00,30.03,M,6.21,M,FEW,M,M,M,2600.00,M,M,M,M,M,M,M,M,M,M,46.34,LFPG 150930Z 22004KT 170V250 9999 FEW026 09/03 Q1017 NOSIG,M
LFPG,2026-03-15 10:00,48.20,35.60,61.50,M,3.00,0.00,30.03,M,6.21,M,FEW,M,M,M,2600.00,M,M,M,M,M,M,M,M,M,M,47.21,LFPG 151000Z VRB03KT 9999 FEW026 09/02 Q1017 NOSIG,M
LFPG,2026-03-15 10:30,48.20,33.80,57.25,230.00,4.00,0.00,30.03,M,6.21,M,FEW,M,M,M,2600.00,M,M,M,M,M,M,M,M,M,M,46.34,LFPG 151030Z 23004KT 140V300 9999 FEW026 09/01 Q1017 NOSIG,M
LFPG,2026-03-15 11:00,50.00,32.00,49.79,220.00,5.00,0.00,30.03,M,6.21,M,FEW,M,M,M,2600.00,M,M,M,M,M,M,M,M,M,M,50.00,LFPG 151100Z 22005KT 170V330 9999 FEW026 10/00 Q1017 NOSIG,M
LFPG,2026-03-15 11:30,50.00,32.00,49.79,200.00,5.00,0.00,30.03,M,6.21,M,FEW,M,M,M,3300.00,M,M,M,M,M,M,M,M,M,M,50.00,LFPG 151130Z 20005KT 140V240 9999 FEW033 10/M00 Q1017 NOSIG,M
LFPG,2026-03-15 12:00,50.00,32.00,49.79,M,4.00,0.00,30.03,M,6.21,M,FEW,M,M,M,3300.00,M,M,M,M,M,M,M,M,M,M,50.00,LFPG 151200Z VRB04KT 9999 FEW033 10/M00 Q1017 NOSIG,M
LFPG,2026-03-15 12:30,53.60,30.20,40.53,300.00,6.00,0.00,30.03,M,6.21,M,FEW,M,M,M,3300.00,M,M,M,M,M,M,M,M,M,M,53.60,LFPG 151230Z 30006KT 240V330 9999 FEW033 12/M01 Q1017 NOSIG,M
LFPG,2026-03-15 13:00,53.60,28.40,37.66,260.00,8.00,0.00,30.03,M,6.21,M,FEW,M,M,M,3300.00,M,M,M,M,M,M,M,M,M,M,53.60,LFPG 151300Z 26008KT 230V300 9999 FEW033 12/M02 Q1017 NOSIG,M
LFPG,2026-03-15 13:30,53.60,30.20,40.53,230.00,7.00,0.00,30.00,M,6.21,M,FEW,M,M,M,3300.00,M,M,M,M,M,M,M,M,M,M,53.60,LFPG 151330Z 23007KT 190V320 9999 FEW033 12/M01 Q1016 NOSIG,M
LFPG,2026-03-15 14:00,53.60,28.40,37.66,230.00,8.00,0.00,30.00,M,6.21,M,M,M,M,M,M,M,M,M,M,M,M,M,M,M,M,53.60,LFPG 151400Z 23008KT 190V260 CAVOK 12/M02 Q1016 NOSIG,M
LFPG,2026-03-15 14:30,55.40,28.40,35.27,260.00,8.00,0.00,30.00,M,6.21,M,FEW,M,M,M,2300.00,M,M,M,M,M,M,M,M,M,M,55.40,LFPG 151430Z 26008KT 220V290 9999 FEW023 13/M02 Q1016 NOSIG,M
LFPG,2026-03-15 15:00,55.40,28.40,35.27,210.00,9.00,0.00,30.00,M,6.21,M,FEW,M,M,M,2300.00,M,M,M,M,M,M,M,M,M,M,55.40,LFPG 151500Z 21009KT 9999 FEW023 13/M02 Q1016 NOSIG,M
LFPG,2026-03-15 15:30,55.40,30.20,37.96,240.00,8.00,0.00,30.00,M,6.21,M,FEW,M,M,M,2300.00,M,M,M,M,M,M,M,M,M,M,55.40,LFPG 151530Z 24008KT 210V300 9999 FEW023 13/M01 Q1016 NOSIG,M
LFPG,2026-03-15 16:00,55.40,32.00,40.83,240.00,11.00,0.00,30.00,M,6.21,M,FEW,M,M,M,2300.00,M,M,M,M,M,M,M,M,M,M,55.40,LFPG 151600Z 24011KT 210V270 9999 FEW023 13/M00 Q1016 NOSIG,M
LFPG,2026-03-15 16:30,55.40,30.20,37.96,230.00,11.00,0.00,30.00,M,6.21,M,M,M,M,M,M,M,M,M,M,M,M,M,M,M,M,55.40,LFPG 151630Z 23011KT CAVOK 13/M01 Q1016 NOSIG,M
LFPG,2026-03-15 17:00,53.60,32.00,43.60,210.00,13.00,0.00,30.00,M,6.21,M,M,M,M,M,M,M,M,M,M,M,M,M,M,M,M,53.60,LFPG 151700Z 21013KT CAVOK 12/00 Q1016 NOSIG,M
LFPG,2026-03-15 17:30,51.80,32.00,46.58,210.00,13.00,0.00,30.00,M,6.21,M,M,M,M,M,M,M,M,M,M,M,M,M,M,M,M,51.80,LFPG 151730Z 21013KT CAVOK 11/00 Q1016 NOSIG,M
LFPG,2026-03-15 18:00,51.80,33.80,50.07,210.00,13.00,0.00,30.00,M,6.21,M,M,M,M,M,M,M,M,M,M,M,M,M,M,M,M,51.80,LFPG 151800Z 21013KT CAVOK 11/01 Q1016 NOSIG,M
LFPG,2026-03-15 18:30,50.00,32.00,49.79,200.00,15.00,0.00,30.00,M,6.21,M,M,M,M,M,M,M,M,M,M,M,M,M,M,M,M,50.00,LFPG 151830Z 20015KT CAVOK 10/00 Q1016 NOSIG,M
LFPG,2026-03-15 19:00,50.00,33.80,53.52,210.00,12.00,0.00,30.00,M,6.21,M,M,M,M,M,M,M,M,M,M,M,M,M,M,M,M,50.00,LFPG 151900Z 21012KT CAVOK 10/01 Q1016 NOSIG,M
LFPG,2026-03-15 19:30,50.00,33.80,53.52,210.00,15.00,0.00,30.00,M,6.21,M,M,M,M,M,M,M,M,M,M,M,M,M,M,M,M,50.00,LFPG 151930Z 21015KT CAVOK 10/01 Q1016 NOSIG,M
LFPG,2026-03-15 20:00,50.00,33.80,53.52,220.00,12.00,0.00,30.00,M,6.21,M,M,M,M,M,M,M,M,M,M,M,M,M,M,M,M,50.00,LFPG 152000Z 22012KT CAVOK 10/01 Q1016 NOSIG,M
LFPG,2026-03-15 20:30,50.00,33.80,53.52,210.00,14.00,0.00,30.00,M,6.21,M,M,M,M,M,M,M,M,M,M,M,M,M,M,M,M,50.00,LFPG 152030Z 21014KT CAVOK 10/01 Q1016 NOSIG,M
LFPG,2026-03-15 21:00,50.00,33.80,53.52,220.00,12.00,0.00,30.00,M,6.21,28.00,SCT,BKN,M,M,4600.00,6300.00,M,M,M,M,M,M,M,M,M,50.00,LFPG 152100Z 22012G28KT 200V320 9999 SCT046 BKN063 10/01 Q1016 NOSIG,M
LFPG,2026-03-15 21:30,50.00,35.60,57.51,220.00,12.00,0.00,30.00,M,6.21,M,SCT,BKN,M,M,3600.00,5300.00,M,M,M,M,M,M,M,M,M,50.00,LFPG 152130Z 22012KT 9999 SCT036 BKN053 10/02 Q1016 NOSIG,M
LFPG,2026-03-15 22:00,50.00,37.40,61.75,220.00,19.00,0.00,30.00,M,6.21,M,SCT,BKN,M,M,2600.00,4000.00,M,M,M,M,M,M,M,M,M,50.00,LFPG 152200Z 22019KT 9999 SCT026 BKN040 10/03 Q1016 NOSIG,M
LFPG,2026-03-15 22:30,50.00,37.40,61.75,220.00,17.00,0.00,29.97,M,6.21,M,SCT,BKN,M,M,2600.00,4000.00,M,M,M,M,M,M,M,M,M,50.00,LFPG 152230Z 22017KT 9999 SCT026 BKN040 10/03 Q1015 NOSIG,M
LFPG,2026-03-15 23:00,50.00,37.40,61.75,240.00,15.00,0.00,29.97,M,6.21,M,SCT,BKN,M,M,2600.00,4000.00,M,M,M,M,M,M,M,M,M,50.00,LFPG 152300Z 24015KT 9999 SCT026 BKN040 10/03 Q1015 NOSIG,M
LFPG,2026-03-15 23:30,50.00,39.20,66.26,240.00,16.00,0.00,29.97,M,6.21,M,BKN,M,M,M,2500.00,M,M,M,M,M,M,M,M,M,M,50.00,LFPG 152330Z 24016KT 9999 BKN025 10/04 Q1015 NOSIG,M
LFPG,2026-03-16 00:00,48.20,41.00,76.01,240.00,16.00,0.00,30.00,M,6.21,M,SCT,BKN,M,M,2600.00,4600.00,M,M,M,M,M,M,M,M,M,41.53,LFPG 160000Z 24016KT 9999 SCT026 BKN046 09/05 Q1016 NOSIG,M
LFPG,2026-03-16 00:30,48.20,41.00,76.01,250.00,16.00,0.00,30.00,M,6.21,M,SCT,BKN,M,M,2500.00,4000.00,M,M,M,M,M,M,M,M,M,41.53,LFPG 160030Z 25016KT 9999 SCT025 BKN040 09/05 Q1016 NOSIG,M
LFPG,2026-03-16 01:00,48.20,41.00,76.01,250.00,14.00,0.00,30.00,M,6.21,M,SCT,BKN,M,M,2300.00,4600.00,M,M,M,M,M,M,M,M,M,42.04,LFPG 160100Z 25014KT 9999 SCT023 BKN046 09/05 Q1016 NOSIG,M
LFPG,2026-03-16 01:30,48.20,41.00,76.01,250.00,13.00,0.00,30.00,M,6.21,M,BKN,BKN,M,M,2200.00,5000.00,M,M,M,M,M,M,M,M,M,42.32,LFPG 160130Z 25013KT 9999 BKN022 BKN050 09/05 Q1016 NOSIG,M
LFPG,2026-03-16 02:00,46.40,41.00,81.33,260.00,11.00,0.00,30.00,M,6.21,M,SCT,M,M,M,2200.00,M,M,M,M,M,M,M,M,M,M,40.66,LFPG 160200Z 26011KT 9999 SCT022 08/05 Q1016 NOSIG,M
LFPG,2026-03-16 02:30,46.40,41.00,81.33,260.00,9.00,0.00,30.00,M,6.21,M,FEW,SCT,M,M,2200.00,24000.00,M,M,M,M,M,M,M,M,M,41.42,LFPG 160230Z 26009KT 9999 FEW022 SCT240 08/05 Q1016 NOSIG,M
LFPG,2026-03-16 03:00,46.40,41.00,81.33,250.00,8.00,0.00,30.00,M,6.21,M,M,M,M,M,M,M,M,M,M,M,M,M,M,M,M,41.85,LFPG 160300Z 25008KT CAVOK 08/05 Q1016 NOSIG,M
LFPG,2026-03-16 03:30,46.40,41.00,81.33,240.00,7.00,0.00,30.00,M,6.21,M,BKN,M,M,M,2500.00,M,M,M,M,M,M,M,M,M,M,42.33,LFPG 160330Z 24007KT 9999 BKN025 08/05 Q1016 NOSIG,M
LFPG,2026-03-16 04:00,46.40,41.00,81.33,240.00,9.00,0.00,30.00,M,6.21,M,BKN,M,M,M,2200.00,M,M,M,M,M,M,M,M,M,M,41.42,LFPG 160400Z 24009KT 9999 BKN022 08/05 Q1016 NOSIG,M
LFPG,2026-03-16 04:30,46.40,41.00,81.33,260.00,10.00,0.00,30.03,M,6.21,M,BKN,M,M,M,2400.00,M,M,M,M,M,M,M,M,M,M,41.03,LFPG 160430Z 26010KT 9999 BKN024 08/05 Q1017 NOSIG,M
LFPG,2026-03-16 05:00,46.40,41.00,81.33,250.00,11.00,0.00,30.03,M,6.21,M,M,M,M,M,M,M,M,M,M,M,M,M,M,M,M,40.66,LFPG 160500Z 25011KT CAVOK 08/05 Q1017 NOSIG,M
LFPG,2026-03-16 05:30,46.40,41.00,81.33,250.00,9.00,0.00,30.03,M,6.21,M,M,M,M,M,M,M,M,M,M,M,M,M,M,M,M,41.42,LFPG 160530Z 25009KT CAVOK 08/05 Q1017 NOSIG,M
LFPG,2026-03-16 06:00,44.60,41.00,87.08,240.00,9.00,0.00,30.06,M,6.21,M,M,M,M,M,M,M,M,M,M,M,M,M,M,M,M,39.18,LFPG 160600Z 24009KT CAVOK 07/05 Q1018 NOSIG,M
LFPG,2026-03-16 06:30,46.40,39.20,75.84,250.00,9.00,0.00,30.06,M,6.21,M,FEW,OVC,M,M,4000.00,13000.00,M,M,M,M,M,M,M,M,M,41.42,LFPG 160630Z 25009KT 9999 FEW040 OVC130 08/04 Q1018 NOSIG,M
LFPG,2026-03-16 07:00,46.40,39.20,75.84,250.00,11.00,0.00,30.06,M,6.21,M,SCT,OVC,M,M,4000.00,13000.00,M,M,M,M,M,M,M,M,M,40.66,LFPG 160700Z 25011KT 9999 SCT040 OVC130 08/04 Q1018 NOSIG,M
LFPG,2026-03-16 07:30,46.40,39.20,75.84,260.00,9.00,0.00,30.06,M,6.21,M,M,M,M,M,M,M,M,M,M,M,M,M,M,M,M,41.42,LFPG 160730Z 26009KT CAVOK 08/04 Q1018 NOSIG,M
LFPG,2026-03-16 08:00,46.40,39.20,75.84,260.00,11.00,0.00,30.09,M,6.21,M,M,M,M,M,M,M,M,M,M,M,M,M,M,M,M,40.66,LFPG 160800Z 26011KT CAVOK 08/04 Q1019 NOSIG,M
LFPG,2026-03-16 08:30,48.20,39.20,70.87,250.00,10.00,0.00,30.09,M,6.21,M,M,M,M,M,M,M,M,M,M,M,M,M,M,M,M,43.28,LFPG 160830Z 25010KT CAVOK 09/04 Q1019 NOSIG,M
LFPG,2026-03-16 09:00,48.20,41.00,76.01,260.00,12.00,0.00,30.09,M,6.21,M,FEW,BKN,M,M,2000.00,12000.00,M,M,M,M,M,M,M,M,M,42.62,LFPG 160900Z 26012KT 9999 FEW020 BKN120 09/05 Q1019 NOSIG,M
LFPG,2026-03-16 09:30,48.20,41.00,76.01,250.00,12.00,0.00,30.09,M,6.21,M,FEW,BKN,M,M,2100.00,12000.00,M,M,M,M,M,M,M,M,M,42.62,LFPG 160930Z 25012KT 9999 FEW021 BKN120 09/05 Q1019 NOSIG,M
LFPG,2026-03-16 10:00,50.00,41.00,71.06,250.00,12.00,0.00,30.12,M,6.21,M,FEW,BKN,M,M,2600.00,5500.00,M,M,M,M,M,M,M,M,M,50.00,LFPG 161000Z 25012KT 9999 FEW026 BKN055 10/05 Q1020 NOSIG,M
LFPG,2026-03-16 10:30,50.00,41.00,71.06,260.00,12.00,0.00,30.12,M,6.21,M,SCT,BKN,M,M,2700.00,5000.00,M,M,M,M,M,M,M,M,M,50.00,LFPG 161030Z 26012KT 9999 SCT027 BKN050 10/05 Q1020 NOSIG,M
LFPG,2026-03-16 11:00,50.00,41.00,71.06,270.00,11.00,0.00,30.12,M,6.21,M,FEW,BKN,M,M,2300.00,4000.00,M,M,M,M,M,M,M,M,M,50.00,LFPG 161100Z 27011KT 9999 FEW023 BKN040 10/05 Q1020 TEMPO SCT030TCU,M
LFPG,2026-03-16 11:30,50.00,41.00,71.06,260.00,9.00,0.00,30.12,M,6.21,M,FEW,BKN,M,M,2500.00,4100.00,M,M,M,M,M,M,M,M,M,50.00,LFPG 161130Z 26009KT 9999 FEW025 BKN041 10/05 Q1020 TEMPO SCT030TCU,M
LFPG,2026-03-16 12:00,51.80,41.00,66.48,320.00,7.00,0.00,30.12,M,6.21,M,SCT,BKN,M,M,2500.00,3700.00,M,M,M,M,M,M,M,M,M,51.80,LFPG 161200Z 32007KT 280V340 9999 SCT025 BKN037 11/05 Q1020 TEMPO SCT030TCU,M
LFPG,2026-03-16 12:30,51.80,41.00,66.48,310.00,5.00,0.00,30.12,M,6.21,M,SCT,BKN,M,M,2800.00,3300.00,M,M,M,M,M,M,M,M,M,51.80,LFPG 161230Z 31005KT 250V340 9999 SCT028 BKN033 11/05 Q1020 TEMPO SCT030TCU,M
LFPG,2026-03-16 13:00,51.80,41.00,66.48,M,2.00,0.00,30.12,M,6.21,M,BKN,BKN,M,M,3300.00,4500.00,M,M,M,M,M,M,M,M,M,51.80,LFPG 161300Z VRB02KT 9999 BKN033 BKN045 11/05 Q1020 TEMPO SCT030TCU,M
LFPG,2026-03-16 13:30,53.60,39.20,58.02,280.00,8.00,0.00,30.12,M,6.21,M,BKN,BKN,M,M,3500.00,4400.00,M,M,M,M,M,M,M,M,M,53.60,LFPG 161330Z 28008KT 9999 BKN035 BKN044 12/04 Q1020 TEMPO SCT030TCU,M
LFPG,2026-03-16 14:00,51.80,39.20,61.99,290.00,9.00,0.00,30.12,M,6.21,M,BKN,BKN,M,M,3600.00,4500.00,M,M,M,M,M,M,M,M,M,51.80,LFPG 161400Z 29009KT 9999 BKN036 BKN045 11/04 Q1020 TEMPO SCT030TCU,M
LFPG,2026-03-16 14:30,53.60,39.20,58.02,290.00,12.00,0.00,30.15,M,6.21,M,BKN,BKN,M,M,3900.00,5000.00,M,M,M,M,M,M,M,M,M,53.60,LFPG 161430Z 29012KT 9999 BKN039 BKN050 12/04 Q1021 TEMPO SCT030TCU,M
LFPG,2026-03-16 15:00,53.60,39.20,58.02,250.00,10.00,0.00,30.12,M,6.21,M,M,M,M,M,M,M,M,M,M,M,M,M,M,M,M,53.60,LFPG 161500Z 25010KT CAVOK 12/04 Q1020 TEMPO SCT030TCU,M
LFPG,2026-03-16 15:30,53.60,39.20,58.02,270.00,10.00,0.00,30.15,M,6.21,M,M,M,M,M,M,M,M,M,M,M,M,M,M,M,M,53.60,LFPG 161530Z 27010KT 230V290 CAVOK 12/04 Q1021 TEMPO SCT030TCU,M
LFPG,2026-03-16 16:00,53.60,39.20,58.02,260.00,8.00,0.00,30.12,M,6.21,M,M,M,M,M,M,M,M,M,M,M,M,M,M,M,M,53.60,LFPG 161600Z 26008KT 210V270 CAVOK 12/04 Q1020 TEMPO SCT030TCU,M
LFPG,2026-03-16 16:30,53.60,39.20,58.02,270.00,9.00,0.00,30.15,M,6.21,M,OVC,M,M,M,4100.00,M,M,M,M,M,M,M,M,M,M,53.60,LFPG 161630Z 27009KT 9999 OVC041 12/04 Q1021 TEMPO SCT030TCU,M
LFPG,2026-03-16 17:00,53.60,39.20,58.02,270.00,7.00,0.00,30.15,M,6.21,M,OVC,M,M,M,3500.00,M,M,M,M,M,M,M,M,M,M,53.60,LFPG 161700Z 27007KT 9999 OVC035 12/04 Q1021 NOSIG,M
LFPG,2026-03-16 17:30,51.80,39.20,61.99,270.00,11.00,0.00,30.15,M,6.21,M,OVC,M,M,M,3300.00,M,M,M,M,M,M,M,M,M,M,51.80,LFPG 161730Z 27011KT 9999 OVC033 11/04 Q1021 NOSIG,M
LFPG,2026-03-16 18:00,51.80,41.00,66.48,270.00,9.00,0.00,30.15,M,6.21,M,SCT,BKN,M,M,3100.00,4100.00,M,M,M,M,M,M,M,M,M,51.80,LFPG 161800Z 27009KT 9999 SCT031 BKN041 11/05 Q1021 NOSIG,M
LFPG,2026-03-16 18:30,51.80,41.00,66.48,250.00,5.00,0.00,30.15,M,6.21,M,SCT,BKN,M,M,3600.00,4800.00,M,M,M,M,M,M,M,M,M,51.80,LFPG 161830Z 25005KT 9999 SCT036 BKN048 11/05 Q1021 NOSIG,M
LFPG,2026-03-16 19:00,51.80,41.00,66.48,240.00,5.00,0.00,30.18,M,6.21,M,SCT,BKN,M,M,3700.00,4500.00,M,M,M,M,M,M,M,M,M,51.80,LFPG 161900Z 24005KT 220V290 9999 SCT037 BKN045 11/05 Q1022 NOSIG,M
LFPG,2026-03-16 19:30,51.80,41.00,66.48,220.00,5.00,0.00,30.18,M,6.21,M,SCT,BKN,M,M,3900.00,4600.00,M,M,M,M,M,M,M,M,M,51.80,LFPG 161930Z 22005KT 9999 SCT039 BKN046 11/05 Q1022 NOSIG,M
LFPG,2026-03-16 20:00,51.80,41.00,66.48,230.00,4.00,0.00,30.18,M,6.21,M,SCT,BKN,M,M,3000.00,4600.00,M,M,M,M,M,M,M,M,M,51.80,LFPG 162000Z 23004KT 9999 SCT030 BKN046 11/05 Q1022 NOSIG,M
LFPG,2026-03-16 20:30,51.80,41.00,66.48,210.00,3.00,0.00,30.18,M,6.21,M,FEW,BKN,M,M,3000.00,4400.00,M,M,M,M,M,M,M,M,M,51.80,LFPG 162030Z 21003KT 190V260 9999 FEW030 BKN044 11/05 Q1022 NOSIG,M
LFPG,2026-03-16 21:00,51.80,41.00,66.48,200.00,4.00,0.00,30.18,M,6.21,M,BKN,M,M,M,4600.00,M,M,M,M,M,M,M,M,M,M,51.80,LFPG 162100Z 20004KT 9999 BKN046 11/05 Q1022 NOSIG,M
LFPG,2026-03-16 21:30,51.80,41.00,66.48,210.00,4.00,0.00,30.18,M,6.21,M,BKN,M,M,M,4600.00,M,M,M,M,M,M,M,M,M,M,51.80,LFPG 162130Z 21004KT 190V260 9999 BKN046 11/05 Q1022 NOSIG,M
LFPG,2026-03-16 22:00,51.80,41.00,66.48,240.00,5.00,0.00,30.18,M,6.21,M,FEW,BKN,M,M,3300.00,4600.00,M,M,M,M,M,M,M,M,M,51.80,LFPG 162200Z 24005KT 9999 FEW033 BKN046 11/05 Q1022 NOSIG,M
LFPG,2026-03-16 22:30,50.00,41.00,71.06,220.00,5.00,0.00,30.18,M,6.21,M,FEW,BKN,M,M,3300.00,4600.00,M,M,M,M,M,M,M,M,M,50.00,LFPG 162230Z 22005KT 190V270 9999 FEW033 BKN046 10/05 Q1022 NOSIG,M
LFPG,2026-03-16 23:00,50.00,41.00,71.06,220.00,5.00,0.00,30.18,M,6.21,M,BKN,M,M,M,4300.00,M,M,M,M,M,M,M,M,M,M,50.00,LFPG 162300Z 22005KT 9999 BKN043 10/05 Q1022 NOSIG,M
LFPG,2026-03-16 23:30,51.80,41.00,66.48,210.00,6.00,0.00,30.18,M,6.21,M,BKN,M,M,M,4300.00,M,M,M,M,M,M,M,M,M,M,51.80,LFPG 162330Z 21006KT 9999 BKN043 11/05 Q1022 NOSIG,M
LFPG,2026-03-17 00:00,50.00,41.00,71.06,210.00,8.00,0.00,30.15,M,6.21,M,BKN,M,M,M,4300.00,M,M,M,M,M,M,M,M,M,M,50.00,LFPG 170000Z 21008KT 9999 BKN043 10/05 Q1021 NOSIG,M
LFPG,2026-03-17 00:30,50.00,41.00,71.06,210.00,6.00,0.00,30.15,M,6.21,M,BKN,M,M,M,4000.00,M,M,M,M,M,M,M,M,M,M,50.00,LFPG 170030Z 21006KT 9999 BKN040 10/05 Q1021 NOSIG,M
LFPG,2026-03-17 01:00,50.00,41.00,71.06,190.00,5.00,0.00,30.15,M,6.21,M,BKN,M,M,M,3600.00,M,M,M,M,M,M,M,M,M,M,50.00,LFPG 170100Z 19005KT 9999 BKN036 10/05 Q1021 NOSIG,M
LFPG,2026-03-17 01:08,50.00,41.00,71.06,180.00,5.00,0.00,30.15,M,6.21,M,BKN,M,M,M,3600.00,M,M,M,M,M,M,M,M,M,M,50.00,COR LFPG 170108Z 18005KT 9999 BKN036 10/05 Q1021 NOSIG,M
LFPG,2026-03-17 01:30,48.20,41.00,76.01,180.00,5.00,0.00,30.15,M,6.21,M,FEW,M,M,M,3600.00,M,M,M,M,M,M,M,M,M,M,45.63,LFPG 170130Z 18005KT 9999 FEW036 09/05 Q1021 NOSIG,M
LFPG,2026-03-17 02:00,46.40,41.00,81.33,180.00,7.00,0.00,30.15,M,6.21,M,M,M,M,M,M,M,M,M,M,M,M,M,M,M,M,42.33,LFPG 170200Z 18007KT CAVOK 08/05 Q1021 NOSIG,M
LFPG,2026-03-17 02:30,46.40,41.00,81.33,170.00,6.00,0.00,30.15,M,6.21,M,M,M,M,M,M,M,M,M,M,M,M,M,M,M,M,42.87,LFPG 170230Z 17006KT CAVOK 08/05 Q1021 NOSIG,M
LFPG,2026-03-17 03:00,44.60,41.00,87.08,180.00,6.00,0.00,30.12,M,6.21,M,M,M,M,M,M,M,M,M,M,M,M,M,M,M,M,40.71,LFPG 170300Z 18006KT CAVOK 07/05 Q1020 NOSIG,M
LFPG,2026-03-17 03:30,44.60,41.00,87.08,170.00,7.00,0.00,30.12,M,6.21,M,M,M,M,M,M,M,M,M,M,M,M,M,M,M,M,40.14,LFPG 170330Z 17007KT CAVOK 07/05 Q1020 NOSIG,M
LFPG,2026-03-17 04:00,44.60,39.20,81.20,170.00,6.00,0.00,30.12,M,6.21,M,M,M,M,M,M,M,M,M,M,M,M,M,M,M,M,40.71,LFPG 170400Z 17006KT CAVOK 07/04 Q1020 NOSIG,M
LFPG,2026-03-17 04:30,42.80,39.20,86.99,170.00,6.00,0.00,30.12,M,6.21,M,M,M,M,M,M,M,M,M,M,M,M,M,M,M,M,38.54,LFPG 170430Z 17006KT CAVOK 06/04 Q1020 NOSIG,M
LFPG,2026-03-17 05:00,42.80,39.20,86.99,170.00,5.00,0.00,30.12,M,6.21,M,M,M,M,M,M,M,M,M,M,M,M,M,M,M,M,39.22,LFPG 170500Z 17005KT CAVOK 06/04 Q1020 NOSIG,M
LFPG,2026-03-17 05:30,42.80,39.20,86.99,150.00,5.00,0.00,30.12,M,6.21,M,M,M,M,M,M,M,M,M,M,M,M,M,M,M,M,39.22,LFPG 170530Z 15005KT CAVOK 06/04 Q1020 NOSIG,M
LFPG,2026-03-17 06:00,42.80,39.20,86.99,140.00,3.00,0.00,30.12,M,6.21,M,M,M,M,M,M,M,M,M,M,M,M,M,M,M,M,41.03,LFPG 170600Z 14003KT CAVOK 06/04 Q1020 NOSIG,M
LFPG,2026-03-17 06:30,42.80,39.20,86.99,130.00,4.00,0.00,30.12,M,6.21,M,M,M,M,M,M,M,M,M,M,M,M,M,M,M,M,40.03,LFPG 170630Z 13004KT CAVOK 06/04 Q1020 NOSIG,M
LFPG,2026-03-17 07:00,44.60,41.00,87.08,150.00,4.00,0.00,30.12,M,6.21,M,M,M,M,M,M,M,M,M,M,M,M,M,M,M,M,42.13,LFPG 170700Z 15004KT CAVOK 07/05 Q1020 NOSIG,M
LFPG,2026-03-17 07:30,46.40,41.00,81.33,150.00,5.00,0.00,30.12,M,6.21,M,M,M,M,M,M,M,M,M,M,M,M,M,M,M,M,43.50,LFPG 170730Z 15005KT CAVOK 08/05 Q1020 NOSIG,M
LFPG,2026-03-17 08:00,48.20,41.00,76.01,160.00,4.00,0.00,30.15,M,6.21,M,M,M,M,M,M,M,M,M,M,M,M,M,M,M,M,46.34,LFPG 170800Z 16004KT 080V190 CAVOK 09/05 Q1021 NOSIG,M
LFPG,2026-03-17 08:30,50.00,42.80,76.17,150.00,5.00,0.00,30.15,M,6.21,M,M,M,M,M,M,M,M,M,M,M,M,M,M,M,M,50.00,LFPG 170830Z 15005KT 120V180 CAVOK 10/06 Q1021 NOSIG,M
LFPG,2026-03-17 09:00,51.80,42.80,71.26,150.00,7.00,0.00,30.15,M,6.21,M,M,M,M,M,M,M,M,M,M,M,M,M,M,M,M,51.80,LFPG 170900Z 15007KT CAVOK 11/06 Q1021 NOSIG,M
LFPG,2026-03-17 09:30,53.60,42.80,66.70,160.00,7.00,0.00,30.15,M,6.21,M,M,M,M,M,M,M,M,M,M,M,M,M,M,M,M,53.60,LFPG 170930Z 16007KT 120V190 CAVOK 12/06 Q1021 NOSIG,M
LFPG,2026-03-17 10:00,55.40,41.00,58.27,160.00,10.00,0.00,30.12,M,6.21,23.00,M,M,M,M,M,M,M,M,M,M,M,M,M,M,M,55.40,LFPG 171000Z 16010G23KT 110V190 CAVOK 13/05 Q1020 NOSIG,M
LFPG,2026-03-17 10:30,55.40,41.00,58.27,160.00,8.00,0.00,30.12,M,6.21,M,M,M,M,M,M,M,M,M,M,M,M,M,M,M,M,55.40,LFPG 171030Z 16008KT CAVOK 13/05 Q1020 NOSIG,M
LFPG,2026-03-17 11:00,57.20,41.00,54.60,170.00,8.00,0.00,30.12,M,6.21,M,M,M,M,M,M,M,M,M,M,M,M,M,M,M,M,57.20,LFPG 171100Z 17008KT 120V220 CAVOK 14/05 Q1020 NOSIG,M
LFPG,2026-03-17 11:30,59.00,41.00,51.18,170.00,10.00,0.00,30.12,M,6.21,M,M,M,M,M,M,M,M,M,M,M,M,M,M,M,M,59.00,LFPG 171130Z 17010KT 120V200 CAVOK 15/05 Q1020 NOSIG,M
LFPG,2026-03-17 12:00,59.00,39.20,47.72,170.00,10.00,0.00,30.09,M,6.21,M,M,M,M,M,M,M,M,M,M,M,M,M,M,M,M,59.00,LFPG 171200Z 17010KT 110V190 CAVOK 15/04 Q1019 NOSIG,M
LFPG,2026-03-17 12:30,59.00,41.00,51.18,170.00,9.00,0.00,30.09,M,6.21,M,M,M,M,M,M,M,M,M,M,M,M,M,M,M,M,59.00,LFPG 171230Z 17009KT 110V210 CAVOK 15/05 Q1019 NOSIG,M
LFPG,2026-03-17 13:00,60.80,42.80,51.46,140.00,10.00,0.00,30.09,M,6.21,21.00,M,M,M,M,M,M,M,M,M,M,M,M,M,M,M,60.80,LFPG 171300Z 14010G21KT 110V180 CAVOK 16/06 Q1019 NOSIG,M
LFPG,2026-03-17 13:30,60.80,42.80,51.46,150.00,10.00,0.00,30.06,M,6.21,M,M,M,M,M,M,M,M,M,M,M,M,M,M,M,M,60.80,LFPG 171330Z 15010KT 110V190 CAVOK 16/06 Q1018 NOSIG,M
LFPG,2026-03-17 14:00,60.80,41.00,48.01,140.00,11.00,0.00,30.06,M,6.21,M,M,M,M,M,M,M,M,M,M,M,M,M,M,M,M,60.80,LFPG 171400Z 14011KT CAVOK 16/05 Q1018 NOSIG,M
LFPG,2026-03-17 14:30,60.80,42.80,51.46,140.00,11.00,0.00,30.06,M,6.21,M,M,M,M,M,M,M,M,M,M,M,M,M,M,M,M,60.80,LFPG 171430Z 14011KT 110V170 CAVOK 16/06 Q1018 NOSIG,M
LFPG,2026-03-17 15:00,60.80,42.80,51.46,150.00,11.00,0.00,30.03,M,6.21,M,M,M,M,M,M,M,M,M,M,M,M,M,M,M,M,60.80,LFPG 171500Z 15011KT CAVOK 16/06 Q1017 NOSIG,M
LFPG,2026-03-17 15:30,62.60,42.80,48.29,140.00,10.00,0.00,30.03,M,6.21,M,M,M,M,M,M,M,M,M,M,M,M,M,M,M,M,62.60,LFPG 171530Z 14010KT CAVOK 17/06 Q1017 NOSIG,M
LFPG,2026-03-17 16:00,62.60,42.80,48.29,160.00,9.00,0.00,30.03,M,6.21,M,M,M,M,M,M,M,M,M,M,M,M,M,M,M,M,62.60,LFPG 171600Z 16009KT CAVOK 17/06 Q1017 NOSIG,M
LFPG,2026-03-17 16:30,60.80,42.80,51.46,140.00,11.00,0.00,30.03,M,6.21,M,M,M,M,M,M,M,M,M,M,M,M,M,M,M,M,60.80,LFPG 171630Z 14011KT CAVOK 16/06 Q1017 NOSIG,M
LFPG,2026-03-17 17:00,60.80,42.80,51.46,130.00,10.00,0.00,30.03,M,6.21,M,M,M,M,M,M,M,M,M,M,M,M,M,M,M,M,60.80,LFPG 171700Z 13010KT CAVOK 16/06 Q1017 NOSIG,M
LFPG,2026-03-17 17:30,60.80,42.80,51.46,130.00,10.00,0.00,30.03,M,6.21,M,M,M,M,M,M,M,M,M,M,M,M,M,M,M,M,60.80,LFPG 171730Z 13010KT CAVOK 16/06 Q1017 NOSIG,M
LFPG,2026-03-17 18:00,59.00,44.60,58.78,120.00,10.00,0.00,30.03,M,6.21,M,M,M,M,M,M,M,M,M,M,M,M,M,M,M,M,59.00,LFPG 171800Z 12010KT CAVOK 15/07 Q1017 NOSIG,M
LFPG,2026-03-17 18:30,57.20,44.60,62.70,120.00,10.00,0.00,30.03,M,6.21,M,M,M,M,M,M,M,M,M,M,M,M,M,M,M,M,57.20,LFPG 171830Z 12010KT CAVOK 14/07 Q1017 NOSIG,M
LFPG,2026-03-17 19:00,57.20,42.80,58.52,120.00,10.00,0.00,30.03,M,6.21,M,M,M,M,M,M,M,M,M,M,M,M,M,M,M,M,57.20,LFPG 171900Z 12010KT CAVOK 14/06 Q1017 NOSIG,M
LFPG,2026-03-17 20:00,55.40,44.60,66.91,110.00,10.00,0.00,30.03,M,6.21,M,M,M,M,M,M,M,M,M,M,M,M,M,M,M,M,55.40,LFPG 172000Z 11010KT CAVOK 13/07 Q1017 NOSIG,M
LFPG,2026-03-17 20:30,55.40,42.80,62.46,100.00,9.00,0.00,30.03,M,6.21,M,M,M,M,M,M,M,M,M,M,M,M,M,M,M,M,55.40,LFPG 172030Z 10009KT CAVOK 13/06 Q1017 NOSIG,M
LFPG,2026-03-17 21:00,53.60,42.80,66.70,110.00,8.00,0.00,30.03,M,6.21,M,M,M,M,M,M,M,M,M,M,M,M,M,M,M,M,53.60,LFPG 172100Z 11008KT CAVOK 12/06 Q1017 NOSIG,M
LFPG,2026-03-17 21:30,53.60,42.80,66.70,100.00,7.00,0.00,30.03,M,6.21,M,M,M,M,M,M,M,M,M,M,M,M,M,M,M,M,53.60,LFPG 172130Z 10007KT CAVOK 12/06 Q1017 NOSIG,M
LFPG,2026-03-17 22:00,53.60,42.80,66.70,100.00,7.00,0.00,30.03,M,6.21,M,M,M,M,M,M,M,M,M,M,M,M,M,M,M,M,53.60,LFPG 172200Z 10007KT CAVOK 12/06 Q1017 NOSIG,M
LFPG,2026-03-17 22:30,51.80,42.80,71.26,110.00,8.00,0.00,30.03,M,6.21,M,M,M,M,M,M,M,M,M,M,M,M,M,M,M,M,51.80,LFPG 172230Z 11008KT CAVOK 11/06 Q1017 NOSIG,M
LFPG,2026-03-17 23:00,51.80,42.80,71.26,110.00,10.00,0.00,30.03,M,6.21,M,M,M,M,M,M,M,M,M,M,M,M,M,M,M,M,51.80,LFPG 172300Z 11010KT CAVOK 11/06 Q1017 NOSIG,M
LFPG,2026-03-17 23:30,51.80,42.80,71.26,110.00,11.00,0.00,30.03,M,6.21,M,M,M,M,M,M,M,M,M,M,M,M,M,M,M,M,51.80,LFPG 172330Z 11011KT CAVOK 11/06 Q1017 NOSIG,M
LFPG,2026-03-18 00:00,50.00,42.80,76.17,110.00,10.00,0.00,30.03,M,6.21,M,M,M,M,M,M,M,M,M,M,M,M,M,M,M,M,50.00,LFPG 180000Z 11010KT CAVOK 10/06 Q1017 NOSIG,M
LFPG,2026-03-18 00:30,50.00,42.80,76.17,110.00,11.00,0.00,30.03,M,6.21,M,M,M,M,M,M,M,M,M,M,M,M,M,M,M,M,50.00,LFPG 180030Z 11011KT CAVOK 10/06 Q1017 NOSIG,M
LFPG,2026-03-18 01:00,50.00,42.80,76.17,110.00,10.00,0.00,30.03,M,6.21,M,M,M,M,M,M,M,M,M,M,M,M,M,M,M,M,50.00,LFPG 180100Z 11010KT CAVOK 10/06 Q1017 NOSIG,M
LFPG,2026-03-18 01:30,50.00,41.00,71.06,110.00,10.00,0.00,30.06,M,6.21,M,M,M,M,M,M,M,M,M,M,M,M,M,M,M,M,50.00,LFPG 180130Z 11010KT CAVOK 10/05 Q1018 NOSIG,M
LFPG,2026-03-18 02:00,48.20,41.00,76.01,100.00,9.00,0.00,30.03,M,6.21,M,M,M,M,M,M,M,M,M,M,M,M,M,M,M,M,43.66,LFPG 180200Z 10009KT CAVOK 09/05 Q1017 NOSIG,M
LFPG,2026-03-18 02:30,48.20,41.00,76.01,100.00,11.00,0.00,30.03,M,6.21,M,M,M,M,M,M,M,M,M,M,M,M,M,M,M,M,42.94,LFPG 180230Z 10011KT CAVOK 09/05 Q1017 NOSIG,M
LFPG,2026-03-18 03:00,48.20,41.00,76.01,100.00,9.00,0.00,30.03,M,6.21,M,M,M,M,M,M,M,M,M,M,M,M,M,M,M,M,43.66,LFPG 180300Z 10009KT CAVOK 09/05 Q1017 NOSIG,M
LFPG,2026-03-18 03:30,46.40,41.00,81.33,100.00,9.00,0.00,30.03,M,6.21,M,M,M,M,M,M,M,M,M,M,M,M,M,M,M,M,41.42,LFPG 180330Z 10009KT CAVOK 08/05 Q1017 NOSIG,M
LFPG,2026-03-18 04:00,48.20,41.00,76.01,110.00,11.00,0.00,30.06,M,6.21,M,M,M,M,M,M,M,M,M,M,M,M,M,M,M,M,42.94,LFPG 180400Z 11011KT CAVOK 09/05 Q1018 NOSIG,M
LFPG,2026-03-18 04:30,46.40,41.00,81.33,110.00,11.00,0.00,30.06,M,6.21,M,M,M,M,M,M,M,M,M,M,M,M,M,M,M,M,40.66,LFPG 180430Z 11011KT CAVOK 08/05 Q1018 NOSIG,M
LFPG,2026-03-18 05:30,46.40,39.20,75.84,100.00,10.00,0.00,30.06,M,6.21,M,M,M,M,M,M,M,M,M,M,M,M,M,M,M,M,41.03,LFPG 180530Z 10010KT CAVOK 08/04 Q1018 NOSIG,M
LFPG,2026-03-18 06:00,46.40,39.20,75.84,90.00,8.00,0.00,30.06,M,6.21,M,M,M,M,M,M,M,M,M,M,M,M,M,M,M,M,41.85,LFPG 180600Z 09008KT CAVOK 08/04 Q1018 NOSIG,M
LFPG,2026-03-18 06:30,46.40,39.20,75.84,90.00,10.00,0.00,30.09,M,6.21,M,M,M,M,M,M,M,M,M,M,M,M,M,M,M,M,41.03,LFPG 180630Z 09010KT CAVOK 08/04 Q1019 NOSIG,M
LFPG,2026-03-18 07:00,48.20,39.20,70.87,100.00,12.00,0.00,30.09,M,6.21,M,M,M,M,M,M,M,M,M,M,M,M,M,M,M,M,42.62,LFPG 180700Z 10012KT CAVOK 09/04 Q1019 NOSIG,M
LFPG,2026-03-18 07:30,48.20,39.20,70.87,90.00,11.00,0.00,30.09,M,6.21,M,M,M,M,M,M,M,M,M,M,M,M,M,M,M,M,42.94,LFPG 180730Z 09011KT CAVOK 09/04 Q1019 NOSIG,M
LFPG,2026-03-18 08:00,50.00,37.40,61.75,90.00,11.00,0.00,30.12,M,6.21,M,M,M,M,M,M,M,M,M,M,M,M,M,M,M,M,50.00,LFPG 180800Z 09011KT CAVOK 10/03 Q1020 NOSIG,M
LFPG,2026-03-18 08:30,51.80,35.60,53.80,90.00,14.00,0.00,30.12,M,6.21,M,M,M,M,M,M,M,M,M,M,M,M,M,M,M,M,51.80,LFPG 180830Z 09014KT CAVOK 11/02 Q1020 NOSIG,M
LFPG,2026-03-18 09:00,51.80,32.00,46.58,100.00,17.00,0.00,30.12,M,6.21,M,M,M,M,M,M,M,M,M,M,M,M,M,M,M,M,51.80,LFPG 180900Z 10017KT CAVOK 11/00 Q1020 NOSIG,M
LFPG,2026-03-18 09:30,53.60,32.00,43.60,100.00,17.00,0.00,30.12,M,6.21,M,M,M,M,M,M,M,M,M,M,M,M,M,M,M,M,53.60,LFPG 180930Z 10017KT CAVOK 12/M00 Q1020 NOSIG,M
LFPG,2026-03-18 10:00,53.60,28.40,37.66,100.00,17.00,0.00,30.12,M,6.21,M,M,M,M,M,M,M,M,M,M,M,M,M,M,M,M,53.60,LFPG 181000Z 10017KT CAVOK 12/M02 Q1020 NOSIG,M
LFPG,2026-03-18 10:30,53.60,30.20,40.53,100.00,15.00,0.00,30.12,M,6.21,M,M,M,M,M,M,M,M,M,M,M,M,M,M,M,M,53.60,LFPG 181030Z 10015KT CAVOK 12/M01 Q1020 NOSIG,M
LFPG,2026-03-18 11:00,55.40,28.40,35.27,100.00,15.00,0.00,30.12,M,6.21,M,M,M,M,M,M,M,M,M,M,M,M,M,M,M,M,55.40,LFPG 181100Z 10015KT CAVOK 13/M02 Q1020 NOSIG,M
LFPG,2026-03-18 11:30,57.20,26.60,30.68,90.00,14.00,0.00,30.12,M,6.21,M,M,M,M,M,M,M,M,M,M,M,M,M,M,M,M,57.20,LFPG 181130Z 09014KT CAVOK 14/M03 Q1020 NOSIG,M
LFPG,2026-03-18 12:00,57.20,30.20,35.56,80.00,16.00,0.00,30.12,M,6.21,M,M,M,M,M,M,M,M,M,M,M,M,M,M,M,M,57.20,LFPG 181200Z 08016KT CAVOK 14/M01 Q1020 NOSIG,M
LFPG,2026-03-18 12:30,57.20,26.60,30.68,80.00,17.00,0.00,30.09,M,6.21,M,M,M,M,M,M,M,M,M,M,M,M,M,M,M,M,57.20,LFPG 181230Z 08017KT 050V110 CAVOK 14/M03 Q1019 TEMPO 08015G25KT,M
LFPG,2026-03-18 13:00,59.00,26.60,28.76,80.00,17.00,0.00,30.09,M,6.21,M,M,M,M,M,M,M,M,M,M,M,M,M,M,M,M,59.00,LFPG 181300Z 08017KT CAVOK 15/M03 Q1019 TEMPO 08015G25KT,M
LFPG,2026-03-18 13:30,59.00,30.20,33.34,60.00,18.00,0.00,30.09,M,6.21,M,M,M,M,M,M,M,M,M,M,M,M,M,M,M,M,59.00,LFPG 181330Z 06018KT CAVOK 15/M01 Q1019 TEMPO 08015G25KT,M
LFPG,2026-03-18 14:00,59.00,28.40,30.98,70.00,17.00,0.00,30.06,M,6.21,M,M,M,M,M,M,M,M,M,M,M,M,M,M,M,M,59.00,LFPG 181400Z 07017KT CAVOK 15/M02 Q1018 TEMPO 08015G25KT,M
LFPG,2026-03-18 14:30,59.00,30.20,33.34,70.00,17.00,0.00,30.06,M,6.21,M,M,M,M,M,M,M,M,M,M,M,M,M,M,M,M,59.00,LFPG 181430Z 07017KT CAVOK 15/M01 Q1018 TEMPO 08015G25KT,M
LFPG,2026-03-18 15:00,59.00,32.00,35.86,70.00,20.00,0.00,30.06,M,6.21,M,M,M,M,M,M,M,M,M,M,M,M,M,M,M,M,59.00,LFPG 181500Z 07020KT CAVOK 15/M00 Q1018 TEMPO 08015G25KT,M
LFPG,2026-03-18 15:30,59.00,30.20,33.34,70.00,19.00,0.00,30.06,M,6.21,M,M,M,M,M,M,M,M,M,M,M,M,M,M,M,M,59.00,LFPG 181530Z 07019KT CAVOK 15/M01 Q1018 TEMPO 08015G25KT,M
LFPG,2026-03-18 16:00,59.00,32.00,35.86,70.00,18.00,0.00,30.06,M,6.21,M,M,M,M,M,M,M,M,M,M,M,M,M,M,M,M,59.00,LFPG 181600Z 07018KT CAVOK 15/00 Q1018 TEMPO 08015G25KT,M
LFPG,2026-03-18 16:30,59.00,32.00,35.86,70.00,18.00,0.00,30.06,M,6.21,M,M,M,M,M,M,M,M,M,M,M,M,M,M,M,M,59.00,LFPG 181630Z 07018KT CAVOK 15/00 Q1018 TEMPO 08015G25KT,M
LFPG,2026-03-18 17:00,57.20,33.80,41.12,70.00,16.00,0.00,30.06,M,6.21,M,M,M,M,M,M,M,M,M,M,M,M,M,M,M,M,57.20,LFPG 181700Z 07016KT CAVOK 14/01 Q1018 TEMPO 08015G25KT,M
LFPG,2026-03-18 17:30,57.20,33.80,41.12,70.00,13.00,0.00,30.06,M,6.21,M,M,M,M,M,M,M,M,M,M,M,M,M,M,M,M,57.20,LFPG 181730Z 07013KT CAVOK 14/01 Q1018 TEMPO 08015G25KT,M
LFPG,2026-03-18 18:00,55.40,35.60,47.15,60.00,13.00,0.00,30.09,M,6.21,M,M,M,M,M,M,M,M,M,M,M,M,M,M,M,M,55.40,LFPG 181800Z 06013KT CAVOK 13/02 Q1019 NOSIG,M
LFPG,2026-03-18 18:30,55.40,33.80,43.89,80.00,11.00,0.00,30.09,M,6.21,M,M,M,M,M,M,M,M,M,M,M,M,M,M,M,M,55.40,LFPG 181830Z 08011KT CAVOK 13/01 Q1019 NOSIG,M
LFPG,2026-03-18 19:00,53.60,33.80,46.87,70.00,15.00,0.00,30.09,M,6.21,M,M,M,M,M,M,M,M,M,M,M,M,M,M,M,M,53.60,LFPG 181900Z 07015KT CAVOK 12/01 Q1019 NOSIG,M
LFPG,2026-03-18 19:30,51.80,35.60,53.80,60.00,12.00,0.00,30.12,M,6.21,M,M,M,M,M,M,M,M,M,M,M,M,M,M,M,M,51.80,LFPG 181930Z 06012KT CAVOK 11/02 Q1020 NOSIG,M
LFPG,2026-03-18 20:00,50.00,35.60,57.51,60.00,10.00,0.00,30.12,M,6.21,M,M,M,M,M,M,M,M,M,M,M,M,M,M,M,M,50.00,LFPG 182000Z 06010KT CAVOK 10/02 Q1020 NOSIG,M
LFPG,2026-03-18 20:30,50.00,35.60,57.51,60.00,8.00,0.00,30.12,M,6.21,M,M,M,M,M,M,M,M,M,M,M,M,M,M,M,M,50.00,LFPG 182030Z 06008KT 010V070 CAVOK 10/02 Q1020 NOSIG,M
LFPG,2026-03-18 21:00,48.20,35.60,61.50,60.00,7.00,0.00,30.15,M,6.21,M,M,M,M,M,M,M,M,M,M,M,M,M,M,M,M,44.53,LFPG 182100Z 06007KT CAVOK 09/02 Q1021 NOSIG,M
LFPG,2026-03-18 21:30,48.20,35.60,61.50,50.00,8.00,0.00,30.15,M,6.21,M,M,M,M,M,M,M,M,M,M,M,M,M,M,M,M,44.07,LFPG 182130Z 05008KT CAVOK 09/02 Q1021 NOSIG,M
LFPG,2026-03-18 22:00,48.20,35.60,61.50,50.00,10.00,0.00,30.15,M,6.21,M,M,M,M,M,M,M,M,M,M,M,M,M,M,M,M,43.28,LFPG 182200Z 05010KT CAVOK 09/02 Q1021 NOSIG,M
LFPG,2026-03-18 22:30,46.40,35.60,65.82,60.00,11.00,0.00,30.15,M,6.21,M,M,M,M,M,M,M,M,M,M,M,M,M,M,M,M,40.66,LFPG 182230Z 06011KT CAVOK 08/02 Q1021 NOSIG,M
LFPG,2026-03-18 23:00,46.40,35.60,65.82,60.00,13.00,0.00,30.15,M,6.21,M,M,M,M,M,M,M,M,M,M,M,M,M,M,M,M,40.02,LFPG 182300Z 06013KT CAVOK 08/02 Q1021 NOSIG,M
LFPG,2026-03-18 23:30,46.40,35.60,65.82,60.00,13.00,0.00,30.15,M,6.21,M,M,M,M,M,M,M,M,M,M,M,M,M,M,M,M,40.02,LFPG 182330Z 06013KT CAVOK 08/02 Q1021 NOSIG,M
LFPG,2026-03-19 00:00,46.40,35.60,65.82,50.00,10.00,0.00,30.15,M,6.21,M,M,M,M,M,M,M,M,M,M,M,M,M,M,M,M,41.03,LFPG 190000Z 05010KT CAVOK 08/02 Q1021 NOSIG,M
LFPG,2026-03-19 00:30,44.60,35.60,70.47,50.00,11.00,0.00,30.15,M,6.21,M,M,M,M,M,M,M,M,M,M,M,M,M,M,M,M,38.39,LFPG 190030Z 05011KT CAVOK 07/02 Q1021 NOSIG,M
LFPG,2026-03-19 01:00,44.60,35.60,70.47,50.00,12.00,0.00,30.18,M,6.21,M,M,M,M,M,M,M,M,M,M,M,M,M,M,M,M,38.04,LFPG 190100Z 05012KT CAVOK 07/02 Q1022 NOSIG,M
LFPG,2026-03-19 01:30,44.60,35.60,70.47,60.00,12.00,0.00,30.18,M,6.21,M,M,M,M,M,M,M,M,M,M,M,M,M,M,M,M,38.04,LFPG 190130Z 06012KT CAVOK 07/02 Q1022 NOSIG,M
LFPG,2026-03-19 02:00,44.60,35.60,70.47,50.00,11.00,0.00,30.18,M,6.21,M,M,M,M,M,M,M,M,M,M,M,M,M,M,M,M,38.39,LFPG 190200Z 05011KT CAVOK 07/02 Q1022 NOSIG,M
LFPG,2026-03-19 02:30,42.80,35.60,75.49,50.00,11.00,0.00,30.18,M,6.21,M,M,M,M,M,M,M,M,M,M,M,M,M,M,M,M,36.11,LFPG 190230Z 05011KT CAVOK 06/02 Q1022 NOSIG,M
LFPG,2026-03-19 03:00,42.80,35.60,75.49,50.00,11.00,0.00,30.15,M,6.21,M,M,M,M,M,M,M,M,M,M,M,M,M,M,M,M,36.11,LFPG 190300Z 05011KT CAVOK 06/02 Q1021 NOSIG,M
LFPG,2026-03-19 04:00,42.80,35.60,75.49,50.00,10.00,0.00,30.15,M,6.21,M,M,M,M,M,M,M,M,M,M,M,M,M,M,M,M,36.51,LFPG 190400Z 05010KT CAVOK 06/02 Q1021 NOSIG,M
LFPG,2026-03-19 04:30,42.80,35.60,75.49,50.00,11.00,0.00,30.18,M,6.21,M,M,M,M,M,M,M,M,M,M,M,M,M,M,M,M,36.11,LFPG 190430Z 05011KT CAVOK 06/02 Q1022 NOSIG,M
LFPG,2026-03-19 05:00,42.80,35.60,75.49,50.00,10.00,0.00,30.18,M,6.21,M,M,M,M,M,M,M,M,M,M,M,M,M,M,M,M,36.51,LFPG 190500Z 05010KT CAVOK 06/02 Q1022 NOSIG,M
LFPG,2026-03-19 05:30,41.00,35.60,80.92,50.00,12.00,0.00,30.18,M,6.21,M,M,M,M,M,M,M,M,M,M,M,M,M,M,M,M,33.46,LFPG 190530Z 05012KT CAVOK 05/02 Q1022 NOSIG,M
LFPG,2026-03-19 06:00,41.00,35.60,80.92,50.00,12.00,0.00,30.18,M,6.21,M,M,M,M,M,M,M,M,M,M,M,M,M,M,M,M,33.46,LFPG 190600Z 05012KT CAVOK 05/02 Q1022 NOSIG,M
LFPG,2026-03-19 06:30,44.60,35.60,70.47,60.00,12.00,0.00,30.18,M,6.21,M,M,M,M,M,M,M,M,M,M,M,M,M,M,M,M,38.04,LFPG 190630Z 06012KT CAVOK 07/02 Q1022 NOSIG,M
LFPG,2026-03-19 07:00,44.60,35.60,70.47,80.00,10.00,0.00,30.18,M,6.21,M,M,M,M,M,M,M,M,M,M,M,M,M,M,M,M,38.77,LFPG 190700Z 08010KT CAVOK 07/02 Q1022 NOSIG,M
LFPG,2026-03-19 07:30,46.40,37.40,70.67,70.00,10.00,0.00,30.21,M,6.21,M,M,M,M,M,M,M,M,M,M,M,M,M,M,M,M,41.03,LFPG 190730Z 07010KT CAVOK 08/03 Q1023 NOSIG,M
LFPG,2026-03-19 08:00,48.20,37.40,66.04,60.00,11.00,0.00,30.21,M,6.21,M,M,M,M,M,M,M,M,M,M,M,M,M,M,M,M,42.94,LFPG 190800Z 06011KT CAVOK 09/03 Q1023 NOSIG,M
LFPG,2026-03-19 08:30,50.00,39.20,66.26,60.00,12.00,0.00,30.21,M,6.21,M,M,M,M,M,M,M,M,M,M,M,M,M,M,M,M,50.00,LFPG 190830Z 06012KT CAVOK 10/04 Q1023 NOSIG,M
LFPG,2026-03-19 09:00,51.80,37.40,57.76,60.00,13.00,0.00,30.24,M,6.21,M,M,M,M,M,M,M,M,M,M,M,M,M,M,M,M,51.80,LFPG 190900Z 06013KT CAVOK 11/03 Q1024 NOSIG,M
LFPG,2026-03-19 09:30,53.60,39.20,58.02,60.00,13.00,0.00,30.21,M,6.21,M,M,M,M,M,M,M,M,M,M,M,M,M,M,M,M,53.60,LFPG 190930Z 06013KT CAVOK 12/04 Q1023 NOSIG,M
LFPG,2026-03-19 10:00,53.60,39.20,58.02,60.00,12.00,0.00,30.21,M,6.21,M,M,M,M,M,M,M,M,M,M,M,M,M,M,M,M,53.60,LFPG 191000Z 06012KT CAVOK 12/04 Q1023 NOSIG,M
LFPG,2026-03-19 10:30,55.40,39.20,54.33,70.00,12.00,0.00,30.21,M,6.21,M,M,M,M,M,M,M,M,M,M,M,M,M,M,M,M,55.40,LFPG 191030Z 07012KT CAVOK 13/04 Q1023 NOSIG,M
LFPG,2026-03-19 11:00,55.40,39.20,54.33,70.00,11.00,0.00,30.21,M,6.21,M,M,M,M,M,M,M,M,M,M,M,M,M,M,M,M,55.40,LFPG 191100Z 07011KT CAVOK 13/04 Q1023 NOSIG,M
LFPG,2026-03-19 11:30,57.20,37.40,47.44,70.00,13.00,0.00,30.21,M,6.21,M,M,M,M,M,M,M,M,M,M,M,M,M,M,M,M,57.20,LFPG 191130Z 07013KT CAVOK 14/03 Q1023 NOSIG,M
LFPG,2026-03-19 12:00,57.20,37.40,47.44,80.00,14.00,0.00,30.21,M,6.21,M,M,M,M,M,M,M,M,M,M,M,M,M,M,M,M,57.20,LFPG 191200Z 08014KT CAVOK 14/03 Q1023 NOSIG,M
LFPG,2026-03-19 12:30,59.00,39.20,47.72,80.00,13.00,0.00,30.18,M,6.21,M,M,M,M,M,M,M,M,M,M,M,M,M,M,M,M,59.00,LFPG 191230Z 08013KT CAVOK 15/04 Q1022 NOSIG,M
LFPG,2026-03-19 13:00,59.00,35.60,41.42,70.00,14.00,0.00,30.18,M,6.21,M,M,M,M,M,M,M,M,M,M,M,M,M,M,M,M,59.00,LFPG 191300Z 07014KT CAVOK 15/02 Q1022 NOSIG,M
LFPG,2026-03-19 13:30,60.80,35.60,38.85,60.00,13.00,0.00,30.18,M,6.21,M,M,M,M,M,M,M,M,M,M,M,M,M,M,M,M,60.80,LFPG 191330Z 06013KT 040V100 CAVOK 16/02 Q1022 NOSIG,M
LFPG,2026-03-19 14:00,62.60,35.60,36.45,60.00,13.00,0.00,30.15,M,6.21,M,M,M,M,M,M,M,M,M,M,M,M,M,M,M,M,62.60,LFPG 191400Z 06013KT 030V090 CAVOK 17/02 Q1021 NOSIG,M
LFPG,2026-03-19 14:30,62.60,33.80,33.93,60.00,14.00,0.00,30.15,M,6.21,M,M,M,M,M,M,M,M,M,M,M,M,M,M,M,M,62.60,LFPG 191430Z 06014KT CAVOK 17/01 Q1021 NOSIG,M
LFPG,2026-03-19 15:00,62.60,35.60,36.45,60.00,13.00,0.00,30.15,M,6.21,M,M,M,M,M,M,M,M,M,M,M,M,M,M,M,M,62.60,LFPG 191500Z 06013KT 040V100 CAVOK 17/02 Q1021 NOSIG,M
LFPG,2026-03-19 15:30,62.60,35.60,36.45,50.00,13.00,0.00,30.15,M,6.21,M,M,M,M,M,M,M,M,M,M,M,M,M,M,M,M,62.60,LFPG 191530Z 05013KT CAVOK 17/02 Q1021 NOSIG,M
LFPG,2026-03-19 16:00,62.60,35.60,36.45,60.00,11.00,0.00,30.15,M,6.21,M,M,M,M,M,M,M,M,M,M,M,M,M,M,M,M,62.60,LFPG 191600Z 06011KT CAVOK 17/02 Q1021 NOSIG,M
LFPG,2026-03-19 16:30,62.60,33.80,33.93,70.00,11.00,0.00,30.12,M,6.21,M,M,M,M,M,M,M,M,M,M,M,M,M,M,M,M,62.60,LFPG 191630Z 07011KT CAVOK 17/01 Q1020 NOSIG,M
LFPG,2026-03-19 17:00,60.80,33.80,36.16,70.00,11.00,0.00,30.12,M,6.21,M,M,M,M,M,M,M,M,M,M,M,M,M,M,M,M,60.80,LFPG 191700Z 07011KT CAVOK 16/01 Q1020 NOSIG,M
LFPG,2026-03-19 17:30,57.20,35.60,44.18,60.00,10.00,0.00,30.15,M,6.21,M,M,M,M,M,M,M,M,M,M,M,M,M,M,M,M,57.20,LFPG 191730Z 06010KT CAVOK 14/02 Q1021 NOSIG,M
LFPG,2026-03-19 18:00,57.20,33.80,41.12,60.00,7.00,0.00,30.15,M,6.21,M,M,M,M,M,M,M,M,M,M,M,M,M,M,M,M,57.20,LFPG 191800Z 06007KT CAVOK 14/01 Q1021 NOSIG,M
LFPG,2026-03-19 18:30,55.40,33.80,43.89,50.00,7.00,0.00,30.15,M,6.21,M,M,M,M,M,M,M,M,M,M,M,M,M,M,M,M,55.40,LFPG 191830Z 05007KT CAVOK 13/01 Q1021 NOSIG,M
LFPG,2026-03-19 19:00,55.40,35.60,47.15,50.00,7.00,0.00,30.15,M,6.21,M,M,M,M,M,M,M,M,M,M,M,M,M,M,M,M,55.40,LFPG 191900Z 05007KT 020V080 CAVOK 13/02 Q1021 NOSIG,M
LFPG,2026-03-19 19:30,53.60,35.60,50.35,30.00,5.00,0.00,30.15,M,6.21,M,M,M,M,M,M,M,M,M,M,M,M,M,M,M,M,53.60,LFPG 191930Z 03005KT 350V090 CAVOK 12/02 Q1021 NOSIG,M
LFPG,2026-03-19 20:00,51.80,35.60,53.80,30.00,7.00,0.00,30.15,M,6.21,M,M,M,M,M,M,M,M,M,M,M,M,M,M,M,M,51.80,LFPG 192000Z 03007KT CAVOK 11/02 Q1021 NOSIG,M
LFPG,2026-03-19 20:30,51.80,35.60,53.80,30.00,7.00,0.00,30.15,M,6.21,M,M,M,M,M,M,M,M,M,M,M,M,M,M,M,M,51.80,LFPG 192030Z 03007KT CAVOK 11/02 Q1021 NOSIG,M
LFPG,2026-03-19 21:00,50.00,35.60,57.51,40.00,8.00,0.00,30.15,M,6.21,M,M,M,M,M,M,M,M,M,M,M,M,M,M,M,M,50.00,LFPG 192100Z 04008KT CAVOK 10/02 Q1021 NOSIG,M
LFPG,2026-03-19 21:30,48.20,35.60,61.50,40.00,10.00,0.00,30.15,M,6.21,M,M,M,M,M,M,M,M,M,M,M,M,M,M,M,M,43.28,LFPG 192130Z 04010KT CAVOK 09/02 Q1021 NOSIG,M
LFPG,2026-03-19 22:00,48.20,35.60,61.50,40.00,10.00,0.00,30.15,M,6.21,M,M,M,M,M,M,M,M,M,M,M,M,M,M,M,M,43.28,LFPG 192200Z 04010KT CAVOK 09/02 Q1021 NOSIG,M
LFPG,2026-03-19 22:30,46.40,35.60,65.82,50.00,9.00,0.00,30.15,M,6.21,M,M,M,M,M,M,M,M,M,M,M,M,M,M,M,M,41.42,LFPG 192230Z 05009KT 020V090 CAVOK 08/02 Q1021 NOSIG,M
LFPG,2026-03-19 23:00,46.40,35.60,65.82,50.00,10.00,0.00,30.15,M,6.21,M,M,M,M,M,M,M,M,M,M,M,M,M,M,M,M,41.03,LFPG 192300Z 05010KT 020V100 CAVOK 08/02 Q1021 NOSIG,M
LFPG,2026-03-19 23:30,46.40,35.60,65.82,50.00,9.00,0.00,30.15,M,6.21,M,M,M,M,M,M,M,M,M,M,M,M,M,M,M,M,41.42,LFPG 192330Z 05009KT 030V090 CAVOK 08/02 Q1021 NOSIG,M
LFPG,2026-03-20 00:00,46.40,35.60,65.82,60.00,8.00,0.00,30.12,M,6.21,M,M,M,M,M,M,M,M,M,M,M,M,M,M,M,M,41.85,LFPG 200000Z 06008KT CAVOK 08/02 Q1020 NOSIG,M
LFPG,2026-03-20 00:30,44.60,35.60,70.47,30.00,6.00,0.00,30.15,M,6.21,M,M,M,M,M,M,M,M,M,M,M,M,M,M,M,M,40.71,LFPG 200030Z 03006KT CAVOK 07/02 Q1021 NOSIG,M
LFPG,2026-03-20 01:00,44.60,35.60,70.47,20.00,6.00,0.00,30.15,M,6.21,M,M,M,M,M,M,M,M,M,M,M,M,M,M,M,M,40.71,LFPG 200100Z 02006KT CAVOK 07/02 Q1021 NOSIG,M
LFPG,2026-03-20 01:30,44.60,35.60,70.47,10.00,7.00,0.00,30.12,M,6.21,M,M,M,M,M,M,M,M,M,M,M,M,M,M,M,M,40.14,LFPG 200130Z 01007KT CAVOK 07/02 Q1020 NOSIG,M
LFPG,2026-03-20 02:00,42.80,35.60,75.49,10.00,9.00,0.00,30.12,M,6.21,M,M,M,M,M,M,M,M,M,M,M,M,M,M,M,M,36.94,LFPG 200200Z 01009KT CAVOK 06/02 Q1020 NOSIG,M
LFPG,2026-03-20 03:00,41.00,35.60,80.92,10.00,8.00,0.00,30.12,M,6.21,M,M,M,M,M,M,M,M,M,M,M,M,M,M,M,M,35.20,LFPG 200300Z 01008KT CAVOK 05/02 Q1020 NOSIG,M
LFPG,2026-03-20 03:30,41.00,35.60,80.92,10.00,10.00,0.00,30.12,M,6.21,M,M,M,M,M,M,M,M,M,M,M,M,M,M,M,M,34.25,LFPG 200330Z 01010KT CAVOK 05/02 Q1020 NOSIG,M
LFPG,2026-03-20 04:00,41.00,35.60,80.92,20.00,9.00,0.00,30.12,M,6.21,M,M,M,M,M,M,M,M,M,M,M,M,M,M,M,M,34.70,LFPG 200400Z 02009KT CAVOK 05/02 Q1020 NOSIG,M
LFPG,2026-03-20 04:30,41.00,35.60,80.92,10.00,9.00,0.00,30.12,M,6.21,M,M,M,M,M,M,M,M,M,M,M,M,M,M,M,M,34.70,LFPG 200430Z 01009KT 360V110 CAVOK 05/02 Q1020 NOSIG,M
LFPG,2026-03-20 05:00,41.00,35.60,80.92,10.00,8.00,0.00,30.12,M,6.21,M,M,M,M,M,M,M,M,M,M,M,M,M,M,M,M,35.20,LFPG 200500Z 01008KT CAVOK 05/02 Q1020 NOSIG,M
LFPG,2026-03-20 05:30,41.00,35.60,80.92,10.00,8.00,0.00,30.12,M,6.21,M,M,M,M,M,M,M,M,M,M,M,M,M,M,M,M,35.20,LFPG 200530Z 01008KT 360V130 CAVOK 05/02 Q1020 NOSIG,M
LFPG,2026-03-20 06:00,41.00,35.60,80.92,10.00,6.00,0.00,30.12,M,4.97,M,NSC,M,M,M,M,M,M,M,M,M,M,M,M,M,M,36.37,LFPG 200600Z 01006KT 360V070 8000 NSC 05/02 Q1020 NOSIG,M
LFPG,2026-03-20 06:30,41.00,35.60,80.92,10.00,9.00,0.00,30.12,M,4.97,20.00,NSC,M,M,M,M,M,M,M,M,M,M,M,M,M,M,34.70,LFPG 200630Z 01009G20KT 360V090 8000 NSC 05/02 Q1020 NOSIG,M
LFPG,2026-03-20 07:00,41.00,35.60,80.92,M,9.00,0.00,30.12,M,4.97,M,NSC,M,M,M,M,M,M,M,M,M,M,M,M,M,M,34.70,LFPG 200700Z VRB09KT 8000 NSC 05/02 Q1020 NOSIG,M
LFPG,2026-03-20 07:30,42.80,37.40,81.06,M,9.00,0.00,30.12,M,4.97,M,NSC,M,M,M,M,M,M,M,M,M,M,M,M,M,M,36.94,LFPG 200730Z VRB09KT 8000 NSC 06/03 Q1020 NOSIG,M
LFPG,2026-03-20 08:00,46.40,39.20,75.84,10.00,10.00,0.00,30.12,M,4.97,M,NSC,M,M,M,M,M,M,M,M,M,M,M,M,M,M,41.03,LFPG 200800Z 01010KT 340V110 8000 NSC 08/04 Q1020 NOSIG,M
LFPG,2026-03-20 08:30,50.00,37.40,61.75,30.00,7.00,0.00,30.12,M,4.97,M,NSC,M,M,M,M,M,M,M,M,M,M,M,M,M,M,50.00,LFPG 200830Z 03007KT 360V110 8000 NSC 10/03 Q1020 NOSIG,M
LFPG,2026-03-20 09:00,51.80,37.40,57.76,30.00,7.00,0.00,30.12,M,4.97,M,NSC,M,M,M,M,M,M,M,M,M,M,M,M,M,M,51.80,LFPG 200900Z 03007KT 360V060 8000 NSC 11/03 Q1020 NOSIG,M
LFPG,2026-03-20 09:30,53.60,39.20,58.02,30.00,6.00,0.00,30.12,M,4.97,M,NSC,M,M,M,M,M,M,M,M,M,M,M,M,M,M,53.60,LFPG 200930Z 03006KT 340V060 8000 NSC 12/04 Q1020 NOSIG,M
LFPG,2026-03-20 10:00,55.40,39.20,54.33,40.00,6.00,0.00,30.12,M,4.97,M,NSC,M,M,M,M,M,M,M,M,M,M,M,M,M,M,55.40,LFPG 201000Z 04006KT 010V090 8000 NSC 13/04 Q1020 NOSIG,M
LFPG,2026-03-20 10:30,57.20,39.20,50.91,40.00,4.00,0.00,30.12,M,4.97,M,NSC,M,M,M,M,M,M,M,M,M,M,M,M,M,M,57.20,LFPG 201030Z 04004KT 350V110 8000 NSC 14/04 Q1020 NOSIG,M
LFPG,2026-03-20 11:00,59.00,37.40,44.47,360.00,5.00,0.00,30.12,M,4.97,M,NSC,M,M,M,M,M,M,M,M,M,M,M,M,M,M,59.00,LFPG 201100Z 36005KT 320V070 8000 NSC 15/03 Q1020 NOSIG,M
LFPG,2026-03-20 11:30,59.00,37.40,44.47,50.00,4.00,0.00,30.09,M,6.21,M,M,M,M,M,M,M,M,M,M,M,M,M,M,M,M,59.00,LFPG 201130Z 05004KT 020V110 CAVOK 15/03 Q1019 NOSIG,M
LFPG,2026-03-20 12:00,59.00,37.40,44.47,60.00,7.00,0.00,30.09,M,6.21,M,M,M,M,M,M,M,M,M,M,M,M,M,M,M,M,59.00,LFPG 201200Z 06007KT 020V110 CAVOK 15/03 Q1019 NOSIG,M
LFPG,2026-03-20 12:30,60.80,35.60,38.85,80.00,6.00,0.00,30.09,M,6.21,M,M,M,M,M,M,M,M,M,M,M,M,M,M,M,M,60.80,LFPG 201230Z 08006KT 030V120 CAVOK 16/02 Q1019 NOSIG,M
LFPG,2026-03-20 13:00,60.80,37.40,41.71,70.00,7.00,0.00,30.06,M,6.21,M,M,M,M,M,M,M,M,M,M,M,M,M,M,M,M,60.80,LFPG 201300Z 07007KT 030V110 CAVOK 16/03 Q1018 NOSIG,M
LFPG,2026-03-20 13:30,60.80,35.60,38.85,60.00,8.00,0.00,30.06,M,6.21,M,M,M,M,M,M,M,M,M,M,M,M,M,M,M,M,60.80,LFPG 201330Z 06008KT 020V100 CAVOK 16/02 Q1018 NOSIG,M
LFPG,2026-03-20 14:00,60.80,35.60,38.85,50.00,8.00,0.00,30.06,M,6.21,M,M,M,M,M,M,M,M,M,M,M,M,M,M,M,M,60.80,LFPG 201400Z 05008KT 020V080 CAVOK 16/02 Q1018 NOSIG,M
LFPG,2026-03-20 14:30,62.60,33.80,33.93,80.00,8.00,0.00,30.03,M,6.21,M,M,M,M,M,M,M,M,M,M,M,M,M,M,M,M,62.60,LFPG 201430Z 08008KT 040V120 CAVOK 17/01 Q1017 NOSIG,M
LFPG,2026-03-20 15:00,62.60,33.80,33.93,70.00,9.00,0.00,30.03,M,6.21,M,M,M,M,M,M,M,M,M,M,M,M,M,M,M,M,62.60,LFPG 201500Z 07009KT CAVOK 17/01 Q1017 NOSIG,M
LFPG,2026-03-20 15:30,62.60,32.00,31.56,70.00,9.00,0.00,30.03,M,6.21,M,M,M,M,M,M,M,M,M,M,M,M,M,M,M,M,62.60,LFPG 201530Z 07009KT CAVOK 17/00 Q1017 NOSIG,M
LFPG,2026-03-20 16:00,62.60,33.80,33.93,70.00,8.00,0.00,30.03,M,6.21,M,M,M,M,M,M,M,M,M,M,M,M,M,M,M,M,62.60,LFPG 201600Z 07008KT CAVOK 17/01 Q1017 NOSIG,M
LFPG,2026-03-20 16:30,60.80,35.60,38.85,70.00,8.00,0.00,30.03,M,6.21,M,M,M,M,M,M,M,M,M,M,M,M,M,M,M,M,60.80,LFPG 201630Z 07008KT CAVOK 16/02 Q1017 NOSIG,M
LFPG,2026-03-20 17:00,60.80,33.80,36.16,70.00,8.00,0.00,30.03,M,6.21,M,M,M,M,M,M,M,M,M,M,M,M,M,M,M,M,60.80,LFPG 201700Z 07008KT CAVOK 16/01 Q1017 NOSIG,M
LFPG,2026-03-20 17:30,59.00,35.60,41.42,60.00,8.00,0.00,30.03,M,6.21,M,M,M,M,M,M,M,M,M,M,M,M,M,M,M,M,59.00,LFPG 201730Z 06008KT CAVOK 15/02 Q1017 NOSIG,M
LFPG,2026-03-20 18:00,57.20,35.60,44.18,60.00,7.00,0.00,30.03,M,6.21,M,M,M,M,M,M,M,M,M,M,M,M,M,M,M,M,57.20,LFPG 201800Z 06007KT CAVOK 14/02 Q1017 NOSIG,M
LFPG,2026-03-20 18:30,57.20,33.80,41.12,70.00,6.00,0.00,30.03,M,6.21,M,M,M,M,M,M,M,M,M,M,M,M,M,M,M,M,57.20,LFPG 201830Z 07006KT CAVOK 14/01 Q1017 NOSIG,M
LFPG,2026-03-20 19:00,57.20,33.80,41.12,60.00,6.00,0.00,30.03,M,6.21,M,M,M,M,M,M,M,M,M,M,M,M,M,M,M,M,57.20,LFPG 201900Z 06006KT CAVOK 14/01 Q1017 NOSIG,M
LFPG,2026-03-20 19:30,53.60,35.60,50.35,40.00,5.00,0.00,30.03,M,6.21,M,M,M,M,M,M,M,M,M,M,M,M,M,M,M,M,53.60,LFPG 201930Z 04005KT CAVOK 12/02 Q1017 NOSIG,M
LFPG,2026-03-20 20:00,51.80,37.40,57.76,30.00,5.00,0.00,30.03,M,6.21,M,M,M,M,M,M,M,M,M,M,M,M,M,M,M,M,51.80,LFPG 202000Z 03005KT 350V070 CAVOK 11/03 Q1017 NOSIG,M
LFPG,2026-03-20 20:30,51.80,39.20,61.99,20.00,6.00,0.00,30.03,M,6.21,M,M,M,M,M,M,M,M,M,M,M,M,M,M,M,M,51.80,LFPG 202030Z 02006KT CAVOK 11/04 Q1017 NOSIG,M
LFPG,2026-03-20 21:00,50.00,39.20,66.26,20.00,8.00,0.00,30.03,M,6.21,M,M,M,M,M,M,M,M,M,M,M,M,M,M,M,M,50.00,LFPG 202100Z 02008KT CAVOK 10/04 Q1017 NOSIG,M
LFPG,2026-03-20 21:30,50.00,39.20,66.26,20.00,9.00,0.00,30.03,M,6.21,M,M,M,M,M,M,M,M,M,M,M,M,M,M,M,M,50.00,LFPG 202130Z 02009KT 360V080 CAVOK 10/04 Q1017 NOSIG,M
LFPG,2026-03-20 22:00,50.00,39.20,66.26,20.00,8.00,0.00,30.03,M,5.59,M,NSC,M,M,M,M,M,M,M,M,M,M,M,M,M,M,50.00,LFPG 202200Z 02008KT 010V120 9000 NSC 10/04 Q1017 NOSIG,M
LFPG,2026-03-20 22:30,48.20,39.20,70.87,20.00,8.00,0.00,30.03,M,5.59,M,NSC,M,M,M,M,M,M,M,M,M,M,M,M,M,M,44.07,LFPG 202230Z 02008KT 9000 NSC 09/04 Q1017 NOSIG,M
LFPG,2026-03-20 23:00,48.20,39.20,70.87,20.00,8.00,0.00,30.00,M,4.97,M,NSC,M,M,M,M,M,M,M,M,M,M,M,M,M,M,44.07,LFPG 202300Z 02008KT 360V130 8000 NSC 09/04 Q1016 NOSIG,M
LFPG,2026-03-20 23:30,48.20,39.20,70.87,10.00,8.00,0.00,30.00,M,4.35,M,NSC,M,M,M,M,M,M,M,M,M,M,M,M,M,M,44.07,LFPG 202330Z 01008KT 360V110 7000 NSC 09/04 Q1016 NOSIG,M
LFPG,2026-03-21 00:00,48.20,39.20,70.87,10.00,7.00,0.00,30.00,M,4.35,M,NSC,M,M,M,M,M,M,M,M,M,M,M,M,M,M,44.53,LFPG 210000Z 01007KT 360V100 7000 NSC 09/04 Q1016 NOSIG,M
LFPG,2026-03-21 00:30,46.40,39.20,75.84,10.00,8.00,0.00,30.00,M,4.35,M,NSC,M,M,M,M,M,M,M,M,M,M,M,M,M,M,41.85,LFPG 210030Z 01008KT 360V110 7000 NSC 08/04 Q1016 TEMPO 4000 BR,M
LFPG,2026-03-21 01:00,44.60,39.20,81.20,10.00,9.00,0.00,30.00,M,4.35,M,NSC,M,M,M,M,M,M,M,M,M,M,M,M,M,M,39.18,LFPG 210100Z 01009KT 7000 NSC 07/04 Q1016 TEMPO 4000 BR,M
LFPG,2026-03-21 01:30,44.60,39.20,81.20,10.00,9.00,0.00,30.00,M,4.35,M,NSC,M,M,M,M,M,M,M,M,M,M,M,M,M,M,39.18,LFPG 210130Z 01009KT 7000 NSC 07/04 Q1016 TEMPO 4000 BR,M
LFPG,2026-03-21 02:00,44.60,39.20,81.20,10.00,7.00,0.00,30.00,M,3.73,M,NSC,M,M,M,M,M,M,M,M,M,M,M,M,M,M,40.14,LFPG 210200Z 01007KT 6000 NSC 07/04 Q1016 TEMPO 4000 BR,M
LFPG,2026-03-21 02:30,44.60,39.20,81.20,10.00,6.00,0.00,30.00,M,3.73,M,NSC,M,M,M,M,M,M,M,M,M,M,M,M,M,M,40.71,LFPG 210230Z 01006KT 6000 NSC 07/04 Q1016 TEMPO 4000 BR,M
LFPG,2026-03-21 03:00,42.80,39.20,86.99,20.00,7.00,0.00,30.00,M,3.73,M,NSC,M,M,M,M,M,M,M,M,M,M,M,M,M,M,37.94,LFPG 210300Z 02007KT 6000 NSC 06/04 Q1016 TEMPO 4000 BR,M
LFPG,2026-03-21 03:30,42.80,39.20,86.99,10.00,8.00,0.00,30.00,M,3.73,M,NSC,M,M,M,M,M,M,M,M,M,M,M,M,M,M,37.42,LFPG 210330Z 01008KT 6000 NSC 06/04 Q1016 TEMPO 4000 BR,M
LFPG,2026-03-21 04:00,42.80,37.40,81.06,20.00,9.00,0.00,30.00,M,3.73,M,NSC,M,M,M,M,M,M,M,M,M,M,M,M,M,M,36.94,LFPG 210400Z 02009KT 6000 NSC 06/03 Q1016 TEMPO 4000 BR,M
LFPG,2026-03-21 04:30,41.00,37.40,86.89,10.00,10.00,0.00,30.00,M,3.73,M,NSC,M,M,M,M,M,M,M,M,M,M,M,M,M,M,34.25,LFPG 210430Z 01010KT 350V090 6000 NSC 05/03 Q1016 TEMPO 4000 BR,M
LFPG,2026-03-21 05:00,41.00,37.40,86.89,10.00,8.00,0.00,30.00,M,3.73,M,NSC,M,M,M,M,M,M,M,M,M,M,M,M,M,M,35.20,LFPG 210500Z 01008KT 360V130 6000 NSC 05/03 Q1016 TEMPO 4000 BR,M
LFPG,2026-03-21 05:30,41.00,37.40,86.89,10.00,10.00,0.00,29.97,M,3.73,M,NSC,M,M,M,M,M,M,M,M,M,M,M,M,M,M,34.25,LFPG 210530Z 01010KT 6000 NSC 05/03 Q1015 TEMPO 4000 BR,M
LFPG,2026-03-21 06:00,41.00,37.40,86.89,10.00,8.00,0.00,29.97,M,2.49,M,NSC,M,M,M,M,M,M,M,BR,M,M,M,M,M,M,35.20,LFPG 210600Z 01008KT 4000 BR NSC 05/03 Q1015 BECMG CAVOK,M
LFPG,2026-03-21 06:30,41.00,39.20,93.24,20.00,8.00,0.00,29.97,M,2.49,19.00,NSC,M,M,M,M,M,M,M,BR,M,M,M,M,M,M,35.20,LFPG 210630Z 02008G19KT 360V120 4000 BR NSC 05/04 Q1015 BECMG CAVOK,M
LFPG,2026-03-21 07:00,41.00,39.20,93.24,20.00,8.00,0.00,30.00,M,2.49,M,NSC,M,M,M,M,M,M,M,BR,M,M,M,M,M,M,35.20,LFPG 210700Z 02008KT 330V100 4000 BR NSC 05/04 Q1016 BECMG CAVOK,M
LFPG,2026-03-21 07:30,42.80,41.00,93.29,M,10.00,0.00,30.00,M,2.49,M,NSC,M,M,M,M,M,M,M,BR,M,M,M,M,M,M,36.51,LFPG 210730Z VRB10KT 4000 BR NSC 06/05 Q1016 BECMG CAVOK,M
LFPG,2026-03-21 08:00,46.40,41.00,81.33,20.00,9.00,0.00,30.00,M,4.35,M,NSC,M,M,M,M,M,M,M,M,M,M,M,M,M,M,41.42,LFPG 210800Z 02009KT 360V150 7000 NSC 08/05 Q1016 BECMG CAVOK,M
LFPG,2026-03-21 08:30,46.40,39.20,75.84,20.00,7.00,0.00,30.00,M,4.97,M,NSC,M,M,M,M,M,M,M,M,M,M,M,M,M,M,42.33,LFPG 210830Z 02007KT 360V060 8000 NSC 08/04 Q1016 BECMG CAVOK,M
LFPG,2026-03-21 09:00,48.20,41.00,76.01,20.00,7.00,0.00,30.00,M,4.97,M,NSC,M,M,M,M,M,M,M,M,M,M,M,M,M,M,44.53,LFPG 210900Z 02007KT 360V060 8000 NSC 09/05 Q1016 BECMG CAVOK,M
LFPG,2026-03-21 09:30,50.00,41.00,71.06,10.00,6.00,0.00,30.00,M,5.59,M,NSC,M,M,M,M,M,M,M,M,M,M,M,M,M,M,50.00,LFPG 210930Z 01006KT 340V060 9000 NSC 10/05 Q1016 BECMG CAVOK,M
LFPG,2026-03-21 10:00,51.80,41.00,66.48,20.00,7.00,0.00,30.00,M,5.59,M,NSC,M,M,M,M,M,M,M,M,M,M,M,M,M,M,51.80,LFPG 211000Z 02007KT 330V060 9000 NSC 11/05 Q1016 BECMG CAVOK,M
LFPG,2026-03-21 10:30,53.60,41.00,62.22,30.00,6.00,0.00,30.00,M,6.21,M,M,M,M,M,M,M,M,M,M,M,M,M,M,M,M,53.60,COR LFPG 211030Z 03006KT 360V070 CAVOK 12/05 Q1016 NOSIG,M
LFPG,2026-03-21 11:00,55.40,42.80,62.46,60.00,7.00,0.00,30.00,M,6.21,M,M,M,M,M,M,M,M,M,M,M,M,M,M,M,M,55.40,LFPG 211100Z 06007KT 040V100 CAVOK 13/06 Q1016 NOSIG,M
LFPG,2026-03-21 11:30,57.20,41.00,54.60,40.00,6.00,0.00,29.97,M,6.21,M,M,M,M,M,M,M,M,M,M,M,M,M,M,M,M,57.20,LFPG 211130Z 04006KT CAVOK 14/05 Q1015 NOSIG,M
LFPG,2026-03-21 12:00,57.20,39.20,50.91,50.00,6.00,0.00,29.97,M,6.21,M,M,M,M,M,M,M,M,M,M,M,M,M,M,M,M,57.20,LFPG 211200Z 05006KT 010V090 CAVOK 14/04 Q1015 NOSIG,M
LFPG,2026-03-21 12:30,59.00,39.20,47.72,20.00,8.00,0.00,29.97,M,6.21,M,M,M,M,M,M,M,M,M,M,M,M,M,M,M,M,59.00,LFPG 211230Z 02008KT 340V080 CAVOK 15/04 Q1015 NOSIG,M
LFPG,2026-03-21 13:00,59.00,39.20,47.72,10.00,7.00,0.00,29.97,M,6.21,M,M,M,M,M,M,M,M,M,M,M,M,M,M,M,M,59.00,LFPG 211300Z 01007KT 330V060 CAVOK 15/04 Q1015 NOSIG,M
LFPG,2026-03-21 13:30,60.80,41.00,48.01,30.00,7.00,0.00,29.94,M,6.21,M,M,M,M,M,M,M,M,M,M,M,M,M,M,M,M,60.80,LFPG 211330Z 03007KT 350V060 CAVOK 16/05 Q1014 NOSIG,M
LFPG,2026-03-21 14:00,60.80,39.20,44.76,30.00,7.00,0.00,29.94,M,6.21,M,M,M,M,M,M,M,M,M,M,M,M,M,M,M,M,60.80,LFPG 211400Z 03007KT 330V070 CAVOK 16/04 Q1014 NOSIG,M
LFPG,2026-03-21 14:30,60.80,37.40,41.71,30.00,7.00,0.00,29.94,M,6.21,M,M,M,M,M,M,M,M,M,M,M,M,M,M,M,M,60.80,LFPG 211430Z 03007KT 350V060 CAVOK 16/03 Q1014 NOSIG,M
LFPG,2026-03-21 15:09,60.80,39.20,44.76,20.00,10.00,0.00,29.94,M,6.21,M,M,M,M,M,M,M,M,M,M,M,M,M,M,M,M,60.80,LFPG 211509Z 02010KT 340V070 CAVOK 16/04 Q1014 NOSIG,M
LFPG,2026-03-21 15:30,60.80,39.20,44.76,20.00,7.00,0.00,29.91,M,6.21,M,M,M,M,M,M,M,M,M,M,M,M,M,M,M,M,60.80,LFPG 211530Z 02007KT 330V060 CAVOK 16/04 Q1013 NOSIG,M
LFPG,2026-03-21 16:00,60.80,41.00,48.01,360.00,11.00,0.00,29.91,M,6.21,M,M,M,M,M,M,M,M,M,M,M,M,M,M,M,M,60.80,LFPG 211600Z 36011KT CAVOK 16/05 Q1013 NOSIG,M
LFPG,2026-03-21 16:30,60.80,41.00,48.01,10.00,11.00,0.00,29.91,M,6.21,M,M,M,M,M,M,M,M,M,M,M,M,M,M,M,M,60.80,LFPG 211630Z 01011KT CAVOK 16/05 Q1013 NOSIG,M
LFPG,2026-03-21 17:00,59.00,41.00,51.18,M,9.00,0.00,29.91,M,6.21,20.00,M,M,M,M,M,M,M,M,M,M,M,M,M,M,M,59.00,LFPG 211700Z VRB09G20KT CAVOK 15/05 Q1013 NOSIG,M
LFPG,2026-03-21 17:30,57.20,41.00,54.60,10.00,8.00,0.00,29.91,M,6.21,M,M,M,M,M,M,M,M,M,M,M,M,M,M,M,M,57.20,LFPG 211730Z 01008KT 300V030 CAVOK 14/05 Q1013 NOSIG,M
LFPG,2026-03-21 18:00,55.40,41.00,58.27,360.00,9.00,0.00,29.94,M,6.21,23.00,M,M,M,M,M,M,M,M,M,M,M,M,M,M,M,55.40,LFPG 211800Z 36009G23KT 340V120 CAVOK 13/05 Q1014 NOSIG,M
LFPG,2026-03-21 18:30,53.60,41.00,62.22,360.00,8.00,0.00,29.94,M,6.21,M,M,M,M,M,M,M,M,M,M,M,M,M,M,M,M,53.60,LFPG 211830Z 36008KT 330V090 CAVOK 12/05 Q1014 NOSIG,M
LFPG,2026-03-21 19:00,51.80,39.20,61.99,360.00,7.00,0.00,29.94,M,6.21,M,M,M,M,M,M,M,M,M,M,M,M,M,M,M,M,51.80,LFPG 211900Z 36007KT 310V110 CAVOK 11/04 Q1014 NOSIG,M
LFPG,2026-03-21 19:30,50.00,39.20,66.26,10.00,6.00,0.00,29.94,M,6.21,M,M,M,M,M,M,M,M,M,M,M,M,M,M,M,M,50.00,LFPG 211930Z 01006KT 330V110 CAVOK 10/04 Q1014 NOSIG,M
LFPG,2026-03-21 20:00,50.00,39.20,66.26,10.00,9.00,0.00,29.94,M,6.21,M,M,M,M,M,M,M,M,M,M,M,M,M,M,M,M,50.00,LFPG 212000Z 01009KT CAVOK 10/04 Q1014 NOSIG,M
LFPG,2026-03-21 20:30,50.00,39.20,66.26,M,6.00,0.00,29.94,M,6.21,M,M,M,M,M,M,M,M,M,M,M,M,M,M,M,M,50.00,LFPG 212030Z VRB06KT CAVOK 10/04 Q1014 NOSIG,M
LFPG,2026-03-21 21:00,48.20,39.20,70.87,10.00,4.00,0.00,29.94,M,6.21,M,M,M,M,M,M,M,M,M,M,M,M,M,M,M,M,46.34,LFPG 212100Z 01004KT 330V110 CAVOK 09/04 Q1014 NOSIG,M
LFPG,2026-03-21 21:30,48.20,39.20,70.87,M,5.00,0.00,29.94,M,5.59,M,NSC,M,M,M,M,M,M,M,M,M,M,M,M,M,M,45.63,LFPG 212130Z VRB05KT 9000 NSC 09/04 Q1014 NOSIG,M
LFPG,2026-03-21 22:00,46.40,39.20,75.84,10.00,8.00,0.00,29.91,M,4.97,M,NSC,M,M,M,M,M,M,M,M,M,M,M,M,M,M,41.85,LFPG 212200Z 01008KT 8000 NSC 08/04 Q1013 NOSIG,M
LFPG,2026-03-21 22:30,46.40,39.20,75.84,10.00,8.00,0.00,29.91,M,4.97,M,NSC,M,M,M,M,M,M,M,M,M,M,M,M,M,M,41.85,LFPG 212230Z 01008KT 010V110 8000 NSC 08/04 Q1013 NOSIG,M
LFPG,2026-03-21 23:00,44.60,39.20,81.20,10.00,8.00,0.00,29.91,M,4.97,M,NSC,M,M,M,M,M,M,M,M,M,M,M,M,M,M,39.63,LFPG 212300Z 01008KT 8000 NSC 07/04 Q1013 NOSIG,M
LFPG,2026-03-21 23:30,44.60,39.20,81.20,10.00,9.00,0.00,29.91,M,4.97,M,NSC,M,M,M,M,M,M,M,M,M,M,M,M,M,M,39.18,LFPG 212330Z 01009KT 8000 NSC 07/04 Q1013 NOSIG,M
LFPG,2026-03-22 00:00,44.60,39.20,81.20,10.00,10.00,0.00,29.91,M,4.35,M,NSC,M,M,M,M,M,M,M,M,M,M,M,M,M,M,38.77,LFPG 220000Z 01010KT 7000 NSC 07/04 Q1013 NOSIG,M
LFPG,2026-03-22 00:30,42.80,39.20,86.99,10.00,8.00,0.00,29.91,M,4.35,M,NSC,M,M,M,M,M,M,M,M,M,M,M,M,M,M,37.42,LFPG 220030Z 01008KT 7000 NSC 06/04 Q1013 NOSIG,M
LFPG,2026-03-22 01:00,42.80,39.20,86.99,10.00,10.00,0.00,29.91,M,4.35,M,NSC,M,M,M,M,M,M,M,M,M,M,M,M,M,M,36.51,LFPG 220100Z 01010KT 7000 NSC 06/04 Q1013 NOSIG,M
LFPG,2026-03-22 01:30,42.80,39.20,86.99,10.00,9.00,0.00,29.88,M,3.73,M,NSC,M,M,M,M,M,M,M,M,M,M,M,M,M,M,36.94,LFPG 220130Z 01009KT 6000 NSC 06/04 Q1012 NOSIG,M
LFPG,2026-03-22 02:00,42.80,39.20,86.99,10.00,9.00,0.00,29.88,M,3.73,M,NSC,M,M,M,M,M,M,M,M,M,M,M,M,M,M,36.94,LFPG 220200Z 01009KT 6000 NSC 06/04 Q1012 NOSIG,M
LFPG,2026-03-22 02:30,41.00,39.20,93.24,10.00,10.00,0.00,29.88,M,3.73,M,NSC,M,M,M,M,M,M,M,M,M,M,M,M,M,M,34.25,LFPG 220230Z 01010KT 6000 NSC 05/04 Q1012 NOSIG,M
LFPG,2026-03-22 03:00,41.00,37.40,86.89,20.00,10.00,0.00,29.88,M,3.73,M,NSC,M,M,M,M,M,M,M,M,M,M,M,M,M,M,34.25,LFPG 220300Z 02010KT 6000 NSC 05/03 Q1012 NOSIG,M
LFPG,2026-03-22 03:30,42.80,39.20,86.99,20.00,10.00,0.00,29.88,M,3.73,M,NSC,M,M,M,M,M,M,M,M,M,M,M,M,M,M,36.51,LFPG 220330Z 02010KT 6000 NSC 06/04 Q1012 NOSIG,M
LFPG,2026-03-22 04:00,41.00,37.40,86.89,10.00,9.00,0.00,29.88,M,3.73,M,NSC,M,M,M,M,M,M,M,M,M,M,M,M,M,M,34.70,LFPG 220400Z 01009KT 6000 NSC 05/03 Q1012 NOSIG,M
LFPG,2026-03-22 04:30,39.20,37.40,93.19,30.00,9.00,0.00,29.88,M,3.73,M,NSC,M,M,M,M,M,M,M,M,M,M,M,M,M,M,32.47,LFPG 220430Z 03009KT 010V140 6000 NSC 04/03 Q1012 NOSIG,M
LFPG,2026-03-22 05:00,39.20,37.40,93.19,20.00,9.00,0.00,29.88,M,3.11,M,NSC,M,M,M,M,M,M,M,BR,M,M,M,M,M,M,32.47,LFPG 220500Z 02009KT 5000 BR NSC 04/03 Q1012 NOSIG,M
LFPG,2026-03-22 05:30,39.20,37.40,93.19,20.00,10.00,0.00,29.88,M,3.11,21.00,NSC,M,M,M,M,M,M,M,BR,M,M,M,M,M,M,32.00,LFPG 220530Z 02010G21KT 320V120 5000 BR NSC 04/03 Q1012 NOSIG,M
LFPG,2026-03-22 06:00,39.20,37.40,93.19,20.00,8.00,0.00,29.91,M,2.49,M,NSC,M,M,M,M,M,M,M,BR,M,M,M,M,M,M,32.98,LFPG 220600Z 02008KT 010V090 4000 BR NSC 04/03 Q1013 NOSIG,M
LFPG,2026-03-22 06:30,39.20,37.40,93.19,10.00,8.00,0.00,29.91,M,2.49,M,NSC,M,M,M,M,M,M,M,BR,M,M,M,M,M,M,32.98,LFPG 220630Z 01008KT 350V130 4000 BR NSC 04/03 Q1013 BECMG 8000 NSW,M
LFPG,2026-03-22 07:00,41.00,37.40,86.89,20.00,7.00,0.00,29.91,M,3.11,M,NSC,M,M,M,M,M,M,M,BR,M,M,M,M,M,M,35.75,LFPG 220700Z 02007KT 290V100 5000 BR NSC 05/03 Q1013 BECMG 8000 NSW,M
LFPG,2026-03-22 07:30,42.80,39.20,86.99,20.00,7.00,0.00,29.91,M,3.73,M,NSC,M,M,M,M,M,M,M,M,M,M,M,M,M,M,37.94,LFPG 220730Z 02007KT 350V110 6000 NSC 06/04 Q1013 NOSIG,M
LFPG,2026-03-22 08:00,44.60,39.20,81.20,20.00,8.00,0.00,29.94,M,3.73,M,NSC,M,M,M,M,M,M,M,M,M,M,M,M,M,M,39.63,LFPG 220800Z 02008KT 350V150 6000 NSC 07/04 Q1014 NOSIG,M
LFPG,2026-03-22 08:30,46.40,39.20,75.84,20.00,8.00,0.00,29.94,M,4.35,M,NSC,M,M,M,M,M,M,M,M,M,M,M,M,M,M,41.85,LFPG 220830Z 02008KT 360V060 7000 NSC 08/04 Q1014 NOSIG,M
LFPG,2026-03-22 09:00,48.20,41.00,76.01,40.00,10.00,0.00,29.94,M,4.97,M,NSC,M,M,M,M,M,M,M,M,M,M,M,M,M,M,43.28,LFPG 220900Z 04010KT 8000 NSC 09/05 Q1014 NOSIG,M
LFPG,2026-03-22 09:30,50.00,41.00,71.06,30.00,7.00,0.00,29.94,M,4.97,M,NSC,M,M,M,M,M,M,M,M,M,M,M,M,M,M,50.00,LFPG 220930Z 03007KT 350V070 8000 NSC 10/05 Q1014 NOSIG,M
LFPG,2026-03-22 10:00,51.80,41.00,66.48,60.00,8.00,0.00,29.94,M,4.97,M,NSC,M,M,M,M,M,M,M,M,M,M,M,M,M,M,51.80,LFPG 221000Z 06008KT 030V090 8000 NSC 11/05 Q1014 NOSIG,M
LFPG,2026-03-22 10:30,53.60,41.00,62.22,50.00,10.00,0.00,29.91,M,6.21,M,M,M,M,M,M,M,M,M,M,M,M,M,M,M,M,53.60,LFPG 221030Z 05010KT 030V090 CAVOK 12/05 Q1013 NOSIG,M
LFPG,2026-03-22 11:00,53.60,41.00,62.22,20.00,9.00,0.00,29.91,M,6.21,M,FEW,M,M,M,3000.00,M,M,M,M,M,M,M,M,M,M,53.60,LFPG 221100Z 02009KT 350V070 9999 FEW030 12/05 Q1013 NOSIG,M
LFPG,2026-03-22 11:30,55.40,39.20,54.33,20.00,12.00,0.00,29.91,M,6.21,M,FEW,M,M,M,3100.00,M,M,M,M,M,M,M,M,M,M,55.40,LFPG 221130Z 02012KT 340V050 9999 FEW031 13/04 Q1013 NOSIG,M
LFPG,2026-03-22 12:00,57.20,39.20,50.91,40.00,12.00,0.00,29.91,M,6.21,M,FEW,M,M,M,3100.00,M,M,M,M,M,M,M,M,M,M,57.20,LFPG 221200Z 04012KT 010V070 9999 FEW031 14/04 Q1013 NOSIG,M
LFPG,2026-03-22 12:30,57.20,39.20,50.91,40.00,10.00,0.00,29.91,M,6.21,M,FEW,M,M,M,3800.00,M,M,M,M,M,M,M,M,M,M,57.20,LFPG 221230Z 04010KT 360V090 9999 FEW038 14/04 Q1013 NOSIG,M
LFPG,2026-03-22 13:00,57.20,39.20,50.91,50.00,11.00,0.00,29.91,M,6.21,M,FEW,M,M,M,4000.00,M,M,M,M,M,M,M,M,M,M,57.20,LFPG 221300Z 05011KT 010V090 9999 FEW040 14/04 Q1013 NOSIG,M
LFPG,2026-03-22 13:30,57.20,39.20,50.91,40.00,9.00,0.00,29.91,M,6.21,M,FEW,M,M,M,4400.00,M,M,M,M,M,M,M,M,M,M,57.20,LFPG 221330Z 04009KT 010V070 9999 FEW044 14/04 Q1013 NOSIG,M
LFPG,2026-03-22 14:00,59.00,41.00,51.18,30.00,10.00,0.00,29.88,M,6.21,M,SCT,M,M,M,4100.00,M,M,M,M,M,M,M,M,M,M,59.00,LFPG 221400Z 03010KT 360V070 9999 SCT041 15/05 Q1012 NOSIG,M
LFPG,2026-03-22 14:30,57.20,39.20,50.91,20.00,10.00,0.00,29.88,M,6.21,M,FEW,M,M,M,4400.00,M,M,M,M,M,M,M,M,M,M,57.20,LFPG 221430Z 02010KT 9999 FEW044 14/04 Q1012 NOSIG,M
LFPG,2026-03-22 15:00,57.20,39.20,50.91,50.00,8.00,0.00,29.88,M,6.21,M,FEW,M,M,M,4500.00,M,M,M,M,M,M,M,M,M,M,57.20,LFPG 221500Z 05008KT 360V090 9999 FEW045 14/04 Q1012 NOSIG,M
LFPG,2026-03-22 15:30,59.00,41.00,51.18,20.00,7.00,0.00,29.91,M,6.21,M,FEW,M,M,M,4500.00,M,M,M,M,M,M,M,M,M,M,59.00,LFPG 221530Z 02007KT 350V070 9999 FEW045 15/05 Q1013 NOSIG,M
LFPG,2026-03-22 16:00,57.20,39.20,50.91,10.00,8.00,0.00,29.91,M,6.21,M,SCT,M,M,M,4400.00,M,M,M,M,M,M,M,M,M,M,57.20,LFPG 221600Z 01008KT 330V120 9999 SCT044 14/04 Q1013 NOSIG,M
LFPG,2026-03-22 16:30,57.20,41.00,54.60,10.00,8.00,0.00,29.91,M,6.21,M,SCT,BKN,M,M,4100.00,5100.00,M,M,M,M,M,M,M,M,M,57.20,LFPG 221630Z 01008KT 360V100 9999 SCT041 BKN051 14/05 Q1013 NOSIG,M
LFPG,2026-03-22 17:00,57.20,41.00,54.60,20.00,9.00,0.00,29.91,M,6.21,M,FEW,SCT,M,M,4200.00,5000.00,M,M,M,M,M,M,M,M,M,57.20,LFPG 221700Z 02009KT 340V070 9999 FEW042 SCT050 14/05 Q1013 NOSIG,M
LFPG,2026-03-22 17:30,55.40,41.00,58.27,20.00,7.00,0.00,29.91,M,6.21,M,FEW,M,M,M,4200.00,M,M,M,M,M,M,M,M,M,M,55.40,LFPG 221730Z 02007KT 360V100 9999 FEW042 13/05 Q1013 NOSIG,M
LFPG,2026-03-22 18:00,53.60,41.00,62.22,10.00,7.00,0.00,29.94,M,6.21,M,M,M,M,M,M,M,M,M,M,M,M,M,M,M,M,53.60,LFPG 221800Z 01007KT 290V090 CAVOK 12/05 Q1014 NOSIG,M
LFPG,2026-03-22 18:30,51.80,39.20,61.99,10.00,7.00,0.00,29.94,M,6.21,M,M,M,M,M,M,M,M,M,M,M,M,M,M,M,M,51.80,LFPG 221830Z 01007KT 330V120 CAVOK 11/04 Q1014 NOSIG,M
LFPG,2026-03-22 19:00,50.00,39.20,66.26,M,6.00,0.00,29.94,M,6.21,M,M,M,M,M,M,M,M,M,M,M,M,M,M,M,M,50.00,LFPG 221900Z VRB06KT CAVOK 10/04 Q1014 NOSIG,M
LFPG,2026-03-22 19:30,50.00,39.20,66.26,20.00,7.00,0.00,29.97,M,6.21,M,M,M,M,M,M,M,M,M,M,M,M,M,M,M,M,50.00,LFPG 221930Z 02007KT 360V110 CAVOK 10/04 Q1015 NOSIG,M
LFPG,2026-03-22 20:00,50.00,39.20,66.26,M,6.00,0.00,29.97,M,6.21,M,M,M,M,M,M,M,M,M,M,M,M,M,M,M,M,50.00,LFPG 222000Z VRB06KT CAVOK 10/04 Q1015 NOSIG,M
LFPG,2026-03-22 21:00,48.20,39.20,70.87,M,7.00,0.00,29.97,M,5.59,M,NSC,M,M,M,M,M,M,M,M,M,M,M,M,M,M,44.53,LFPG 222100Z VRB07KT 9000 NSC 09/04 Q1015 NOSIG,M
LFPG,2026-03-22 21:30,46.40,39.20,75.84,10.00,7.00,0.00,29.97,M,5.59,M,NSC,M,M,M,M,M,M,M,M,M,M,M,M,M,M,42.33,LFPG 222130Z 01007KT 240V050 9000 NSC 08/04 Q1015 NOSIG,M
LFPG,2026-03-22 22:00,46.40,39.20,75.84,360.00,7.00,0.00,29.97,M,4.97,M,NSC,M,M,M,M,M,M,M,M,M,M,M,M,M,M,42.33,LFPG 222200Z 36007KT 330V120 8000 NSC 08/04 Q1015 NOSIG,M
LFPG,2026-03-22 22:30,46.40,39.20,75.84,20.00,6.00,0.00,30.00,M,4.35,M,NSC,M,M,M,M,M,M,M,M,M,M,M,M,M,M,42.87,LFPG 222230Z 02006KT 360V100 7000 NSC 08/04 Q1016 NOSIG,M
LFPG,2026-03-22 23:00,44.60,39.20,81.20,10.00,8.00,0.00,30.00,M,4.35,M,NSC,M,M,M,M,M,M,M,M,M,M,M,M,M,M,39.63,LFPG 222300Z 01008KT 360V070 7000 NSC 07/04 Q1016 NOSIG,M
LFPG,2026-03-22 23:30,44.60,39.20,81.20,360.00,7.00,0.00,30.00,M,4.35,M,NSC,M,M,M,M,M,M,M,M,M,M,M,M,M,M,40.14,LFPG 222330Z 36007KT 330V120 7000 NSC 07/04 Q1016 NOSIG,M
LFPG,2026-03-23 00:00,44.60,39.20,81.20,360.00,8.00,0.00,30.00,M,3.73,M,NSC,M,M,M,M,M,M,M,M,M,M,M,M,M,M,39.63,LFPG 230000Z 36008KT 6000 NSC 07/04 Q1016 NOSIG,M
LFPG,2026-03-23 00:30,42.80,39.20,86.99,360.00,8.00,0.00,30.00,M,3.73,M,NSC,M,M,M,M,M,M,M,M,M,M,M,M,M,M,37.42,LFPG 230030Z 36008KT 6000 NSC 06/04 Q1016 NOSIG,M
LFPG,2026-03-23 01:00,42.80,39.20,86.99,20.00,7.00,0.00,30.00,M,3.73,M,NSC,M,M,M,M,M,M,M,M,M,M,M,M,M,M,37.94,LFPG 230100Z 02007KT 360V110 6000 NSC 06/04 Q1016 NOSIG,M
LFPG,2026-03-23 01:30,42.80,39.20,86.99,360.00,8.00,0.00,30.00,M,3.73,M,NSC,M,M,M,M,M,M,M,M,M,M,M,M,M,M,37.42,LFPG 230130Z 36008KT 6000 NSC 06/04 Q1016 NOSIG,M
LFPG,2026-03-23 02:00,42.80,39.20,86.99,10.00,4.00,0.00,30.00,M,3.73,M,NSC,M,M,M,M,M,M,M,M,M,M,M,M,M,M,40.03,LFPG 230200Z 01004KT 6000 NSC 06/04 Q1016 NOSIG,M
LFPG,2026-03-23 02:30,41.00,39.20,93.24,350.00,6.00,0.00,30.03,M,3.11,M,NSC,M,M,M,M,M,M,M,BR,M,M,M,M,M,M,36.37,LFPG 230230Z 35006KT 5000 BR NSC 05/04 Q1017 NOSIG,M
LFPG,2026-03-23 03:00,41.00,39.20,93.24,360.00,4.00,0.00,30.03,M,3.11,M,NSC,M,M,M,M,M,M,M,BR,M,M,M,M,M,M,37.93,LFPG 230300Z 36004KT 5000 BR NSC 05/04 Q1017 NOSIG,M
LFPG,2026-03-23 03:30,41.00,39.20,93.24,340.00,6.00,0.00,30.03,M,3.11,M,NSC,M,M,M,M,M,M,M,BR,M,M,M,M,M,M,36.37,LFPG 230330Z 34006KT 5000 BR NSC 05/04 Q1017 NOSIG,M
LFPG,2026-03-23 04:00,41.00,39.20,93.24,350.00,5.00,0.00,30.03,M,2.80,M,NSC,M,M,M,M,M,M,M,BR,M,M,M,M,M,M,37.08,LFPG 230400Z 35005KT 4500 BR NSC 05/04 Q1017 NOSIG,M
LFPG,2026-03-23 04:30,41.00,39.20,93.24,360.00,5.00,0.00,30.03,M,2.49,M,NSC,M,M,M,M,M,M,M,BR,M,M,M,M,M,M,37.08,LFPG 230430Z 36005KT 280V020 4000 BR NSC 05/04 Q1017 NOSIG,M
LFPG,2026-03-23 05:00,41.00,39.20,93.24,350.00,4.00,0.00,30.03,M,2.49,M,NSC,M,M,M,M,M,M,M,BR,M,M,M,M,M,M,37.93,LFPG 230500Z 35004KT 230V030 4000 BR NSC 05/04 Q1017 NOSIG,M
LFPG,2026-03-23 05:30,41.00,39.20,93.24,350.00,7.00,0.00,30.06,M,1.55,M,NSC,M,M,M,M,M,M,M,BR,M,M,M,M,M,M,35.75,LFPG 230530Z 35007KT 2500 BR NSC 05/04 Q1018 NOSIG,M
LFPG,2026-03-23 06:00,41.00,39.20,93.24,330.00,8.00,0.00,30.06,M,1.55,M,NSC,M,M,M,M,M,M,M,BR,M,M,M,M,M,M,35.20,LFPG 230600Z 33008KT 180V350 2500 BR NSC 05/04 Q1018 NOSIG,M
LFPG,2026-03-23 06:30,41.00,39.20,93.24,M,6.00,0.00,30.06,M,1.55,M,NSC,M,M,M,M,M,M,M,BR,M,M,M,M,M,M,36.37,LFPG 230630Z VRB06KT 2500 BR NSC 05/04 Q1018 NOSIG,M
LFPG,2026-03-23 07:00,41.00,39.20,93.24,360.00,7.00,0.00,30.09,M,1.55,M,NSC,M,M,M,M,M,M,M,BR,M,M,M,M,M,M,35.75,LFPG 230700Z 36007KT 250V020 2500 BR NSC 05/04 Q1019 NOSIG,M
LFPG,2026-03-23 07:30,42.80,41.00,93.29,M,6.00,0.00,30.09,M,1.55,M,NSC,M,M,M,M,M,M,M,BR,M,M,M,M,M,M,38.54,LFPG 230730Z VRB06KT 2500 BR NSC 06/05 Q1019 NOSIG,M
LFPG,2026-03-23 08:00,44.60,41.00,87.08,M,5.00,0.00,30.09,M,1.86,M,NSC,M,M,M,M,M,M,M,BR,M,M,M,M,M,M,41.36,LFPG 230800Z VRB05KT 3000 BR NSC 07/05 Q1019 NOSIG,M
LFPG,2026-03-23 08:30,46.40,42.80,87.18,M,6.00,0.00,30.12,M,2.49,M,NSC,M,M,M,M,M,M,M,BR,M,M,M,M,M,M,42.87,LFPG 230830Z VRB06KT 4000 BR NSC 08/06 Q1020 NOSIG,M
LFPG,2026-03-23 09:00,50.00,42.80,76.17,360.00,5.00,0.00,30.12,M,2.49,M,NSC,M,M,M,M,M,M,M,BR,M,M,M,M,M,M,50.00,LFPG 230900Z 36005KT 4000 BR NSC 10/06 Q1020 NOSIG,M
LFPG,2026-03-23 09:30,50.00,42.80,76.17,360.00,4.00,0.00,30.12,M,3.11,M,NSC,M,M,M,M,M,M,M,BR,M,M,M,M,M,M,50.00,LFPG 230930Z 36004KT 310V060 5000 BR NSC 10/06 Q1020 BECMG CAVOK,M
LFPG,2026-03-23 10:00,53.60,42.80,66.70,360.00,6.00,0.00,30.12,M,3.73,M,NSC,M,M,M,M,M,M,M,M,M,M,M,M,M,M,53.60,LFPG 231000Z 36006KT 6000 NSC 12/06 Q1020 NOSIG,M
LFPG,2026-03-23 10:30,55.40,42.80,62.46,350.00,5.00,0.00,30.15,M,3.73,M,NSC,M,M,M,M,M,M,M,M,M,M,M,M,M,M,55.40,LFPG 231030Z 35005KT 260V020 6000 NSC 13/06 Q1021 NOSIG,M
LFPG,2026-03-23 11:00,57.20,41.00,54.60,350.00,6.00,0.00,30.12,M,4.35,M,NSC,M,M,M,M,M,M,M,M,M,M,M,M,M,M,57.20,LFPG 231100Z 35006KT 300V050 7000 NSC 14/05 Q1020 NOSIG,M
LFPG,2026-03-23 11:30,59.00,39.20,47.72,360.00,7.00,0.00,30.12,M,4.97,M,FEW,M,M,M,4100.00,M,M,M,M,M,M,M,M,M,M,59.00,LFPG 231130Z 36007KT 310V050 8000 FEW041 15/04 Q1020 NOSIG,M
LFPG,2026-03-23 12:00,59.00,37.40,44.47,40.00,6.00,0.00,30.12,M,6.21,M,M,M,M,M,M,M,M,M,M,M,M,M,M,M,M,59.00,LFPG 231200Z 04006KT 350V090 CAVOK 15/03 Q1020 NOSIG,M
LFPG,2026-03-23 12:30,59.00,35.60,41.42,40.00,8.00,0.00,30.12,M,6.21,M,M,M,M,M,M,M,M,M,M,M,M,M,M,M,M,59.00,LFPG 231230Z 04008KT 360V070 CAVOK 15/02 Q1020 NOSIG,M
LFPG,2026-03-23 13:00,59.00,35.60,41.42,50.00,6.00,0.00,30.12,M,6.21,M,M,M,M,M,M,M,M,M,M,M,M,M,M,M,M,59.00,LFPG 231300Z 05006KT 350V090 CAVOK 15/02 Q1020 NOSIG,M
LFPG,2026-03-23 13:30,60.80,37.40,41.71,70.00,3.00,0.00,30.12,M,6.21,M,M,M,M,M,M,M,M,M,M,M,M,M,M,M,M,60.80,LFPG 231330Z 07003KT 010V140 CAVOK 16/03 Q1020 NOSIG,M
LFPG,2026-03-23 14:00,60.80,37.40,41.71,50.00,5.00,0.00,30.12,M,6.21,M,M,M,M,M,M,M,M,M,M,M,M,M,M,M,M,60.80,LFPG 231400Z 05005KT 340V110 CAVOK 16/03 Q1020 NOSIG,M
LFPG,2026-03-23 14:30,60.80,39.20,44.76,10.00,5.00,0.00,30.12,M,6.21,M,M,M,M,M,M,M,M,M,M,M,M,M,M,M,M,60.80,LFPG 231430Z 01005KT 320V050 CAVOK 16/04 Q1020 NOSIG,M
LFPG,2026-03-23 15:00,60.80,37.40,41.71,40.00,4.00,0.00,30.12,M,6.21,M,M,M,M,M,M,M,M,M,M,M,M,M,M,M,M,60.80,LFPG 231500Z 04004KT 350V090 CAVOK 16/03 Q1020 NOSIG,M
LFPG,2026-03-23 15:30,60.80,37.40,41.71,M,1.00,0.00,30.12,M,6.21,M,M,M,M,M,M,M,M,M,M,M,M,M,M,M,M,60.80,LFPG 231530Z VRB01KT CAVOK 16/03 Q1020 NOSIG,M
LFPG,2026-03-23 16:00,60.80,37.40,41.71,20.00,3.00,0.00,30.12,M,6.21,M,M,M,M,M,M,M,M,M,M,M,M,M,M,M,M,60.80,LFPG 231600Z 02003KT 320V060 CAVOK 16/03 Q1020 NOSIG,M
LFPG,2026-03-23 16:30,60.80,37.40,41.71,20.00,3.00,0.00,30.12,M,6.21,M,M,M,M,M,M,M,M,M,M,M,M,M,M,M,M,60.80,LFPG 231630Z 02003KT 350V050 CAVOK 16/03 Q1020 NOSIG,M
LFPG,2026-03-23 17:00,59.00,37.40,44.47,320.00,5.00,0.00,30.12,M,6.21,M,M,M,M,M,M,M,M,M,M,M,M,M,M,M,M,59.00,LFPG 231700Z 32005KT 260V360 CAVOK 15/03 Q1020 NOSIG,M
LFPG,2026-03-23 17:30,59.00,39.20,47.72,350.00,3.00,0.00,30.15,M,6.21,M,M,M,M,M,M,M,M,M,M,M,M,M,M,M,M,59.00,LFPG 231730Z 35003KT CAVOK 15/04 Q1021 NOSIG,M
LFPG,2026-03-23 18:00,57.20,37.40,47.44,340.00,5.00,0.00,30.15,M,6.21,M,M,M,M,M,M,M,M,M,M,M,M,M,M,M,M,57.20,LFPG 231800Z 34005KT 250V030 CAVOK 14/03 Q1021 NOSIG,M
LFPG,2026-03-23 19:00,53.60,37.40,54.07,30.00,5.00,0.00,30.15,M,6.21,M,M,M,M,M,M,M,M,M,M,M,M,M,M,M,M,53.60,LFPG 231900Z 03005KT 350V140 CAVOK 12/03 Q1021 NOSIG,M
LFPG,2026-03-23 19:30,53.60,37.40,54.07,30.00,4.00,0.00,30.18,M,6.21,M,M,M,M,M,M,M,M,M,M,M,M,M,M,M,M,53.60,LFPG 231930Z 03004KT 010V120 CAVOK 12/03 Q1022 NOSIG,M
LFPG,2026-03-23 20:00,53.60,37.40,54.07,40.00,5.00,0.00,30.18,M,6.21,M,M,M,M,M,M,M,M,M,M,M,M,M,M,M,M,53.60,LFPG 232000Z 04005KT 020V080 CAVOK 12/03 Q1022 NOSIG,M
LFPG,2026-03-23 20:30,51.80,37.40,57.76,40.00,5.00,0.00,30.18,M,6.21,M,M,M,M,M,M,M,M,M,M,M,M,M,M,M,M,51.80,LFPG 232030Z 04005KT 020V100 CAVOK 11/03 Q1022 NOSIG,M
LFPG,2026-03-23 21:00,51.80,37.40,57.76,40.00,5.00,0.00,30.18,M,6.21,M,M,M,M,M,M,M,M,M,M,M,M,M,M,M,M,51.80,LFPG 232100Z 04005KT CAVOK 11/03 Q1022 NOSIG,M
LFPG,2026-03-23 21:30,50.00,37.40,61.75,50.00,4.00,0.00,30.18,M,6.21,M,M,M,M,M,M,M,M,M,M,M,M,M,M,M,M,50.00,LFPG 232130Z 05004KT 010V080 CAVOK 10/03 Q1022 NOSIG,M
LFPG,2026-03-23 22:00,48.20,37.40,66.04,220.00,4.00,0.00,30.18,M,6.21,M,M,M,M,M,M,M,M,M,M,M,M,M,M,M,M,46.34,LFPG 232200Z 22004KT CAVOK 09/03 Q1022 NOSIG,M
LFPG,2026-03-23 22:30,48.20,37.40,66.04,240.00,2.00,0.00,30.18,M,6.21,M,M,M,M,M,M,M,M,M,M,M,M,M,M,M,M,48.20,LFPG 232230Z 24002KT CAVOK 09/03 Q1022 NOSIG,M
LFPG,2026-03-23 23:00,46.40,37.40,70.67,M,2.00,0.00,30.18,M,6.21,M,M,M,M,M,M,M,M,M,M,M,M,M,M,M,M,46.40,LFPG 232300Z VRB02KT CAVOK 08/03 Q1022 NOSIG,M
LFPG,2026-03-23 23:30,48.20,37.40,66.04,0.00,0.00,0.00,30.18,M,5.59,M,NSC,M,M,M,M,M,M,M,M,M,M,M,M,M,M,48.20,LFPG 232330Z 00000KT 9000 NSC 09/03 Q1022 NOSIG,M
LFPG,2026-03-24 00:00,46.40,37.40,70.67,M,2.00,0.00,30.18,M,5.59,M,NSC,M,M,M,M,M,M,M,M,M,M,M,M,M,M,46.40,LFPG 240000Z VRB02KT 9000 NSC 08/03 Q1022 NOSIG,M
LFPG,2026-03-24 00:30,46.40,37.40,70.67,0.00,0.00,0.00,30.18,M,5.59,M,NSC,M,M,M,M,M,M,M,M,M,M,M,M,M,M,46.40,LFPG 240030Z 00000KT 9000 NSC 08/03 Q1022 NOSIG,M
LFPG,2026-03-24 01:00,46.40,39.20,75.84,0.00,0.00,0.00,30.18,M,5.59,M,NSC,M,M,M,M,M,M,M,M,M,M,M,M,M,M,46.40,LFPG 240100Z 00000KT 9000 NSC 08/04 Q1022 NOSIG,M
LFPG,2026-03-24 01:30,46.40,39.20,75.84,0.00,0.00,0.00,30.18,M,4.97,M,NSC,M,M,M,M,M,M,M,M,M,M,M,M,M,M,46.40,LFPG 240130Z 00000KT 8000 NSC 08/04 Q1022 NOSIG,M
LFPG,2026-03-24 02:00,46.40,39.20,75.84,240.00,3.00,0.00,30.18,M,4.97,M,NSC,M,M,M,M,M,M,M,M,M,M,M,M,M,M,45.15,LFPG 240200Z 24003KT 8000 NSC 08/04 Q1022 NOSIG,M
LFPG,2026-03-24 02:30,46.40,39.20,75.84,270.00,4.00,0.00,30.18,M,4.35,M,NSC,M,M,M,M,M,M,M,M,M,M,M,M,M,M,44.24,LFPG 240230Z 27004KT 7000 NSC 08/04 Q1022 NOSIG,M
LFPG,2026-03-24 03:00,46.40,39.20,75.84,250.00,5.00,0.00,30.18,M,3.73,M,NSC,M,M,M,M,M,M,M,M,M,M,M,M,M,M,43.50,LFPG 240300Z 25005KT 6000 NSC 08/04 Q1022 NOSIG,M
LFPG,2026-03-24 03:30,46.40,39.20,75.84,230.00,4.00,0.00,30.18,M,3.73,M,NSC,M,M,M,M,M,M,M,M,M,M,M,M,M,M,44.24,LFPG 240330Z 23004KT 6000 NSC 08/04 Q1022 NOSIG,M
LFPG,2026-03-24 04:00,46.40,39.20,75.84,260.00,5.00,0.00,30.18,M,3.73,M,NSC,M,M,M,M,M,M,M,M,M,M,M,M,M,M,43.50,LFPG 240400Z 26005KT 6000 NSC 08/04 Q1022 NOSIG,M
LFPG,2026-03-24 04:30,46.40,39.20,75.84,260.00,4.00,0.00,30.15,M,3.73,M,NSC,M,M,M,M,M,M,M,M,M,M,M,M,M,M,44.24,LFPG 240430Z 26004KT 6000 NSC 08/04 Q1021 NOSIG,M
LFPG,2026-03-24 05:00,44.60,39.20,81.20,190.00,3.00,0.00,30.15,M,3.73,M,NSC,M,M,M,M,M,M,M,M,M,M,M,M,M,M,43.09,LFPG 240500Z 19003KT 6000 NSC 07/04 Q1021 NOSIG,M
LFPG,2026-03-24 05:30,44.60,39.20,81.20,190.00,4.00,0.00,30.15,M,3.73,M,NSC,M,M,M,M,M,M,M,M,M,M,M,M,M,M,42.13,LFPG 240530Z 19004KT 6000 NSC 07/04 Q1021 NOSIG,M
LFPG,2026-03-24 05:38,44.60,39.20,81.20,190.00,3.00,0.00,30.15,M,2.73,M,NSC,M,M,M,M,M,M,M,BR,M,M,M,M,M,M,43.09,COR LFPG 240538Z 19003KT 4400 BR NSC 07/04 Q1021 NOSIG,M
LFPG,2026-03-24 06:00,44.60,39.20,81.20,210.00,2.00,0.00,30.15,M,2.49,M,NSC,M,M,M,M,M,M,M,BR,M,M,M,M,M,M,44.60,LFPG 240600Z 21002KT 4000 BR NSC 07/04 Q1021 NOSIG,M
LFPG,2026-03-24 06:30,44.60,41.00,87.08,M,2.00,0.00,30.18,M,2.49,M,NSC,M,M,M,M,M,M,M,BR,M,M,M,M,M,M,44.60,LFPG 240630Z VRB02KT 4000 BR NSC 07/05 Q1022 NOSIG,M
LFPG,2026-03-24 07:00,46.40,41.00,81.33,170.00,3.00,0.00,30.15,M,2.49,M,NSC,M,M,M,M,M,M,M,BR,M,M,M,M,M,M,45.15,LFPG 240700Z 17003KT 4000 BR NSC 08/05 Q1021 NOSIG,M
LFPG,2026-03-24 07:30,48.20,41.00,76.01,180.00,5.00,0.00,30.15,M,2.80,M,NSC,M,M,M,M,M,M,M,BR,M,M,M,M,M,M,45.63,LFPG 240730Z 18005KT 4500 BR NSC 09/05 Q1021 BECMG CAVOK,M
LFPG,2026-03-24 08:00,48.20,41.00,76.01,200.00,4.00,0.00,30.18,M,3.11,M,NSC,M,M,M,M,M,M,M,M,M,M,M,M,M,M,46.34,LFPG 240800Z 20004KT 180V270 5000 NSC 09/05 Q1022 BECMG CAVOK,M
LFPG,2026-03-24 08:30,51.80,42.80,71.26,190.00,5.00,0.00,30.18,M,3.73,M,NSC,M,M,M,M,M,M,M,M,M,M,M,M,M,M,51.80,LFPG 240830Z 19005KT 140V220 6000 NSC 11/06 Q1022 NOSIG,M
LFPG,2026-03-24 09:00,53.60,42.80,66.70,210.00,8.00,0.00,30.15,M,3.73,M,NSC,M,M,M,M,M,M,M,M,M,M,M,M,M,M,53.60,LFPG 240900Z 21008KT 6000 NSC 12/06 Q1021 NOSIG,M
LFPG,2026-03-24 09:30,57.20,42.80,58.52,230.00,8.00,0.00,30.15,M,4.35,M,NSC,M,M,M,M,M,M,M,M,M,M,M,M,M,M,57.20,LFPG 240930Z 23008KT 200V270 7000 NSC 14/06 Q1021 NOSIG,M
LFPG,2026-03-24 10:00,59.00,41.00,51.18,250.00,12.00,0.00,30.15,M,4.35,M,NSC,M,M,M,M,M,M,M,M,M,M,M,M,M,M,59.00,LFPG 241000Z 25012KT 7000 NSC 15/05 Q1021 NOSIG,M
LFPG,2026-03-24 10:30,59.00,37.40,44.47,240.00,12.00,0.00,30.15,M,5.59,M,NSC,M,M,M,M,M,M,M,M,M,M,M,M,M,M,59.00,LFPG 241030Z 24012KT 9000 NSC 15/03 Q1021 NOSIG,M
LFPG,2026-03-24 11:00,60.80,37.40,41.71,240.00,12.00,0.00,30.15,M,6.21,M,M,M,M,M,M,M,M,M,M,M,M,M,M,M,M,60.80,LFPG 241100Z 24012KT 210V270 CAVOK 16/03 Q1021 NOSIG,M
LFPG,2026-03-24 11:30,62.60,37.40,39.14,250.00,11.00,0.00,30.15,M,6.21,M,M,M,M,M,M,M,M,M,M,M,M,M,M,M,M,62.60,LFPG 241130Z 25011KT 220V290 CAVOK 17/03 Q1021 NOSIG,M
LFPG,2026-03-24 12:00,62.60,37.40,39.14,220.00,9.00,0.00,30.12,M,6.21,20.00,M,M,M,M,M,M,M,M,M,M,M,M,M,M,M,62.60,LFPG 241200Z 22009G20KT 190V250 CAVOK 17/03 Q1020 NOSIG,M
LFPG,2026-03-24 12:30,62.60,35.60,36.45,230.00,11.00,0.00,30.12,M,6.21,M,M,M,M,M,M,M,M,M,M,M,M,M,M,M,M,62.60,LFPG 241230Z 23011KT CAVOK 17/02 Q1020 NOSIG,M
LFPG,2026-03-24 13:00,64.40,35.60,34.23,230.00,12.00,0.00,30.09,M,6.21,M,M,M,M,M,M,M,M,M,M,M,M,M,M,M,M,64.40,LFPG 241300Z 23012KT 170V260 CAVOK 18/02 Q1019 NOSIG,M
LFPG,2026-03-24 13:30,64.40,37.40,36.75,240.00,11.00,0.00,30.09,M,6.21,M,M,M,M,M,M,M,M,M,M,M,M,M,M,M,M,64.40,LFPG 241330Z 24011KT 200V260 CAVOK 18/03 Q1019 NOSIG,M
LFPG,2026-03-24 14:00,66.20,37.40,34.52,220.00,15.00,0.00,30.06,M,6.21,M,M,M,M,M,M,M,M,M,M,M,M,M,M,M,M,66.20,LFPG 241400Z 22015KT CAVOK 19/03 Q1018 NOSIG,M
LFPG,2026-03-24 14:30,64.40,39.20,39.44,210.00,12.00,0.00,30.06,M,6.21,M,M,M,M,M,M,M,M,M,M,M,M,M,M,M,M,64.40,LFPG 241430Z 21012KT CAVOK 18/04 Q1018 NOSIG,M
LFPG,2026-03-24 15:00,64.40,37.40,36.75,210.00,15.00,0.00,30.03,M,6.21,26.00,M,M,M,M,M,M,M,M,M,M,M,M,M,M,M,64.40,LFPG 241500Z 21015G26KT CAVOK 18/03 Q1017 NOSIG,M
LFPG,2026-03-24 15:30,64.40,39.20,39.44,220.00,15.00,0.00,30.03,M,6.21,M,M,M,M,M,M,M,M,M,M,M,M,M,M,M,M,64.40,LFPG 241530Z 22015KT CAVOK 18/04 Q1017 NOSIG,M
LFPG,2026-03-24 16:08,62.60,39.20,42.00,210.00,14.00,0.00,30.00,M,6.21,M,M,M,M,M,M,M,M,M,M,M,M,M,M,M,M,62.60,LFPG 241608Z 21014KT CAVOK 17/04 Q1016 NOSIG,M
LFPG,2026-03-24 16:30,62.60,41.00,45.05,210.00,17.00,0.00,30.00,M,6.21,M,M,M,M,M,M,M,M,M,M,M,M,M,M,M,M,62.60,LFPG 241630Z 21017KT CAVOK 17/05 Q1016 NOSIG,M
LFPG,2026-03-24 17:00,62.60,41.00,45.05,210.00,15.00,0.00,30.00,M,6.21,M,M,M,M,M,M,M,M,M,M,M,M,M,M,M,M,62.60,LFPG 241700Z 21015KT CAVOK 17/05 Q1016 NOSIG,M
LFPG,2026-03-24 17:30,60.80,41.00,48.01,210.00,12.00,0.00,30.00,M,6.21,M,M,M,M,M,M,M,M,M,M,M,M,M,M,M,M,60.80,LFPG 241730Z 21012KT CAVOK 16/05 Q1016 NOSIG,M
LFPG,2026-03-24 18:00,60.80,41.00,48.01,210.00,15.00,0.00,29.97,M,6.21,M,M,M,M,M,M,M,M,M,M,M,M,M,M,M,M,60.80,LFPG 241800Z 21015KT CAVOK 16/05 Q1015 NOSIG,M
LFPG,2026-03-24 18:30,59.00,41.00,51.18,220.00,15.00,0.00,29.97,M,6.21,M,M,M,M,M,M,M,M,M,M,M,M,M,M,M,M,59.00,LFPG 241830Z 22015KT CAVOK 15/05 Q1015 NOSIG,M
LFPG,2026-03-24 19:00,59.00,41.00,51.18,210.00,14.00,0.00,29.97,M,6.21,M,M,M,M,M,M,M,M,M,M,M,M,M,M,M,M,59.00,LFPG 241900Z 21014KT CAVOK 15/05 Q1015 NOSIG,M
LFPG,2026-03-24 19:30,59.00,41.00,51.18,220.00,14.00,0.00,29.97,M,6.21,M,M,M,M,M,M,M,M,M,M,M,M,M,M,M,M,59.00,LFPG 241930Z 22014KT CAVOK 15/05 Q1015 NOSIG,M
LFPG,2026-03-24 20:00,57.20,41.00,54.60,210.00,13.00,0.00,29.94,M,6.21,M,M,M,M,M,M,M,M,M,M,M,M,M,M,M,M,57.20,LFPG 242000Z 21013KT CAVOK 14/05 Q1014 TEMPO 24015G25KT,M
LFPG,2026-03-24 20:30,57.20,41.00,54.60,220.00,16.00,0.00,29.94,M,6.21,M,M,M,M,M,M,M,M,M,M,M,M,M,M,M,M,57.20,LFPG 242030Z 22016KT CAVOK 14/05 Q1014 TEMPO 24015G25KT,M
LFPG,2026-03-24 21:00,57.20,39.20,50.91,210.00,13.00,0.00,29.91,M,6.21,M,M,M,M,M,M,M,M,M,M,M,M,M,M,M,M,57.20,LFPG 242100Z 21013KT CAVOK 14/04 Q1013 TEMPO 24015G25KT,M
LFPG,2026-03-24 21:30,57.20,39.20,50.91,220.00,16.00,0.00,29.88,M,6.21,M,M,M,M,M,M,M,M,M,M,M,M,M,M,M,M,57.20,LFPG 242130Z 22016KT CAVOK 14/04 Q1012 TEMPO 24015G25KT,M
LFPG,2026-03-24 22:00,55.40,39.20,54.33,220.00,17.00,0.00,29.88,M,6.21,M,M,M,M,M,M,M,M,M,M,M,M,M,M,M,M,55.40,LFPG 242200Z 22017KT CAVOK 13/04 Q1012 TEMPO 24015G25KT,M
LFPG,2026-03-24 22:30,55.40,37.40,50.63,210.00,16.00,0.00,29.85,M,6.21,M,M,M,M,M,M,M,M,M,M,M,M,M,M,M,M,55.40,LFPG 242230Z 21016KT CAVOK 13/03 Q1011 TEMPO 24015G25KT,M
LFPG,2026-03-24 23:00,55.40,33.80,43.89,220.00,15.00,0.00,29.85,M,6.21,M,M,M,M,M,M,M,M,M,M,M,M,M,M,M,M,55.40,LFPG 242300Z 22015KT CAVOK 13/01 Q1011 TEMPO 24015G25KT,M
LFPG,2026-03-24 23:30,53.60,32.00,43.60,230.00,15.00,0.00,29.85,M,6.21,M,M,M,M,M,M,M,M,M,M,M,M,M,M,M,M,53.60,LFPG 242330Z 23015KT CAVOK 12/00 Q1011 TEMPO 24015G25KT,M
LFPG,2026-03-25 00:00,53.60,33.80,46.87,240.00,17.00,0.00,29.85,M,6.21,M,M,M,M,M,M,M,M,M,M,M,M,M,M,M,M,53.60,LFPG 250000Z 24017KT CAVOK 12/01 Q1011 TEMPO 24015G25KT,M
LFPG,2026-03-25 00:30,51.80,37.40,57.76,250.00,18.00,0.00,29.85,M,6.21,29.00,BKN,M,M,M,2600.00,M,M,M,M,M,M,M,M,M,M,51.80,LFPG 250030Z 25018G29KT 9999 BKN026 11/03 Q1011 TEMPO 24015G25KT,M
LFPG,2026-03-25 01:00,50.00,39.20,66.26,240.00,17.00,0.00,29.83,M,6.21,M,BKN,M,M,M,2500.00,M,M,M,M,M,M,M,M,M,M,50.00,LFPG 250100Z 24017KT 9999 BKN025 10/04 Q1010 TEMPO 24015G25KT,M
LFPG,2026-03-25 01:30,50.00,41.00,71.06,240.00,17.00,0.00,29.83,M,6.21,M,BKN,SCT,M,M,2300.00,4000.00,M,M,M,M,M,M,M,M,M,50.00,LFPG 250130Z 24017KT 9999 BKN023 SCT040 10/05 Q1010 TEMPO 24020G35KT,M
LFPG,2026-03-25 02:00,50.00,42.80,76.17,240.00,15.00,0.00,29.80,M,6.21,M,BKN,SCT,M,M,2100.00,4000.00,M,M,M,M,M,M,M,M,M,50.00,LFPG 250200Z 24015KT 9999 BKN021 SCT040 10/06 Q1009 TEMPO 24020G35KT,M
LFPG,2026-03-25 02:30,51.80,42.80,71.26,230.00,16.00,0.00,29.80,M,6.21,M,BKN,M,M,M,2000.00,M,M,M,M,M,M,M,M,M,M,51.80,LFPG 250230Z 23016KT 9999 BKN020 11/06 Q1009 TEMPO 24020G35KT 4000 RA BKN014,M
LFPG,2026-03-25 03:00,51.80,44.60,76.34,240.00,19.00,0.00,29.77,M,6.21,M,BKN,M,M,M,2000.00,M,M,M,M,M,M,M,M,M,M,51.80,LFPG 250300Z 24019KT 9999 BKN020 11/07 Q1008 TEMPO 24020G35KT 4000 RA BKN014,M
LFPG,2026-03-25 03:30,50.00,44.60,81.60,260.00,19.00,0.00,29.80,M,1.86,M,SCT,BKN,M,M,1400.00,1800.00,M,M,RA,M,M,M,M,M,M,50.00,LFPG 250330Z 26019KT 230V310 3000 RA SCT014 BKN018 10/07 Q1009 TEMPO 24020G35KT BKN014,M
LFPG,2026-03-25 04:00,46.40,42.80,87.18,270.00,18.00,0.00,29.80,M,3.73,M,FEW,BKN,M,M,1800.00,3100.00,M,M,-RA,M,M,M,M,M,M,38.70,LFPG 250400Z 27018KT 6000 -RA FEW018 BKN031 08/06 Q1009 TEMPO 24020G35KT,M
LFPG,2026-03-25 04:30,48.20,42.80,81.47,260.00,17.00,0.00,29.77,M,6.21,M,M,M,M,M,M,M,M,M,M,M,M,M,M,M,M,41.30,LFPG 250430Z 26017KT CAVOK 09/06 Q1008 TEMPO 28020G35KT 4000 -SHRA SCT020TCU,M
LFPG,2026-03-25 05:00,46.40,42.80,87.18,250.00,11.00,0.00,29.77,M,6.21,M,FEW,SCT,M,M,2000.00,6600.00,M,M,M,M,M,M,M,M,M,40.66,LFPG 250500Z 25011KT 9999 FEW020 SCT066 08/06 Q1008 TEMPO 28020G35KT 4000 -SHRA SCT020TCU,M
LFPG,2026-03-25 05:30,48.20,42.80,81.47,250.00,14.00,0.00,29.77,M,6.21,M,SCT,BKN,M,M,2500.00,5500.00,M,M,M,M,M,M,M,M,M,42.04,LFPG 250530Z 25014KT 9999 SCT025 BKN055 09/06 Q1008 TEMPO 28020G35KT 4000 -SHRA SCT020TCU,M
LFPG,2026-03-25 06:00,46.40,37.40,70.67,270.00,18.00,0.00,29.77,M,6.21,M,FEW,BKN,M,M,2300.00,5500.00,M,M,M,M,M,M,M,M,M,38.70,LFPG 250600Z 27018KT 9999 FEW023 BKN055 08/03 Q1008 TEMPO 28020G35KT 4000 -SHRA SCT020TCU,M
LFPG,2026-03-25 06:30,46.40,39.20,75.84,260.00,18.00,0.00,29.80,M,6.21,M,FEW,SCT,BKN,///,2400.00,2900.00,7000.00,M,M,M,M,M,M,M,M,38.70,LFPG 250630Z AUTO 26018KT 9999 FEW024/// SCT029/// BKN070/// ///CB 08/04 Q1009 TEMPO 28020G35KT 4000 -SHRA,M
LFPG,2026-03-25 07:00,44.60,39.20,81.20,270.00,14.00,0.00,29.80,M,6.21,M,SCT,BKN,BKN,///,2300.00,2800.00,7800.00,M,M,M,M,M,M,M,M,37.40,LFPG 250700Z AUTO 27014KT 9999 SCT023/// BKN028/// BKN078/// //////TCU 07/04 Q1009 TEMPO 28020G35KT 4000 -SHRA,M
LFPG,2026-03-25 07:30,46.40,39.20,75.84,270.00,16.00,0.00,29.80,M,6.21,M,BKN,BKN,BKN,M,2500.00,4400.00,8800.00,M,M,M,M,M,M,M,M,39.19,LFPG 250730Z AUTO 27016KT 9999 BKN025 BKN044 BKN088 08/04 Q1009 TEMPO 28020G35KT 4000 -SHRA SCT020TCU BKN025,M
LFPG,2026-03-25 08:00,46.40,37.40,70.67,270.00,16.00,0.00,29.80,M,6.21,M,BKN,BKN,BKN,M,2500.00,3700.00,5600.00,M,M,M,M,M,M,M,M,39.19,LFPG 250800Z AUTO 27016KT 9999 BKN025 BKN037 BKN056 08/03 Q1009 TEMPO 28020G35KT 4000 -SHRA SCT020TCU BKN025,M
LFPG,2026-03-25 08:30,44.60,37.40,75.67,280.00,23.00,0.00,29.80,M,6.21,34.00,BKN,BKN,OVC,///,2600.00,3200.00,5800.00,M,-RA,M,M,M,M,M,M,35.25,LFPG 250830Z AUTO 28023G34KT 9999 -RA BKN026/// BKN032/// OVC058/// //////CB 07/03 Q1009 TEMPO 4000 -SHRA,M
LFPG,2026-03-25 09:00,46.40,39.20,75.84,270.00,21.00,0.00,29.80,M,6.21,M,FEW,SCT,BKN,///,2700.00,6600.00,13000.00,M,M,M,M,M,M,M,M,38.06,LFPG 250900Z AUTO 27021KT 9999 FEW027/// SCT066/// BKN130/// ///CB 08/04 Q1009 TEMPO 28020G35KT 4000 -SHRA,M
LFPG,2026-03-25 09:30,44.60,37.40,75.67,280.00,21.00,0.00,29.80,M,6.21,M,BKN,BKN,BKN,///,1900.00,5400.00,7600.00,M,M,M,M,M,M,M,M,35.66,LFPG 250930Z AUTO 28021KT 9999 BKN019/// BKN054/// BKN076/// //////TCU 07/03 Q1009 TEMPO 28025G45KT 2000 -TSRAGS SCT020CB BKN025,M
LFPG,2026-03-25 10:00,44.60,39.20,81.20,280.00,19.00,0.00,29.83,M,6.21,M,BKN,BKN,BKN,///,1800.00,2400.00,3000.00,M,M,M,M,M,M,M,M,36.10,LFPG 251000Z AUTO 28019KT 9999 BKN018/// BKN024/// BKN030/// ///CB 07/04 Q1010 TEMPO 28025G45KT 2000 -TSRAGS,M
LFPG,2026-03-25 10:30,44.60,39.20,81.20,290.00,16.00,0.00,29.83,M,6.21,M,BKN,BKN,BKN,///,1900.00,2700.00,3700.00,M,M,M,M,M,M,M,M,36.84,LFPG 251030Z AUTO 29016KT 9999 BKN019/// BKN027/// BKN037/// ///CB 07/04 Q1010 TEMPO 28025G45KT 2000 -TSRAGS,M
LFPG,2026-03-25 11:00,44.60,41.00,87.08,280.00,16.00,0.00,29.83,M,6.21,M,BKN,BKN,BKN,///,1900.00,3000.00,4200.00,M,-RA,M,M,M,M,M,M,36.84,LFPG 251100Z AUTO 28016KT 9999 -RA BKN019/// BKN030/// BKN042/// ///CB 07/05 Q1010 TEMPO 28025G45KT 2000 -TSRAGS,M
LFPG,2026-03-25 11:30,42.80,39.20,86.99,310.00,13.00,0.00,29.83,M,4.35,M,SCT,BKN,BKN,///,1400.00,2000.00,2700.00,M,-RA,M,M,M,M,M,M,35.40,LFPG 251130Z AUTO 31013KT 270V340 7000 1800 R09R/1300U -RA SCT014/// BKN020/// BKN027/// //////TCU 06/04 Q1010 TEMPO 28025G45KT 2000 -TSRAGS SCT020CB BKN025,M
LFPG,2026-03-25 12:00,42.80,39.20,86.99,290.00,20.00,0.00,29.83,M,4.35,M,SCT,BKN,BKN,///,1700.00,2700.00,4600.00,M,-RA,M,M,M,M,M,M,33.48,LFPG 251200Z AUTO 29020KT 7000 2100 R09R/1300D R08R/1400D -RA SCT017/// BKN027/// BKN046/// ///CB 06/04 Q1010 TEMPO 28025G45KT 2000 -TSRAGS,M
LFPG,2026-03-25 12:30,46.40,42.80,87.18,290.00,19.00,0.00,29.83,M,6.21,M,FEW,SCT,BKN,///,1900.00,3100.00,6200.00,M,M,M,M,M,M,M,M,38.48,LFPG 251230Z AUTO 29019KT 9999 3600 FEW019/// SCT031/// BKN062/// ///CB 08/06 Q1010 TEMPO 28025G45KT 2000 -TSRAGS,M
LFPG,2026-03-25 13:00,42.80,39.20,86.99,310.00,23.00,0.00,29.85,M,4.35,M,BKN,BKN,OVC,///,1600.00,2500.00,3800.00,M,-RA,M,M,M,M,M,M,32.83,LFPG 251300Z AUTO 31023KT 7000 -RA BKN016/// BKN025/// OVC038/// //////CB 06/04 Q1011 TEMPO 28025G45KT 2000 -TSRAGS,M
LFPG,2026-03-25 13:30,44.60,39.20,81.20,310.00,18.00,0.00,29.85,M,4.35,M,BKN,BKN,BKN,///,1700.00,2400.00,3500.00,M,M,M,M,M,M,M,M,36.34,LFPG 251330Z AUTO 31018KT 7000 BKN017/// BKN024/// BKN035/// //////TCU 07/04 Q1011 TEMPO 30025G45KT 2500 -TSRAGS SCT025CB,M
LFPG,2026-03-25 14:00,44.60,39.20,81.20,310.00,20.00,0.00,29.85,M,4.35,M,BKN,BKN,BKN,///,2000.00,3500.00,5200.00,M,M,M,M,M,M,M,M,35.87,LFPG 251400Z AUTO 31020KT 7000 BKN020/// BKN035/// BKN052/// ///CB 07/04 Q1011 TEMPO 30025G45KT 2500 -TSRAGS,M
LFPG,2026-03-25 14:30,42.80,37.40,81.06,300.00,20.00,0.00,29.85,M,6.21,31.00,BKN,BKN,BKN,///,2300.00,3800.00,5800.00,M,M,M,M,M,M,M,M,33.48,LFPG 251430Z AUTO 30020G31KT 9999 BKN023/// BKN038/// BKN058/// //////TCU 06/03 Q1011 TEMPO 30025G45KT 2500 -TSRAGS SCT025CB,M
LFPG,2026-03-25 15:00,46.40,37.40,70.67,290.00,16.00,0.00,29.85,M,6.21,M,FEW,SCT,BKN,///,2900.00,4100.00,7000.00,M,M,M,M,M,M,M,M,39.19,LFPG 251500Z AUTO 29016KT 9999 FEW029/// SCT041/// BKN070/// ///CB 08/03 Q1011 TEMPO 30025G45KT 2500 -TSRAGS,M
LFPG,2026-03-25 15:30,44.60,35.60,70.47,300.00,23.00,0.00,29.88,M,6.21,33.00,SCT,SCT,BKN,///,3400.00,4800.00,7000.00,M,M,M,M,M,M,M,M,35.25,LFPG 251530Z AUTO 30023G33KT 9999 4200 SCT034/// SCT048/// BKN070/// //////CB 07/02 Q1012 TEMPO 30025G45KT 2500 -TSRAGS,M
LFPG,2026-03-25 16:00,46.40,37.40,70.67,300.00,15.00,0.00,29.88,M,6.21,M,FEW,SCT,BKN,///,3800.00,5400.00,7200.00,M,M,M,M,M,M,M,M,39.45,LFPG 251600Z AUTO 30015KT 9999 FEW038/// SCT054/// BKN072/// //////CB 08/03 Q1012 TEMPO 30025G45KT 2500 -TSRAGS,M
LFPG,2026-03-25 16:30,42.80,33.80,70.27,330.00,20.00,0.00,29.88,M,6.21,31.00,FEW,SCT,BKN,///,1900.00,4000.00,5400.00,M,-RA,M,M,M,M,M,M,33.48,LFPG 251630Z AUTO 33020G31KT 9999 -RA FEW019/// SCT040/// BKN054/// ///CB 06/01 Q1012 TEMPO 30025G45KT 2500 -TSRAGS,M
LFPG,2026-03-25 17:00,44.60,35.60,70.47,320.00,14.00,0.00,29.88,M,6.21,M,FEW,SCT,BKN,///,4600.00,8000.00,9800.00,M,-RA,M,M,M,M,M,M,37.40,LFPG 251700Z AUTO 32014KT 9999 -RA FEW046/// SCT080/// BKN098/// //////TCU 07/02 Q1012 TEMPO 30025G45KT 2500 -TSRAGS SCT025CB,M
LFPG,2026-03-25 17:30,44.60,33.80,65.59,310.00,16.00,0.00,29.88,M,6.21,27.00,FEW,SCT,BKN,///,3200.00,4700.00,6400.00,M,M,M,M,M,M,M,M,36.84,LFPG 251730Z AUTO 31016G27KT 9999 FEW032/// SCT047/// BKN064/// ///TCU 07/01 Q1012 TEMPO 2000 -TSRAGS SCT020CB BKN025,M
LFPG,2026-03-25 18:00,44.60,32.00,61.01,300.00,16.00,0.00,29.91,M,6.21,26.00,SCT,SCT,BKN,///,4800.00,5800.00,8000.00,M,M,M,M,M,M,M,M,36.84,LFPG 251800Z AUTO 30016G26KT 9999 SCT048/// SCT058/// BKN080/// ///CB 07/00 Q1013 TEMPO 2000 -TSRAGS,M
LFPG,2026-03-25 18:30,39.20,33.80,80.78,340.00,20.00,0.00,29.94,M,4.35,32.00,FEW,SCT,BKN,M,1200.00,1900.00,3300.00,M,M,M,M,M,M,M,M,28.70,LFPG 251830Z 34020G32KT 7000 FEW012CB SCT019CB BKN033CB 04/01 Q1014 TEMPO 34020G35KT 2000 -TSRAGS SCT020CB,M
LFPG,2026-03-25 19:00,39.20,33.80,80.78,300.00,10.00,0.00,29.94,M,6.21,M,FEW,SCT,BKN,M,1600.00,5000.00,7000.00,M,M,M,M,M,M,M,M,32.00,LFPG 251900Z 30010KT 9999 FEW016 SCT050 BKN070 04/01 Q1014 TEMPO 32015G25KT 4000 -SHRA SCT020TCU,M
LFPG,2026-03-25 19:30,37.40,33.80,86.69,280.00,9.00,0.00,29.94,M,6.21,M,M,M,M,M,M,M,M,M,M,M,M,M,M,M,M,30.23,LFPG 251930Z 28009KT CAVOK 03/01 Q1014 TEMPO 32015G25KT 4000 -SHRA SCT020TCU,M
LFPG,2026-03-25 20:00,39.20,33.80,80.78,270.00,7.00,0.00,29.97,M,6.21,M,M,M,M,M,M,M,M,M,M,M,M,M,M,M,M,33.56,LFPG 252000Z 27007KT CAVOK 04/01 Q1015 TEMPO 32015G25KT 4000 -SHRA SCT020TCU,M
LFPG,2026-03-25 20:30,37.40,33.80,86.69,280.00,8.00,0.00,29.97,M,6.21,M,M,M,M,M,M,M,M,M,M,M,M,M,M,M,M,30.76,LFPG 252030Z 28008KT CAVOK 03/01 Q1015 TEMPO 32015G25KT 4000 -SHRA SCT020TCU,M
LFPG,2026-03-25 21:00,37.40,33.80,86.69,280.00,10.00,0.00,29.97,M,6.21,M,FEW,M,M,M,4000.00,M,M,M,M,M,M,M,M,M,M,29.74,LFPG 252100Z 28010KT 9999 FEW040 03/01 Q1015 TEMPO -SHRA FEW020TCU,M
LFPG,2026-03-25 21:30,37.40,33.80,86.69,290.00,9.00,0.00,29.97,M,6.21,M,M,M,M,M,M,M,M,M,M,M,M,M,M,M,M,30.23,LFPG 252130Z 29009KT CAVOK 03/01 Q1015 TEMPO -SHRA FEW020TCU,M
LFPG,2026-03-25 22:00,39.20,33.80,80.78,300.00,14.00,0.00,29.97,M,6.21,M,SCT,M,M,M,4000.00,M,M,M,M,M,M,M,M,M,M,30.44,LFPG 252200Z 30014KT 9999 SCT040 04/01 Q1015 TEMPO -SHRA FEW020TCU,M
LFPG,2026-03-25 22:30,39.20,33.80,80.78,300.00,10.00,0.00,30.00,M,6.21,M,M,M,M,M,M,M,M,M,M,M,M,M,M,M,M,32.00,LFPG 252230Z 30010KT CAVOK 04/01 Q1016 NOSIG,M
LFPG,2026-03-25 23:00,39.20,33.80,80.78,310.00,13.00,0.00,30.00,M,6.21,M,FEW,M,M,M,4300.00,M,M,M,M,M,M,M,M,M,M,30.79,LFPG 252300Z 31013KT 9999 FEW043 04/01 Q1016 NOSIG,M
LFPG,2026-03-25 23:30,39.20,33.80,80.78,300.00,10.00,0.00,30.00,M,6.21,M,FEW,M,M,M,3800.00,M,M,M,M,M,M,M,M,M,M,32.00,LFPG 252330Z 30010KT 9999 FEW038 04/01 Q1016 NOSIG,M
LFPG,2026-03-26 00:00,39.20,33.80,80.78,280.00,8.00,0.00,30.00,M,6.21,M,FEW,M,M,M,3800.00,M,M,M,M,M,M,M,M,M,M,32.98,LFPG 260000Z 28008KT 9999 FEW038 04/01 Q1016 NOSIG,M
LFPG,2026-03-26 00:30,37.40,33.80,86.69,290.00,8.00,0.00,30.00,M,6.21,M,FEW,M,M,M,3800.00,M,M,M,M,M,M,M,M,M,M,30.76,LFPG 260030Z 29008KT 9999 FEW038 03/01 Q1016 NOSIG,M
LFPG,2026-03-26 01:00,37.40,33.80,86.69,300.00,6.00,0.00,30.00,M,6.21,M,FEW,M,M,M,3300.00,M,M,M,M,M,M,M,M,M,M,32.03,LFPG 260100Z 30006KT 9999 FEW033 03/01 Q1016 NOSIG,M
LFPG,2026-03-26 01:30,37.40,33.80,86.69,270.00,6.00,0.00,30.00,M,6.21,M,M,M,M,M,M,M,M,M,M,M,M,M,M,M,M,32.03,LFPG 260130Z 27006KT CAVOK 03/01 Q1016 NOSIG,M
LFPG,2026-03-26 02:00,35.60,33.80,93.08,290.00,6.00,0.00,30.03,M,6.21,M,FEW,M,M,M,3600.00,M,M,M,M,M,M,M,M,M,M,29.87,LFPG 260200Z 29006KT 9999 FEW036 02/01 Q1017 NOSIG,M
LFPG,2026-03-26 02:30,35.60,32.00,86.58,290.00,5.00,0.00,30.03,M,6.21,M,FEW,M,M,M,3600.00,M,M,M,M,M,M,M,M,M,M,30.67,LFPG 260230Z 29005KT 9999 FEW036 02/00 Q1017 NOSIG,M
LFPG,2026-03-26 03:00,35.60,32.00,86.58,M,3.00,0.00,30.03,M,6.21,M,M,M,M,M,M,M,M,M,M,M,M,M,M,M,M,32.80,LFPG 260300Z VRB03KT CAVOK 02/00 Q1017 NOSIG,M
LFPG,2026-03-26 03:30,35.60,32.00,86.58,300.00,6.00,0.00,30.03,M,6.21,M,M,M,M,M,M,M,M,M,M,M,M,M,M,M,M,29.87,LFPG 260330Z 30006KT CAVOK 02/00 Q1017 NOSIG,M
LFPG,2026-03-26 04:00,37.40,32.00,80.64,280.00,9.00,0.00,30.03,M,6.21,M,M,M,M,M,M,M,M,M,M,M,M,M,M,M,M,30.23,LFPG 260400Z 28009KT CAVOK 03/00 Q1017 NOSIG,M
LFPG,2026-03-26 04:30,37.40,33.80,86.69,290.00,8.00,0.00,30.06,M,6.21,M,M,M,M,M,M,M,M,M,M,M,M,M,M,M,M,30.76,LFPG 260430Z 29008KT CAVOK 03/01 Q1018 NOSIG,M
LFPG,2026-03-26 05:00,37.40,33.80,86.69,290.00,9.00,0.00,30.06,M,6.21,M,M,M,M,M,M,M,M,M,M,M,M,M,M,M,M,30.23,LFPG 260500Z 29009KT CAVOK 03/01 Q1018 NOSIG,M
LFPG,2026-03-26 05:30,37.40,33.80,86.69,290.00,8.00,0.00,30.06,M,6.21,M,M,M,M,M,M,M,M,M,M,M,M,M,M,M,M,30.76,LFPG 260530Z 29008KT CAVOK 03/01 Q1018 NOSIG,M
LFPG,2026-03-26 06:00,37.40,33.80,86.69,280.00,7.00,0.00,30.09,M,6.21,M,M,M,M,M,M,M,M,M,M,M,M,M,M,M,M,31.36,LFPG 260600Z 28007KT CAVOK 03/01 Q1019 NOSIG,M
LFPG,2026-03-26 06:30,39.20,35.60,86.79,320.00,8.00,0.00,30.09,M,6.21,M,M,M,M,M,M,M,M,M,M,M,M,M,M,M,M,32.98,LFPG 260630Z 32008KT CAVOK 04/02 Q1019 NOSIG,M
LFPG,2026-03-26 07:00,39.20,35.60,86.79,320.00,8.00,0.00,30.09,M,6.21,M,M,M,M,M,M,M,M,M,M,M,M,M,M,M,M,32.98,LFPG 260700Z 32008KT CAVOK 04/02 Q1019 NOSIG,M
LFPG,2026-03-26 07:30,41.00,35.60,80.92,330.00,9.00,0.00,30.12,M,6.21,M,M,M,M,M,M,M,M,M,M,M,M,M,M,M,M,34.70,LFPG 260730Z 33009KT CAVOK 05/02 Q1020 NOSIG,M
LFPG,2026-03-26 08:00,42.80,35.60,75.49,340.00,10.00,0.00,30.12,M,6.21,M,FEW,M,M,M,1700.00,M,M,M,M,M,M,M,M,M,M,36.51,LFPG 260800Z 34010KT 9999 FEW017 06/02 Q1020 NOSIG,M
LFPG,2026-03-26 08:30,42.80,35.60,75.49,340.00,11.00,0.00,30.12,M,6.21,M,FEW,M,M,M,2000.00,M,M,M,M,M,M,M,M,M,M,36.11,LFPG 260830Z 34011KT 310V010 9999 FEW020 06/02 Q1020 NOSIG,M
LFPG,2026-03-26 09:00,44.60,35.60,70.47,330.00,10.00,0.00,30.15,M,6.21,M,SCT,M,M,M,2200.00,M,M,M,M,M,M,M,M,M,M,38.77,LFPG 260900Z 33010KT 300V010 9999 SCT022 07/02 Q1021 NOSIG,M
LFPG,2026-03-26 09:30,44.60,33.80,65.59,350.00,12.00,0.00,30.15,M,6.21,M,BKN,M,M,M,2400.00,M,M,M,M,M,M,M,M,M,M,38.04,LFPG 260930Z 35012KT 9999 BKN024 07/01 Q1021 NOSIG,M
LFPG,2026-03-26 10:00,46.40,35.60,65.82,360.00,9.00,0.00,30.15,M,6.21,M,FEW,BKN,M,M,3000.00,5800.00,M,M,M,M,M,M,M,M,M,41.42,LFPG 261000Z 36009KT 330V030 9999 FEW030 BKN058 08/02 Q1021 TEMPO SCT025TCU,M
LFPG,2026-03-26 10:30,42.80,33.80,70.27,340.00,6.00,0.00,30.15,M,6.21,M,FEW,BKN,M,M,3000.00,5800.00,M,M,-SHRA,M,M,M,M,M,M,38.54,LFPG 261030Z 34006KT 300V010 9999 -SHRA FEW030CB BKN058 06/01 Q1021 TEMPO SCT025TCU,M
LFPG,2026-03-26 11:00,44.60,33.80,65.59,330.00,9.00,0.00,30.15,M,6.21,M,FEW,BKN,M,M,3100.00,5800.00,M,M,-SHRA,M,M,M,M,M,M,39.18,LFPG 261100Z 33009KT 9999 -SHRA FEW031CB BKN058 07/01 Q1021 TEMPO SHGSRA SCT025TCU,M
LFPG,2026-03-26 11:30,46.40,32.00,56.99,330.00,11.00,0.00,30.15,M,6.21,M,SCT,BKN,M,M,3400.00,4500.00,M,M,M,M,M,M,M,M,M,40.66,LFPG 261130Z 33011KT 9999 SCT034 BKN045 08/00 Q1021 TEMPO SHGSRA SCT025TCU,M
LFPG,2026-03-26 12:00,44.60,33.80,65.59,10.00,9.00,0.00,30.15,M,6.21,M,FEW,BKN,M,M,2600.00,4300.00,M,M,M,M,M,M,M,M,M,39.18,LFPG 261200Z 01009KT 340V040 9999 FEW026CB BKN043 07/01 Q1021 RESHGS TEMPO SHGSRA SCT025TCU,M
LFPG,2026-03-26 12:30,41.00,33.80,75.32,340.00,12.00,0.00,30.15,M,6.21,M,FEW,BKN,M,M,1200.00,3300.00,M,M,-SHRA,M,M,M,M,M,M,33.46,LFPG 261230Z 34012KT 290V020 9999 -SHRA FEW012CB BKN033 05/01 Q1021 NOSIG,M
LFPG,2026-03-26 13:00,42.80,37.40,81.06,360.00,9.00,0.00,30.15,M,6.21,M,FEW,SCT,M,M,1200.00,4300.00,M,M,M,M,M,M,M,M,M,36.94,LFPG 261300Z 36009KT 9999 FEW012CB SCT043 06/03 Q1021 NOSIG,M
LFPG,2026-03-26 13:30,48.20,35.60,61.50,350.00,9.00,0.00,30.15,M,6.21,M,FEW,BKN,M,M,1200.00,26000.00,M,M,M,M,M,M,M,M,M,43.66,LFPG 261330Z 35009KT 310V020 9999 FEW012CB BKN260 09/02 Q1021 NOSIG,M
LFPG,2026-03-26 14:00,50.00,33.80,53.52,320.00,11.00,0.00,30.12,M,6.21,M,M,M,M,M,M,M,M,M,M,M,M,M,M,M,M,50.00,LFPG 261400Z 32011KT CAVOK 10/01 Q1020 NOSIG,M
LFPG,2026-03-26 14:30,50.00,35.60,57.51,320.00,11.00,0.00,30.12,M,6.21,M,M,M,M,M,M,M,M,M,M,M,M,M,M,M,M,50.00,LFPG 261430Z 32011KT CAVOK 10/02 Q1020 NOSIG,M
LFPG,2026-03-26 15:00,51.80,30.20,43.30,330.00,16.00,0.00,30.12,M,6.21,28.00,M,M,M,M,M,M,M,M,M,M,M,M,M,M,M,51.80,LFPG 261500Z 33016G28KT 280V010 CAVOK 11/M01 Q1020 NOSIG,M
LFPG,2026-03-26 15:30,51.80,24.80,34.67,330.00,14.00,0.00,30.12,M,6.21,M,M,M,M,M,M,M,M,M,M,M,M,M,M,M,M,51.80,LFPG 261530Z 33014KT 310V010 CAVOK 11/M04 Q1020 NOSIG,M
LFPG,2026-03-26 16:00,48.20,24.80,39.63,340.00,14.00,0.00,30.12,M,6.21,M,M,M,M,M,M,M,M,M,M,M,M,M,M,M,M,42.04,LFPG 261600Z 34014KT CAVOK 09/M04 Q1020 NOSIG,M
LFPG,2026-03-26 16:30,50.00,26.60,39.93,330.00,17.00,0.00,30.12,M,6.21,M,M,M,M,M,M,M,M,M,M,M,M,M,M,M,M,50.00,LFPG 261630Z 33017KT CAVOK 10/M03 Q1020 NOSIG,M
LFPG,2026-03-26 17:00,48.20,26.60,42.71,320.00,17.00,0.00,30.15,M,6.21,M,M,M,M,M,M,M,M,M,M,M,M,M,M,M,M,41.30,LFPG 261700Z 32017KT CAVOK 09/M03 Q1021 NOSIG,M
LFPG,2026-03-26 17:30,46.40,26.60,45.70,330.00,16.00,0.00,30.15,M,6.21,M,M,M,M,M,M,M,M,M,M,M,M,M,M,M,M,39.19,LFPG 261730Z 33016KT CAVOK 08/M03 Q1021 NOSIG,M
LFPG,2026-03-26 18:00,44.60,28.40,52.70,330.00,12.00,0.00,30.18,M,6.21,M,FEW,SCT,M,M,4600.00,6600.00,M,M,M,M,M,M,M,M,M,38.04,LFPG 261800Z 33012KT 9999 FEW046 SCT066 07/M02 Q1022 NOSIG,M
LFPG,2026-03-26 18:30,44.60,28.40,52.70,330.00,11.00,0.00,30.18,M,6.21,M,FEW,SCT,M,M,4600.00,16000.00,M,M,M,M,M,M,M,M,M,38.39,LFPG 261830Z 33011KT 9999 FEW046 SCT160 07/M02 Q1022 NOSIG,M
LFPG,2026-03-26 19:00,42.80,28.40,56.46,340.00,9.00,0.00,30.18,M,6.21,M,FEW,BKN,M,M,4600.00,16000.00,M,M,M,M,M,M,M,M,M,36.94,LFPG 261900Z 34009KT 9999 FEW046 BKN160 06/M02 Q1022 NOSIG,M
LFPG,2026-03-26 19:30,41.00,28.40,60.52,350.00,10.00,0.00,30.21,M,6.21,M,M,M,M,M,M,M,M,M,M,M,M,M,M,M,M,34.25,LFPG 261930Z 35010KT CAVOK 05/M02 Q1023 NOSIG,M
LFPG,2026-03-26 20:00,41.00,28.40,60.52,340.00,8.00,0.00,30.21,M,6.21,M,M,M,M,M,M,M,M,M,M,M,M,M,M,M,M,35.20,LFPG 262000Z 34008KT CAVOK 05/M02 Q1023 NOSIG,M
LFPG,2026-03-26 20:30,39.20,28.40,64.91,350.00,4.00,0.00,30.21,M,6.21,M,M,M,M,M,M,M,M,M,M,M,M,M,M,M,M,35.83,LFPG 262030Z 35004KT CAVOK 04/M02 Q1023 NOSIG,M
LFPG,2026-03-26 21:00,39.20,28.40,64.91,330.00,5.00,0.00,30.24,M,6.21,M,M,M,M,M,M,M,M,M,M,M,M,M,M,M,M,34.95,LFPG 262100Z 33005KT CAVOK 04/M02 Q1024 NOSIG,M
LFPG,2026-03-26 21:30,37.40,28.40,69.65,350.00,3.00,0.00,30.24,M,6.21,M,M,M,M,M,M,M,M,M,M,M,M,M,M,M,M,34.86,LFPG 262130Z 35003KT 330V070 CAVOK 03/M02 Q1024 NOSIG,M
LFPG,2026-03-26 22:00,37.40,28.40,69.65,50.00,3.00,0.00,30.24,M,6.21,M,M,M,M,M,M,M,M,M,M,M,M,M,M,M,M,34.86,LFPG 262200Z 05003KT CAVOK 03/M02 Q1024 NOSIG,M
LFPG,2026-03-26 22:30,37.40,28.40,69.65,10.00,3.00,0.00,30.24,M,6.21,M,M,M,M,M,M,M,M,M,M,M,M,M,M,M,M,34.86,LFPG 262230Z 01003KT CAVOK 03/M02 Q1024 NOSIG,M
LFPG,2026-03-26 23:00,35.60,28.40,74.79,30.00,3.00,0.00,30.24,M,6.21,M,M,M,M,M,M,M,M,M,M,M,M,M,M,M,M,32.80,LFPG 262300Z 03003KT CAVOK 02/M02 Q1024 NOSIG,M
LFPG,2026-03-26 23:30,37.40,28.40,69.65,90.00,4.00,0.00,30.24,M,6.21,M,M,M,M,M,M,M,M,M,M,M,M,M,M,M,M,33.73,LFPG 262330Z 09004KT CAVOK 03/M02 Q1024 NOSIG,M
